[debug] [2026-10-07T15:50:03.047Z] ----------------------------------------------------------------------
[debug] [2026-10-07T15:50:03.052Z] Command:       /usr/local/Cellar/node/24.2.0/bin/node /usr/local/bin/firebase deploy --only functions
[debug] [2026-10-07T15:50:03.052Z] CLI Version:   14.19.1
[debug] [2026-10-07T15:50:03.052Z] Platform:      darwin
[debug] [2026-10-07T15:50:03.053Z] Node Version:  v24.2.0
[debug] [2026-10-07T15:50:03.053Z] Time:          Wed Oct 07 2026 15:50:03 GMT+0000 (Greenwich Mean Time)
[debug] [2026-10-07T15:50:03.053Z] ----------------------------------------------------------------------
[debug] 
[debug] [2026-10-07T15:50:03.347Z] > command requires scopes: ["email","openid","https://www.googleapis.com/auth/cloudplatformprojects.readonly","https://www.googleapis.com/auth/firebase","https://www.googleapis.com/auth/cloud-platform"]
[debug] [2026-10-07T15:50:03.348Z] > authorizing via signed-in user (yjbdanquah@gmail.com)
[debug] [2026-10-07T15:50:03.348Z] [iam] checking project linkifyurl for permissions ["cloudfunctions.functions.create","cloudfunctions.functions.delete","cloudfunctions.functions.get","cloudfunctions.functions.list","cloudfunctions.functions.update","cloudfunctions.operations.get","firebase.projects.get"]
[debug] [2026-10-07T15:50:03.350Z] Checked if tokens are valid: true, expires at: 1791391707805
[debug] [2026-10-07T15:50:03.350Z] Checked if tokens are valid: true, expires at: 1791391707805
[debug] [2026-10-07T15:50:03.351Z] >>> [apiv2][query] POST https://cloudresourcemanager.googleapis.com/v1/projects/linkifyurl:testIamPermissions [none]
[debug] [2026-10-07T15:50:03.351Z] >>> [apiv2][(partial)header] POST https://cloudresourcemanager.googleapis.com/v1/projects/linkifyurl:testIamPermissions x-goog-quota-user=projects/linkifyurl
[debug] [2026-10-07T15:50:03.351Z] >>> [apiv2][body] POST https://cloudresourcemanager.googleapis.com/v1/projects/linkifyurl:testIamPermissions {"permissions":["cloudfunctions.functions.create","cloudfunctions.functions.delete","cloudfunctions.functions.get","cloudfunctions.functions.list","cloudfunctions.functions.update","cloudfunctions.operations.get","firebase.projects.get"]}
[debug] [2026-10-07T15:50:04.444Z] <<< [apiv2][status] POST https://cloudresourcemanager.googleapis.com/v1/projects/linkifyurl:testIamPermissions 200
[debug] [2026-10-07T15:50:04.444Z] <<< [apiv2][body] POST https://cloudresourcemanager.googleapis.com/v1/projects/linkifyurl:testIamPermissions {"permissions":["cloudfunctions.functions.create","cloudfunctions.functions.delete","cloudfunctions.functions.get","cloudfunctions.functions.list","cloudfunctions.functions.update","cloudfunctions.operations.get","firebase.projects.get"]}
[debug] [2026-10-07T15:50:04.444Z] Checked if tokens are valid: true, expires at: 1791391707805
[debug] [2026-10-07T15:50:04.444Z] Checked if tokens are valid: true, expires at: 1791391707805
[debug] [2026-10-07T15:50:04.445Z] >>> [apiv2][query] POST https://iam.googleapis.com/v1/projects/linkifyurl/serviceAccounts/linkifyurl@appspot.gserviceaccount.com:testIamPermissions [none]
[debug] [2026-10-07T15:50:04.445Z] >>> [apiv2][body] POST https://iam.googleapis.com/v1/projects/linkifyurl/serviceAccounts/linkifyurl@appspot.gserviceaccount.com:testIamPermissions {"permissions":["iam.serviceAccounts.actAs"]}
[debug] [2026-10-07T15:50:05.975Z] <<< [apiv2][status] POST https://iam.googleapis.com/v1/projects/linkifyurl/serviceAccounts/linkifyurl@appspot.gserviceaccount.com:testIamPermissions 404
[debug] [2026-10-07T15:50:05.975Z] <<< [apiv2][body] POST https://iam.googleapis.com/v1/projects/linkifyurl/serviceAccounts/linkifyurl@appspot.gserviceaccount.com:testIamPermissions {"error":{"code":404,"message":"Unknown service account","status":"NOT_FOUND"}}
[debug] [2026-10-07T15:50:05.975Z] [functions] service account IAM check errored, deploy may fail: Request to https://iam.googleapis.com/v1/projects/linkifyurl/serviceAccounts/linkifyurl@appspot.gserviceaccount.com:testIamPermissions had HTTP Error: 404, Unknown service account {"name":"FirebaseError","children":[],"context":{"body":{"error":{"code":404,"message":"Unknown service account","status":"NOT_FOUND"}},"response":{"statusCode":404}},"exit":1,"message":"Request to https://iam.googleapis.com/v1/projects/linkifyurl/serviceAccounts/linkifyurl@appspot.gserviceaccount.com:testIamPermissions had HTTP Error: 404, Unknown service account","status":404}
[info] 
[info] === Deploying to 'linkifyurl'...
[info] 
[info] i  deploying functions 
[info] Running command: npm run build -w shared-models
[info] Running command: mkdir -p functions/libs/shared-models
[info] Running command: cp -r shared-models/dist functions/libs/shared-models/
[info] Running command: cp shared-models/package.json functions/libs/shared-models/
[info] Running command: npm --prefix "$RESOURCE_DIR" run build
[info] ✔  functions: Finished running predeploy script. 
[debug] [2026-10-07T15:50:12.420Z] Checked if tokens are valid: true, expires at: 1791391707805
[debug] [2026-10-07T15:50:12.420Z] Checked if tokens are valid: true, expires at: 1791391707805
[debug] [2026-10-07T15:50:12.420Z] >>> [apiv2][query] GET https://cloudresourcemanager.googleapis.com/v1/projects/linkifyurl [none]
[debug] [2026-10-07T15:50:13.203Z] <<< [apiv2][status] GET https://cloudresourcemanager.googleapis.com/v1/projects/linkifyurl 200
[debug] [2026-10-07T15:50:13.203Z] <<< [apiv2][body] GET https://cloudresourcemanager.googleapis.com/v1/projects/linkifyurl {"projectNumber":"296797983995","projectId":"linkifyurl","lifecycleState":"ACTIVE","name":"iNNkie","labels":{"firebase":"enabled","firebase-core":"disabled"},"createTime":"2025-09-25T00:06:14.164017Z"}
[info] i  functions: preparing codebase default for deployment 
[info] i  functions: ensuring required API cloudfunctions.googleapis.com is enabled... 
[info] i  functions: ensuring required API cloudbuild.googleapis.com is enabled... 
[info] i  artifactregistry: ensuring required API artifactregistry.googleapis.com is enabled... 
[debug] [2026-10-07T15:50:13.206Z] Checked if tokens are valid: true, expires at: 1791391707805
[debug] [2026-10-07T15:50:13.206Z] Checked if tokens are valid: true, expires at: 1791391707805
[debug] [2026-10-07T15:50:13.206Z] >>> [apiv2][query] GET https://firebase.googleapis.com/v1beta1/projects/linkifyurl/adminSdkConfig [none]
[debug] [2026-10-07T15:50:14.133Z] <<< [apiv2][status] GET https://firebase.googleapis.com/v1beta1/projects/linkifyurl/adminSdkConfig 200
[debug] [2026-10-07T15:50:14.133Z] <<< [apiv2][body] GET https://firebase.googleapis.com/v1beta1/projects/linkifyurl/adminSdkConfig {"projectId":"linkifyurl","storageBucket":"linkifyurl.firebasestorage.app"}
[debug] [2026-10-07T15:50:14.133Z] Checked if tokens are valid: true, expires at: 1791391707805
[debug] [2026-10-07T15:50:14.134Z] Checked if tokens are valid: true, expires at: 1791391707805
[debug] [2026-10-07T15:50:14.134Z] >>> [apiv2][query] GET https://runtimeconfig.googleapis.com/v1beta1/projects/linkifyurl/configs [none]
[debug] [2026-10-07T15:50:15.416Z] <<< [apiv2][status] GET https://runtimeconfig.googleapis.com/v1beta1/projects/linkifyurl/configs 200
[debug] [2026-10-07T15:50:15.417Z] <<< [apiv2][body] GET https://runtimeconfig.googleapis.com/v1beta1/projects/linkifyurl/configs {}
[debug] [2026-10-07T15:50:15.418Z] Validating nodejs source
[warn] ⚠  functions: Runtime Node.js 20 was deprecated on 2026-04-30 and will be decommissioned on 2026-10-30, after which you will not be able to deploy without upgrading. Consider upgrading now to avoid disruption. See https://cloud.google.com/functions/docs/runtime-support for full details on the lifecycle policy 
[warn] ⚠  functions: package.json indicates an outdated version of firebase-functions. Please upgrade using npm install --save firebase-functions@latest in your functions directory. 
[warn] ⚠  functions: Please note that there will be breaking changes when you upgrade. 
[debug] [2026-10-07T15:50:16.709Z] > [functions] package.json contents: {
  "name": "functions",
  "scripts": {
    "lint": "eslint --ext .js,.ts .",
    "build": "tsc",
    "build:watch": "tsc --watch",
    "serve": "npm run build && firebase emulators:start --only functions",
    "shell": "npm run build && firebase functions:shell",
    "start": "npm run shell",
    "deploy": "firebase deploy --only functions",
    "logs": "firebase functions:log"
  },
  "engines": {
    "node": "20"
  },
  "main": "lib/index.js",
  "dependencies": {
    "@innkie/shared-models": "file:./libs/shared-models",
    "firebase-admin": "^13.5.0",
    "firebase-functions": "^6.5.0",
    "nodemailer": "^7.0.9"
  },
  "devDependencies": {
    "@types/nodemailer": "^7.0.2",
    "@typescript-eslint/eslint-plugin": "^5.12.0",
    "@typescript-eslint/parser": "^5.12.0",
    "eslint": "^8.57.1",
    "eslint-config-google": "^0.14.0",
    "eslint-plugin-import": "^2.25.4",
    "firebase-functions-test": "^3.1.0",
    "globals": "^16.4.0",
    "typescript": "^5.7.3",
    "typescript-eslint": "^8.46.1"
  },
  "private": true
}
[debug] [2026-10-07T15:50:16.710Z] Building nodejs source
[info] i  functions: Loading and analyzing source code for codebase default to determine what to deploy 
[debug] [2026-10-07T15:50:16.711Z] Could not find functions.yaml. Must use http discovery
[debug] [2026-10-07T15:50:16.732Z] Found firebase-functions binary at '/Users/yjbdanquah/Documents/my_code/url-shortner/node_modules/.bin/firebase-functions'
[info] Serving at port 8141

[info] ✅ Firebase Admin initialized

[debug] [2026-10-07T15:50:18.247Z] Got response from /__/functions.yaml {"endpoints":{"healthCheck":{"availableMemoryMb":null,"timeoutSeconds":null,"minInstances":null,"maxInstances":null,"ingressSettings":null,"concurrency":null,"serviceAccountEmail":null,"vpc":null,"platform":"gcfv2","labels":{},"httpsTrigger":{},"entryPoint":"healthCheck"},"callable_sendShortenedEmail":{"availableMemoryMb":null,"timeoutSeconds":null,"minInstances":null,"maxInstances":null,"ingressSettings":null,"concurrency":null,"serviceAccountEmail":null,"vpc":null,"platform":"gcfv2","secretEnvironmentVariables":[{"key":"gmailUser"},{"key":"gmailPass"}],"labels":{},"callableTrigger":{},"entryPoint":"callable_sendShortenedEmail"},"callable_sendWelcomeEmail":{"availableMemoryMb":null,"timeoutSeconds":null,"minInstances":null,"maxInstances":null,"ingressSettings":null,"concurrency":null,"serviceAccountEmail":null,"vpc":null,"platform":"gcfv2","secretEnvironmentVariables":[{"key":"gmailUser"},{"key":"gmailPass"}],"labels":{},"callableTrigger":{},"entryPoint":"callable_sendWelcomeEmail"},"trigger_onUserCreated_Welcome":{"availableMemoryMb":null,"timeoutSeconds":null,"minInstances":null,"maxInstances":null,"ingressSettings":null,"concurrency":null,"serviceAccountEmail":null,"vpc":null,"platform":"gcfv2","secretEnvironmentVariables":[{"key":"gmailUser"},{"key":"gmailPass"}],"labels":{},"eventTrigger":{"eventType":"google.cloud.firestore.document.v1.created","eventFilters":{"database":"(default)","namespace":"(default)"},"eventFilterPathPatterns":{"document":"users/{userId}"},"retry":false},"entryPoint":"trigger_onUserCreated_Welcome"},"trigger_onUrlShortened_Confirmation":{"availableMemoryMb":null,"timeoutSeconds":null,"minInstances":null,"maxInstances":null,"ingressSettings":null,"concurrency":null,"serviceAccountEmail":null,"vpc":null,"platform":"gcfv2","secretEnvironmentVariables":[{"key":"gmailUser"},{"key":"gmailPass"}],"labels":{},"eventTrigger":{"eventType":"google.cloud.firestore.document.v1.created","eventFilters":{"database":"(default)","namespace":"(default)"},"eventFilterPathPatterns":{"document":"shortUrls/{shortCode}"},"retry":false},"entryPoint":"trigger_onUrlShortened_Confirmation"},"onPlatformEvent_Aggregator":{"availableMemoryMb":null,"timeoutSeconds":null,"minInstances":null,"maxInstances":null,"ingressSettings":null,"concurrency":null,"serviceAccountEmail":null,"vpc":null,"platform":"gcfv2","labels":{},"eventTrigger":{"eventType":"google.cloud.firestore.document.v1.created","eventFilters":{"database":"(default)","namespace":"(default)"},"eventFilterPathPatterns":{"document":"platformEvents/{eventId}"},"retry":false},"entryPoint":"onPlatformEvent_Aggregator"},"onClick_Aggregator":{"availableMemoryMb":null,"timeoutSeconds":null,"minInstances":null,"maxInstances":null,"ingressSettings":null,"concurrency":null,"serviceAccountEmail":null,"vpc":null,"platform":"gcfv2","labels":{},"eventTrigger":{"eventType":"google.cloud.firestore.document.v1.created","eventFilters":{"database":"(default)","namespace":"(default)"},"eventFilterPathPatterns":{"document":"shortUrls/{shortCode}/clicks/{clickId}"},"retry":false},"entryPoint":"onClick_Aggregator"}},"specVersion":"v1alpha1","requiredAPIs":[],"extensions":{},"params":[{"type":"secret","name":"gmailUser"},{"type":"secret","name":"gmailPass"}]}
[info] i  extensions: ensuring required API firebaseextensions.googleapis.com is enabled... 
[debug] [2026-10-07T15:50:22.286Z] > command requires scopes: ["email","openid","https://www.googleapis.com/auth/cloudplatformprojects.readonly","https://www.googleapis.com/auth/firebase","https://www.googleapis.com/auth/cloud-platform"]
[debug] [2026-10-07T15:50:22.286Z] > authorizing via signed-in user (yjbdanquah@gmail.com)
[debug] [2026-10-07T15:50:22.286Z] [iam] checking project linkifyurl for permissions ["firebase.projects.get","firebaseextensions.instances.list"]
[debug] [2026-10-07T15:50:22.286Z] Checked if tokens are valid: true, expires at: 1791391707805
[debug] [2026-10-07T15:50:22.286Z] Checked if tokens are valid: true, expires at: 1791391707805
[debug] [2026-10-07T15:50:22.286Z] >>> [apiv2][query] POST https://cloudresourcemanager.googleapis.com/v1/projects/linkifyurl:testIamPermissions [none]
[debug] [2026-10-07T15:50:22.286Z] >>> [apiv2][(partial)header] POST https://cloudresourcemanager.googleapis.com/v1/projects/linkifyurl:testIamPermissions x-goog-quota-user=projects/linkifyurl
[debug] [2026-10-07T15:50:22.286Z] >>> [apiv2][body] POST https://cloudresourcemanager.googleapis.com/v1/projects/linkifyurl:testIamPermissions {"permissions":["firebase.projects.get","firebaseextensions.instances.list"]}
[debug] [2026-10-07T15:50:23.405Z] <<< [apiv2][status] POST https://cloudresourcemanager.googleapis.com/v1/projects/linkifyurl:testIamPermissions 200
[debug] [2026-10-07T15:50:23.406Z] <<< [apiv2][body] POST https://cloudresourcemanager.googleapis.com/v1/projects/linkifyurl:testIamPermissions {"permissions":["firebase.projects.get","firebaseextensions.instances.list"]}
[debug] [2026-10-07T15:50:23.406Z] Checked if tokens are valid: true, expires at: 1791391707805
[debug] [2026-10-07T15:50:23.406Z] Checked if tokens are valid: true, expires at: 1791391707805
[debug] [2026-10-07T15:50:23.406Z] >>> [apiv2][query] GET https://firebaseextensions.googleapis.com/v1beta/projects/linkifyurl/instances pageSize=100&pageToken=
[debug] [2026-10-07T15:50:25.253Z] <<< [apiv2][status] GET https://firebaseextensions.googleapis.com/v1beta/projects/linkifyurl/instances 200
[debug] [2026-10-07T15:50:25.254Z] <<< [apiv2][body] GET https://firebaseextensions.googleapis.com/v1beta/projects/linkifyurl/instances {}
[debug] [2026-10-07T15:50:25.255Z] Checked if tokens are valid: true, expires at: 1791391707805
[debug] [2026-10-07T15:50:25.255Z] Checked if tokens are valid: true, expires at: 1791391707805
[debug] [2026-10-07T15:50:25.255Z] >>> [apiv2][query] GET https://secretmanager.googleapis.com/v1/projects/linkifyurl/secrets/gmailUser [none]
[debug] [2026-10-07T15:50:26.091Z] <<< [apiv2][status] GET https://secretmanager.googleapis.com/v1/projects/linkifyurl/secrets/gmailUser 200
[debug] [2026-10-07T15:50:26.092Z] <<< [apiv2][body] GET https://secretmanager.googleapis.com/v1/projects/linkifyurl/secrets/gmailUser {"name":"projects/296797983995/secrets/gmailUser","replication":{"automatic":{}},"createTime":"2025-10-13T21:09:55.937805Z","labels":{"firebase-managed":"functions"},"etag":"\"164110b087a4e9\""}
[debug] [2026-10-07T15:50:26.092Z] Checked if tokens are valid: true, expires at: 1791391707805
[debug] [2026-10-07T15:50:26.092Z] Checked if tokens are valid: true, expires at: 1791391707805
[debug] [2026-10-07T15:50:26.092Z] >>> [apiv2][query] GET https://secretmanager.googleapis.com/v1/projects/linkifyurl/secrets/gmailUser/versions/latest [none]
[debug] [2026-10-07T15:50:26.428Z] <<< [apiv2][status] GET https://secretmanager.googleapis.com/v1/projects/linkifyurl/secrets/gmailUser/versions/latest 200
[debug] [2026-10-07T15:50:26.428Z] <<< [apiv2][body] GET https://secretmanager.googleapis.com/v1/projects/linkifyurl/secrets/gmailUser/versions/latest {"name":"projects/296797983995/secrets/gmailUser/versions/1","createTime":"2025-10-13T21:09:58.800907Z","state":"ENABLED","replicationStatus":{"automatic":{}},"etag":"\"164110b09fae0b\""}
[debug] [2026-10-07T15:50:26.428Z] Checked if tokens are valid: true, expires at: 1791391707805
[debug] [2026-10-07T15:50:26.429Z] Checked if tokens are valid: true, expires at: 1791391707805
[debug] [2026-10-07T15:50:26.429Z] >>> [apiv2][query] GET https://secretmanager.googleapis.com/v1/projects/linkifyurl/secrets/gmailPass [none]
[debug] [2026-10-07T15:50:26.818Z] <<< [apiv2][status] GET https://secretmanager.googleapis.com/v1/projects/linkifyurl/secrets/gmailPass 200
[debug] [2026-10-07T15:50:26.818Z] <<< [apiv2][body] GET https://secretmanager.googleapis.com/v1/projects/linkifyurl/secrets/gmailPass {"name":"projects/296797983995/secrets/gmailPass","replication":{"automatic":{}},"createTime":"2025-10-13T21:10:37.328925Z","labels":{"firebase-managed":"functions"},"etag":"\"164110b2f15dc4\""}
[debug] [2026-10-07T15:50:26.818Z] Checked if tokens are valid: true, expires at: 1791391707805
[debug] [2026-10-07T15:50:26.818Z] Checked if tokens are valid: true, expires at: 1791391707805
[debug] [2026-10-07T15:50:26.818Z] >>> [apiv2][query] GET https://secretmanager.googleapis.com/v1/projects/linkifyurl/secrets/gmailPass/versions/latest [none]
[debug] [2026-10-07T15:50:27.105Z] <<< [apiv2][status] GET https://secretmanager.googleapis.com/v1/projects/linkifyurl/secrets/gmailPass/versions/latest 200
[debug] [2026-10-07T15:50:27.105Z] <<< [apiv2][body] GET https://secretmanager.googleapis.com/v1/projects/linkifyurl/secrets/gmailPass/versions/latest {"name":"projects/296797983995/secrets/gmailPass/versions/1","createTime":"2025-10-13T21:10:39.341172Z","state":"ENABLED","replicationStatus":{"automatic":{}},"etag":"\"164110b30a4674\""}
[info] i  functions: preparing functions directory for uploading... 
[info] i  functions: packaged /Users/yjbdanquah/Documents/my_code/url-shortner/functions (43.86 KB) for uploading 
[debug] [2026-10-07T15:50:27.209Z] Checked if tokens are valid: true, expires at: 1791391707805
[debug] [2026-10-07T15:50:27.209Z] Checked if tokens are valid: true, expires at: 1791391707805
[debug] [2026-10-07T15:50:27.209Z] >>> [apiv2][query] GET https://cloudfunctions.googleapis.com/v1/projects/linkifyurl/locations/-/functions [none]
[debug] [2026-10-07T15:50:28.567Z] <<< [apiv2][status] GET https://cloudfunctions.googleapis.com/v1/projects/linkifyurl/locations/-/functions 200
[debug] [2026-10-07T15:50:28.568Z] <<< [apiv2][body] GET https://cloudfunctions.googleapis.com/v1/projects/linkifyurl/locations/-/functions {}
[debug] [2026-10-07T15:50:28.568Z] Checked if tokens are valid: true, expires at: 1791391707805
[debug] [2026-10-07T15:50:28.568Z] Checked if tokens are valid: true, expires at: 1791391707805
[debug] [2026-10-07T15:50:28.568Z] >>> [apiv2][query] GET https://cloudfunctions.googleapis.com/v2/projects/linkifyurl/locations/-/functions filter=environment%3D%22GEN_2%22
[debug] [2026-10-07T15:50:29.684Z] <<< [apiv2][status] GET https://cloudfunctions.googleapis.com/v2/projects/linkifyurl/locations/-/functions 200
[debug] [2026-10-07T15:50:29.684Z] <<< [apiv2][body] GET https://cloudfunctions.googleapis.com/v2/projects/linkifyurl/locations/-/functions {"functions":[{"name":"projects/linkifyurl/locations/us-central1/functions/callable_sendShortenedEmail","buildConfig":{"build":"projects/296797983995/locations/us-central1/builds/dc6af990-3744-4973-887f-5e8affb8b053","runtime":"nodejs20","entryPoint":"callable_sendShortenedEmail","source":{"storageSource":{"bucket":"gcf-v2-sources-296797983995-us-central1","object":"callable_sendShortenedEmail/function-source.zip","generation":"1778495414195727"}},"environmentVariables":{"GOOGLE_NODE_RUN_SCRIPTS":""},"dockerRepository":"projects/linkifyurl/locations/us-central1/repositories/gcf-artifacts","sourceProvenance":{"resolvedStorageSource":{"bucket":"gcf-v2-sources-296797983995-us-central1","object":"callable_sendShortenedEmail/function-source.zip","generation":"1778495414195727"}},"dockerRegistry":"ARTIFACT_REGISTRY","serviceAccount":"projects/linkifyurl/serviceAccounts/296797983995-compute@developer.gserviceaccount.com","automaticUpdatePolicy":{}},"serviceConfig":{"service":"projects/linkifyurl/locations/us-central1/services/callable-sendshortenedemail","timeoutSeconds":60,"environmentVariables":{"FIREBASE_CONFIG":"{\"projectId\":\"linkifyurl\",\"storageBucket\":\"linkifyurl.firebasestorage.app\"}","GCLOUD_PROJECT":"linkifyurl","EVENTARC_CLOUD_EVENT_SOURCE":"projects/linkifyurl/locations/us-central1/services/callable_sendShortenedEmail","FUNCTION_TARGET":"callable_sendShortenedEmail","LOG_EXECUTION_ID":"true","FUNCTION_SIGNATURE_TYPE":"http"},"maxInstanceCount":20,"ingressSettings":"ALLOW_ALL","uri":"https://callable-sendshortenedemail-ck2bcwa72a-uc.a.run.app","serviceAccountEmail":"296797983995-compute@developer.gserviceaccount.com","availableMemory":"256Mi","allTrafficOnLatestRevision":true,"secretEnvironmentVariables":[{"key":"gmailUser","projectId":"linkifyurl","secret":"gmailUser","version":"1"},{"key":"gmailPass","projectId":"linkifyurl","secret":"gmailPass","version":"1"}],"revision":"callable-sendshortenedemail-00007-nuh","maxInstanceRequestConcurrency":80,"availableCpu":"1"},"state":"ACTIVE","updateTime":"2026-05-11T10:30:24.011424510Z","labels":{"deployment-callable":"true","firebase-functions-hash":"efad23bec4ce3efc8355b767b123d13807ba7567","deployment-tool":"cli-firebase"},"environment":"GEN_2","url":"https://us-central1-linkifyurl.cloudfunctions.net/callable_sendShortenedEmail","createTime":"2026-05-08T11:13:43.865542048Z","satisfiesPzi":true},{"name":"projects/linkifyurl/locations/us-central1/functions/callable_sendWelcomeEmail","buildConfig":{"build":"projects/296797983995/locations/us-central1/builds/dc6af990-3744-4973-887f-5e8affb8b053","runtime":"nodejs20","entryPoint":"callable_sendWelcomeEmail","source":{"storageSource":{"bucket":"gcf-v2-sources-296797983995-us-central1","object":"callable_sendWelcomeEmail/function-source.zip","generation":"1778495414025323"}},"environmentVariables":{"GOOGLE_NODE_RUN_SCRIPTS":""},"dockerRepository":"projects/linkifyurl/locations/us-central1/repositories/gcf-artifacts","sourceProvenance":{"resolvedStorageSource":{"bucket":"gcf-v2-sources-296797983995-us-central1","object":"callable_sendWelcomeEmail/function-source.zip","generation":"1778495414025323"}},"dockerRegistry":"ARTIFACT_REGISTRY","serviceAccount":"projects/linkifyurl/serviceAccounts/296797983995-compute@developer.gserviceaccount.com","automaticUpdatePolicy":{}},"serviceConfig":{"service":"projects/linkifyurl/locations/us-central1/services/callable-sendwelcomeemail","timeoutSeconds":60,"environmentVariables":{"FIREBASE_CONFIG":"{\"projectId\":\"linkifyurl\",\"storageBucket\":\"linkifyurl.firebasestorage.app\"}","GCLOUD_PROJECT":"linkifyurl","EVENTARC_CLOUD_EVENT_SOURCE":"projects/linkifyurl/locations/us-central1/services/callable_sendWelcomeEmail","FUNCTION_TARGET":"callable_sendWelcomeEmail","LOG_EXECUTION_ID":"true","FUNCTION_SIGNATURE_TYPE":"http"},"maxInstanceCount":20,"ingressSettings":"ALLOW_ALL","uri":"https://callable-sendwelcomeemail-ck2bcwa72a-uc.a.run.app","serviceAccountEmail":"296797983995-compute@developer.gserviceaccount.com","availableMemory":"256Mi","allTrafficOnLatestRevision":true,"secretEnvironmentVariables":[{"key":"gmailUser","projectId":"linkifyurl","secret":"gmailUser","version":"1"},{"key":"gmailPass","projectId":"linkifyurl","secret":"gmailPass","version":"1"}],"revision":"callable-sendwelcomeemail-00007-cav","maxInstanceRequestConcurrency":80,"availableCpu":"1"},"state":"ACTIVE","updateTime":"2026-05-11T10:30:24.195301856Z","labels":{"deployment-callable":"true","firebase-functions-hash":"efad23bec4ce3efc8355b767b123d13807ba7567","deployment-tool":"cli-firebase"},"environment":"GEN_2","url":"https://us-central1-linkifyurl.cloudfunctions.net/callable_sendWelcomeEmail","createTime":"2026-05-08T11:13:44.696297447Z","satisfiesPzi":true},{"name":"projects/linkifyurl/locations/us-central1/functions/trigger_onUserCreated_Welcome","buildConfig":{"build":"projects/296797983995/locations/us-central1/builds/dc6af990-3744-4973-887f-5e8affb8b053","runtime":"nodejs20","entryPoint":"trigger_onUserCreated_Welcome","source":{"storageSource":{"bucket":"gcf-v2-sources-296797983995-us-central1","object":"trigger_onUserCreated_Welcome/function-source.zip","generation":"1778495414510794"}},"environmentVariables":{"GOOGLE_NODE_RUN_SCRIPTS":""},"dockerRepository":"projects/linkifyurl/locations/us-central1/repositories/gcf-artifacts","sourceProvenance":{"resolvedStorageSource":{"bucket":"gcf-v2-sources-296797983995-us-central1","object":"trigger_onUserCreated_Welcome/function-source.zip","generation":"1778495414510794"}},"dockerRegistry":"ARTIFACT_REGISTRY","serviceAccount":"projects/linkifyurl/serviceAccounts/296797983995-compute@developer.gserviceaccount.com","automaticUpdatePolicy":{}},"serviceConfig":{"service":"projects/linkifyurl/locations/us-central1/services/trigger-onusercreated-welcome","timeoutSeconds":60,"environmentVariables":{"FIREBASE_CONFIG":"{\"projectId\":\"linkifyurl\",\"storageBucket\":\"linkifyurl.firebasestorage.app\"}","GCLOUD_PROJECT":"linkifyurl","EVENTARC_CLOUD_EVENT_SOURCE":"projects/linkifyurl/locations/us-central1/services/trigger_onUserCreated_Welcome","FUNCTION_SIGNATURE_TYPE":"cloudevent","FUNCTION_TARGET":"trigger_onUserCreated_Welcome","LOG_EXECUTION_ID":"true"},"maxInstanceCount":20,"ingressSettings":"ALLOW_ALL","uri":"https://trigger-onusercreated-welcome-ck2bcwa72a-uc.a.run.app","serviceAccountEmail":"296797983995-compute@developer.gserviceaccount.com","availableMemory":"256Mi","allTrafficOnLatestRevision":true,"secretEnvironmentVariables":[{"key":"gmailUser","projectId":"linkifyurl","secret":"gmailUser","version":"1"},{"key":"gmailPass","projectId":"linkifyurl","secret":"gmailPass","version":"1"}],"revision":"trigger-onusercreated-welcome-00007-mug","maxInstanceRequestConcurrency":80,"availableCpu":"1"},"eventTrigger":{"trigger":"projects/linkifyurl/locations/nam5/triggers/trigger-onusercreated-welcome-570184","triggerRegion":"nam5","eventType":"google.cloud.firestore.document.v1.created","eventFilters":[{"attribute":"namespace","value":"(default)"},{"attribute":"document","value":"users/{userId}","operator":"match-path-pattern"},{"attribute":"database","value":"(default)"}],"pubsubTopic":"projects/linkifyurl/topics/eventarc-nam5-trigger-onusercreated-welcome-570184-323","serviceAccountEmail":"296797983995-compute@developer.gserviceaccount.com","retryPolicy":"RETRY_POLICY_DO_NOT_RETRY"},"state":"ACTIVE","updateTime":"2026-05-11T10:30:22.214797922Z","labels":{"firebase-functions-hash":"efad23bec4ce3efc8355b767b123d13807ba7567","deployment-tool":"cli-firebase"},"environment":"GEN_2","url":"https://us-central1-linkifyurl.cloudfunctions.net/trigger_onUserCreated_Welcome","createTime":"2026-05-08T11:13:44.785085790Z","satisfiesPzi":true},{"name":"projects/linkifyurl/locations/us-central1/functions/healthCheck","buildConfig":{"build":"projects/296797983995/locations/us-central1/builds/dc6af990-3744-4973-887f-5e8affb8b053","runtime":"nodejs20","entryPoint":"healthCheck","source":{"storageSource":{"bucket":"gcf-v2-sources-296797983995-us-central1","object":"healthCheck/function-source.zip","generation":"1778495315446897"}},"environmentVariables":{"GOOGLE_NODE_RUN_SCRIPTS":""},"dockerRepository":"projects/linkifyurl/locations/us-central1/repositories/gcf-artifacts","sourceProvenance":{"resolvedStorageSource":{"bucket":"gcf-v2-sources-296797983995-us-central1","object":"healthCheck/function-source.zip","generation":"1778495315446897"}},"dockerRegistry":"ARTIFACT_REGISTRY","serviceAccount":"projects/linkifyurl/serviceAccounts/296797983995-compute@developer.gserviceaccount.com","automaticUpdatePolicy":{}},"serviceConfig":{"service":"projects/linkifyurl/locations/us-central1/services/healthcheck","timeoutSeconds":60,"environmentVariables":{"FIREBASE_CONFIG":"{\"projectId\":\"linkifyurl\",\"storageBucket\":\"linkifyurl.firebasestorage.app\"}","GCLOUD_PROJECT":"linkifyurl","EVENTARC_CLOUD_EVENT_SOURCE":"projects/linkifyurl/locations/us-central1/services/healthCheck","FUNCTION_TARGET":"healthCheck","LOG_EXECUTION_ID":"true"},"maxInstanceCount":20,"ingressSettings":"ALLOW_ALL","uri":"https://healthcheck-ck2bcwa72a-uc.a.run.app","serviceAccountEmail":"296797983995-compute@developer.gserviceaccount.com","availableMemory":"256Mi","allTrafficOnLatestRevision":true,"revision":"healthcheck-00007-rax","maxInstanceRequestConcurrency":80,"availableCpu":"1"},"state":"ACTIVE","updateTime":"2026-05-11T10:30:21.455633906Z","labels":{"firebase-functions-hash":"b8cbd28dc0941b6ca421d6d8f69c39f5ec867426","deployment-tool":"cli-firebase"},"environment":"GEN_2","url":"https://us-central1-linkifyurl.cloudfunctions.net/healthCheck","createTime":"2026-05-08T11:12:03.015643944Z","satisfiesPzi":true},{"name":"projects/linkifyurl/locations/us-central1/functions/onClick_Aggregator","buildConfig":{"build":"projects/296797983995/locations/us-central1/builds/dc6af990-3744-4973-887f-5e8affb8b053","runtime":"nodejs20","entryPoint":"onClick_Aggregator","source":{"storageSource":{"bucket":"gcf-v2-sources-296797983995-us-central1","object":"onClick_Aggregator/function-source.zip","generation":"1778495414502066"}},"environmentVariables":{"GOOGLE_NODE_RUN_SCRIPTS":""},"dockerRepository":"projects/linkifyurl/locations/us-central1/repositories/gcf-artifacts","sourceProvenance":{"resolvedStorageSource":{"bucket":"gcf-v2-sources-296797983995-us-central1","object":"onClick_Aggregator/function-source.zip","generation":"1778495414502066"}},"dockerRegistry":"ARTIFACT_REGISTRY","serviceAccount":"projects/linkifyurl/serviceAccounts/296797983995-compute@developer.gserviceaccount.com","automaticUpdatePolicy":{}},"serviceConfig":{"service":"projects/linkifyurl/locations/us-central1/services/onclick-aggregator","timeoutSeconds":60,"environmentVariables":{"FIREBASE_CONFIG":"{\"projectId\":\"linkifyurl\",\"storageBucket\":\"linkifyurl.firebasestorage.app\"}","GCLOUD_PROJECT":"linkifyurl","EVENTARC_CLOUD_EVENT_SOURCE":"projects/linkifyurl/locations/us-central1/services/onClick_Aggregator","FUNCTION_SIGNATURE_TYPE":"cloudevent","FUNCTION_TARGET":"onClick_Aggregator","LOG_EXECUTION_ID":"true"},"maxInstanceCount":20,"ingressSettings":"ALLOW_ALL","uri":"https://onclick-aggregator-ck2bcwa72a-uc.a.run.app","serviceAccountEmail":"296797983995-compute@developer.gserviceaccount.com","availableMemory":"256Mi","allTrafficOnLatestRevision":true,"revision":"onclick-aggregator-00007-zev","maxInstanceRequestConcurrency":80,"availableCpu":"1"},"eventTrigger":{"trigger":"projects/linkifyurl/locations/nam5/triggers/onclick-aggregator-919171","triggerRegion":"nam5","eventType":"google.cloud.firestore.document.v1.created","eventFilters":[{"attribute":"namespace","value":"(default)"},{"attribute":"document","value":"shortUrls/{shortCode}/clicks/{clickId}","operator":"match-path-pattern"},{"attribute":"database","value":"(default)"}],"pubsubTopic":"projects/linkifyurl/topics/eventarc-nam5-onclick-aggregator-919171-819","serviceAccountEmail":"296797983995-compute@developer.gserviceaccount.com","retryPolicy":"RETRY_POLICY_DO_NOT_RETRY"},"state":"ACTIVE","updateTime":"2026-05-11T10:30:22.203793439Z","labels":{"deployment-tool":"cli-firebase","firebase-functions-hash":"b8cbd28dc0941b6ca421d6d8f69c39f5ec867426"},"environment":"GEN_2","url":"https://us-central1-linkifyurl.cloudfunctions.net/onClick_Aggregator","createTime":"2026-05-08T11:13:44.218695169Z","satisfiesPzi":true},{"name":"projects/linkifyurl/locations/us-central1/functions/trigger_onUrlShortened_Confirmation","buildConfig":{"build":"projects/296797983995/locations/us-central1/builds/dc6af990-3744-4973-887f-5e8affb8b053","runtime":"nodejs20","entryPoint":"trigger_onUrlShortened_Confirmation","source":{"storageSource":{"bucket":"gcf-v2-sources-296797983995-us-central1","object":"trigger_onUrlShortened_Confirmation/function-source.zip","generation":"1778495414577561"}},"environmentVariables":{"GOOGLE_NODE_RUN_SCRIPTS":""},"dockerRepository":"projects/linkifyurl/locations/us-central1/repositories/gcf-artifacts","sourceProvenance":{"resolvedStorageSource":{"bucket":"gcf-v2-sources-296797983995-us-central1","object":"trigger_onUrlShortened_Confirmation/function-source.zip","generation":"1778495414577561"}},"dockerRegistry":"ARTIFACT_REGISTRY","serviceAccount":"projects/linkifyurl/serviceAccounts/296797983995-compute@developer.gserviceaccount.com","automaticUpdatePolicy":{}},"serviceConfig":{"service":"projects/linkifyurl/locations/us-central1/services/trigger-onurlshortened-confirmation","timeoutSeconds":60,"environmentVariables":{"FIREBASE_CONFIG":"{\"projectId\":\"linkifyurl\",\"storageBucket\":\"linkifyurl.firebasestorage.app\"}","GCLOUD_PROJECT":"linkifyurl","EVENTARC_CLOUD_EVENT_SOURCE":"projects/linkifyurl/locations/us-central1/services/trigger_onUrlShortened_Confirmation","FUNCTION_SIGNATURE_TYPE":"cloudevent","FUNCTION_TARGET":"trigger_onUrlShortened_Confirmation","LOG_EXECUTION_ID":"true"},"maxInstanceCount":20,"ingressSettings":"ALLOW_ALL","uri":"https://trigger-onurlshortened-confirmation-ck2bcwa72a-uc.a.run.app","serviceAccountEmail":"296797983995-compute@developer.gserviceaccount.com","availableMemory":"256Mi","allTrafficOnLatestRevision":true,"secretEnvironmentVariables":[{"key":"gmailUser","projectId":"linkifyurl","secret":"gmailUser","version":"1"},{"key":"gmailPass","projectId":"linkifyurl","secret":"gmailPass","version":"1"}],"revision":"trigger-onurlshortened-confirmation-00007-bac","maxInstanceRequestConcurrency":80,"availableCpu":"1"},"eventTrigger":{"trigger":"projects/linkifyurl/locations/nam5/triggers/trigger-onurlshortened-confirmation-330601","triggerRegion":"nam5","eventType":"google.cloud.firestore.document.v1.created","eventFilters":[{"attribute":"namespace","value":"(default)"},{"attribute":"document","value":"shortUrls/{shortCode}","operator":"match-path-pattern"},{"attribute":"database","value":"(default)"}],"pubsubTopic":"projects/linkifyurl/topics/eventarc-nam5-trigger-onurlshortened-confirmation-330601-739","serviceAccountEmail":"296797983995-compute@developer.gserviceaccount.com","retryPolicy":"RETRY_POLICY_DO_NOT_RETRY"},"state":"ACTIVE","updateTime":"2026-05-11T10:30:24.198797064Z","labels":{"deployment-tool":"cli-firebase","firebase-functions-hash":"efad23bec4ce3efc8355b767b123d13807ba7567"},"environment":"GEN_2","url":"https://us-central1-linkifyurl.cloudfunctions.net/trigger_onUrlShortened_Confirmation","createTime":"2026-05-08T11:13:44.713919798Z","satisfiesPzi":true},{"name":"projects/linkifyurl/locations/us-central1/functions/onPlatformEvent_Aggregator","buildConfig":{"build":"projects/296797983995/locations/us-central1/builds/dc6af990-3744-4973-887f-5e8affb8b053","runtime":"nodejs20","entryPoint":"onPlatformEvent_Aggregator","source":{"storageSource":{"bucket":"gcf-v2-sources-296797983995-us-central1","object":"onPlatformEvent_Aggregator/function-source.zip","generation":"1778495414557412"}},"environmentVariables":{"GOOGLE_NODE_RUN_SCRIPTS":""},"dockerRepository":"projects/linkifyurl/locations/us-central1/repositories/gcf-artifacts","sourceProvenance":{"resolvedStorageSource":{"bucket":"gcf-v2-sources-296797983995-us-central1","object":"onPlatformEvent_Aggregator/function-source.zip","generation":"1778495414557412"}},"dockerRegistry":"ARTIFACT_REGISTRY","serviceAccount":"projects/linkifyurl/serviceAccounts/296797983995-compute@developer.gserviceaccount.com","automaticUpdatePolicy":{}},"serviceConfig":{"service":"projects/linkifyurl/locations/us-central1/services/onplatformevent-aggregator","timeoutSeconds":60,"environmentVariables":{"FIREBASE_CONFIG":"{\"projectId\":\"linkifyurl\",\"storageBucket\":\"linkifyurl.firebasestorage.app\"}","GCLOUD_PROJECT":"linkifyurl","EVENTARC_CLOUD_EVENT_SOURCE":"projects/linkifyurl/locations/us-central1/services/onPlatformEvent_Aggregator","FUNCTION_SIGNATURE_TYPE":"cloudevent","FUNCTION_TARGET":"onPlatformEvent_Aggregator","LOG_EXECUTION_ID":"true"},"maxInstanceCount":20,"ingressSettings":"ALLOW_ALL","uri":"https://onplatformevent-aggregator-ck2bcwa72a-uc.a.run.app","serviceAccountEmail":"296797983995-compute@developer.gserviceaccount.com","availableMemory":"256Mi","allTrafficOnLatestRevision":true,"revision":"onplatformevent-aggregator-00011-yew","maxInstanceRequestConcurrency":80,"availableCpu":"1"},"eventTrigger":{"trigger":"projects/linkifyurl/locations/nam5/triggers/onplatformevent-aggregator-368816","triggerRegion":"nam5","eventType":"google.cloud.firestore.document.v1.created","eventFilters":[{"attribute":"database","value":"(default)"},{"attribute":"namespace","value":"(default)"},{"attribute":"document","value":"platformEvents/{eventId}","operator":"match-path-pattern"}],"pubsubTopic":"projects/linkifyurl/topics/eventarc-nam5-onplatformevent-aggregator-368816-724","serviceAccountEmail":"296797983995-compute@developer.gserviceaccount.com","retryPolicy":"RETRY_POLICY_DO_NOT_RETRY"},"state":"ACTIVE","updateTime":"2026-05-11T10:30:24.210344244Z","labels":{"deployment-tool":"cli-firebase","firebase-functions-hash":"b8cbd28dc0941b6ca421d6d8f69c39f5ec867426"},"environment":"GEN_2","url":"https://us-central1-linkifyurl.cloudfunctions.net/onPlatformEvent_Aggregator","createTime":"2026-05-08T11:13:44.789916305Z","satisfiesPzi":true}]}
[debug] [2026-10-07T15:50:29.687Z] Checked if tokens are valid: true, expires at: 1791391707805
[debug] [2026-10-07T15:50:29.687Z] Checked if tokens are valid: true, expires at: 1791391707805
[debug] [2026-10-07T15:50:29.687Z] >>> [apiv2][query] GET https://firestore.googleapis.com/v1/projects/linkifyurl/databases/(default) [none]
[debug] [2026-10-07T15:50:30.812Z] <<< [apiv2][status] GET https://firestore.googleapis.com/v1/projects/linkifyurl/databases/(default) 200
[debug] [2026-10-07T15:50:30.812Z] <<< [apiv2][body] GET https://firestore.googleapis.com/v1/projects/linkifyurl/databases/(default) {"name":"projects/linkifyurl/databases/(default)","uid":"b03c2a94-62a0-4380-9910-ce2981098dd4","createTime":"2025-09-25T00:12:49.896635Z","updateTime":"2025-09-25T00:12:49.896635Z","locationId":"nam5","type":"FIRESTORE_NATIVE","concurrencyMode":"PESSIMISTIC","versionRetentionPeriod":"3600s","earliestVersionTime":"2026-10-07T14:50:31.253169Z","appEngineIntegrationMode":"DISABLED","keyPrefix":"s","pointInTimeRecoveryEnablement":"POINT_IN_TIME_RECOVERY_DISABLED","deleteProtectionState":"DELETE_PROTECTION_DISABLED","databaseEdition":"STANDARD","freeTier":true,"realtimeUpdatesMode":"REALTIME_UPDATES_MODE_ENABLED","etag":"IPf1tpmhqJcDMNGQ78nt0JYD"}
[info] i  functions: ensuring required API run.googleapis.com is enabled... 
[info] i  functions: ensuring required API eventarc.googleapis.com is enabled... 
[info] i  functions: ensuring required API pubsub.googleapis.com is enabled... 
[info] i  functions: ensuring required API storage.googleapis.com is enabled... 
[info] i  functions: generating the service identity for pubsub.googleapis.com... 
[debug] [2026-10-07T15:50:30.815Z] Checked if tokens are valid: true, expires at: 1791391707805
[debug] [2026-10-07T15:50:30.816Z] Checked if tokens are valid: true, expires at: 1791391707805
[info] i  functions: generating the service identity for eventarc.googleapis.com... 
[debug] [2026-10-07T15:50:30.816Z] Checked if tokens are valid: true, expires at: 1791391707805
[debug] [2026-10-07T15:50:30.816Z] Checked if tokens are valid: true, expires at: 1791391707805
[debug] [2026-10-07T15:50:30.816Z] >>> [apiv2][query] POST https://serviceusage.googleapis.com/v1beta1/projects/296797983995/services/pubsub.googleapis.com:generateServiceIdentity [none]
[debug] [2026-10-07T15:50:30.816Z] >>> [apiv2][(partial)header] POST https://serviceusage.googleapis.com/v1beta1/projects/296797983995/services/pubsub.googleapis.com:generateServiceIdentity x-goog-quota-user=projects/296797983995
[debug] [2026-10-07T15:50:30.816Z] >>> [apiv2][body] POST https://serviceusage.googleapis.com/v1beta1/projects/296797983995/services/pubsub.googleapis.com:generateServiceIdentity {}
[debug] [2026-10-07T15:50:30.817Z] >>> [apiv2][query] POST https://serviceusage.googleapis.com/v1beta1/projects/296797983995/services/eventarc.googleapis.com:generateServiceIdentity [none]
[debug] [2026-10-07T15:50:30.817Z] >>> [apiv2][(partial)header] POST https://serviceusage.googleapis.com/v1beta1/projects/296797983995/services/eventarc.googleapis.com:generateServiceIdentity x-goog-quota-user=projects/296797983995
[debug] [2026-10-07T15:50:30.817Z] >>> [apiv2][body] POST https://serviceusage.googleapis.com/v1beta1/projects/296797983995/services/eventarc.googleapis.com:generateServiceIdentity {}
[debug] [2026-10-07T15:50:32.434Z] <<< [apiv2][status] POST https://serviceusage.googleapis.com/v1beta1/projects/296797983995/services/eventarc.googleapis.com:generateServiceIdentity 200
[debug] [2026-10-07T15:50:32.434Z] <<< [apiv2][body] POST https://serviceusage.googleapis.com/v1beta1/projects/296797983995/services/eventarc.googleapis.com:generateServiceIdentity {"name":"operations/finished.DONE_OPERATION","done":true,"response":{"@type":"type.googleapis.com/google.api.serviceusage.v1beta1.ServiceIdentity","email":"service-296797983995@gcp-sa-eventarc.iam.gserviceaccount.com","uniqueId":"108273511507532769652"}}
[debug] [2026-10-07T15:50:32.518Z] <<< [apiv2][status] POST https://serviceusage.googleapis.com/v1beta1/projects/296797983995/services/pubsub.googleapis.com:generateServiceIdentity 200
[debug] [2026-10-07T15:50:32.518Z] <<< [apiv2][body] POST https://serviceusage.googleapis.com/v1beta1/projects/296797983995/services/pubsub.googleapis.com:generateServiceIdentity {"name":"operations/finished.DONE_OPERATION","done":true,"response":{"@type":"type.googleapis.com/google.api.serviceusage.v1beta1.ServiceIdentity","email":"service-296797983995@gcp-sa-pubsub.iam.gserviceaccount.com","uniqueId":"103832005155379849425"}}
[info] i  functions: ensuring required API secretmanager.googleapis.com is enabled... 
[debug] [2026-10-07T15:50:32.520Z] Checked if tokens are valid: true, expires at: 1791391707805
[debug] [2026-10-07T15:50:32.520Z] Checked if tokens are valid: true, expires at: 1791391707805
[debug] [2026-10-07T15:50:32.520Z] Checked if tokens are valid: true, expires at: 1791391707805
[debug] [2026-10-07T15:50:32.520Z] Checked if tokens are valid: true, expires at: 1791391707805
[debug] [2026-10-07T15:50:32.521Z] >>> [apiv2][query] GET https://secretmanager.googleapis.com/v1/projects/linkifyurl/secrets/gmailUser/versions/latest [none]
[debug] [2026-10-07T15:50:32.522Z] >>> [apiv2][query] GET https://secretmanager.googleapis.com/v1/projects/linkifyurl/secrets/gmailPass/versions/latest [none]
[debug] [2026-10-07T15:50:33.240Z] <<< [apiv2][status] GET https://secretmanager.googleapis.com/v1/projects/linkifyurl/secrets/gmailUser/versions/latest 200
[debug] [2026-10-07T15:50:33.240Z] <<< [apiv2][body] GET https://secretmanager.googleapis.com/v1/projects/linkifyurl/secrets/gmailUser/versions/latest {"name":"projects/296797983995/secrets/gmailUser/versions/1","createTime":"2025-10-13T21:09:58.800907Z","state":"ENABLED","replicationStatus":{"automatic":{}},"etag":"\"164110b09fae0b\""}
[debug] [2026-10-07T15:50:33.240Z] Resolved secret version of gmailUser to 1.
[debug] [2026-10-07T15:50:33.240Z] <<< [apiv2][status] GET https://secretmanager.googleapis.com/v1/projects/linkifyurl/secrets/gmailPass/versions/latest 200
[debug] [2026-10-07T15:50:33.241Z] <<< [apiv2][body] GET https://secretmanager.googleapis.com/v1/projects/linkifyurl/secrets/gmailPass/versions/latest {"name":"projects/296797983995/secrets/gmailPass/versions/1","createTime":"2025-10-13T21:10:39.341172Z","state":"ENABLED","replicationStatus":{"automatic":{}},"etag":"\"164110b30a4674\""}
[debug] [2026-10-07T15:50:33.241Z] Resolved secret version of gmailPass to 1.
[debug] [2026-10-07T15:50:33.242Z] Checked if tokens are valid: true, expires at: 1791391707805
[debug] [2026-10-07T15:50:33.242Z] Checked if tokens are valid: true, expires at: 1791391707805
[debug] [2026-10-07T15:50:33.242Z] >>> [apiv2][query] GET https://cloudresourcemanager.googleapis.com/v1/projects/linkifyurl [none]
[debug] [2026-10-07T15:50:34.343Z] <<< [apiv2][status] GET https://cloudresourcemanager.googleapis.com/v1/projects/linkifyurl 200
[debug] [2026-10-07T15:50:34.343Z] <<< [apiv2][body] GET https://cloudresourcemanager.googleapis.com/v1/projects/linkifyurl {"projectNumber":"296797983995","projectId":"linkifyurl","lifecycleState":"ACTIVE","name":"iNNkie","labels":{"firebase":"enabled","firebase-core":"disabled"},"createTime":"2025-09-25T00:06:14.164017Z"}
[debug] [2026-10-07T15:50:34.343Z] Checked if tokens are valid: true, expires at: 1791391707805
[debug] [2026-10-07T15:50:34.343Z] Checked if tokens are valid: true, expires at: 1791391707805
[debug] [2026-10-07T15:50:34.343Z] >>> [apiv2][query] GET https://compute.googleapis.com/compute/v1/projects/296797983995 [none]
[debug] [2026-10-07T15:50:35.079Z] <<< [apiv2][status] GET https://compute.googleapis.com/compute/v1/projects/296797983995 403
[debug] [2026-10-07T15:50:35.079Z] <<< [apiv2][body] GET https://compute.googleapis.com/compute/v1/projects/296797983995 {"error":{"code":403,"message":"Compute Engine API has not been used in project 296797983995 before or it is disabled. Enable it by visiting https://console.developers.google.com/apis/api/compute.googleapis.com/overview?project=296797983995 then retry. If you enabled this API recently, wait a few minutes for the action to propagate to our systems and retry.","errors":[{"message":"Compute Engine API has not been used in project 296797983995 before or it is disabled. Enable it by visiting https://console.developers.google.com/apis/api/compute.googleapis.com/overview?project=296797983995 then retry. If you enabled this API recently, wait a few minutes for the action to propagate to our systems and retry.","domain":"usageLimits","reason":"accessNotConfigured","extendedHelp":"https://console.developers.google.com"}],"status":"PERMISSION_DENIED","details":[{"@type":"type.googleapis.com/google.rpc.ErrorInfo","reason":"SERVICE_DISABLED","domain":"googleapis.com","metadata":{"consumer":"projects/296797983995","containerInfo":"296797983995","service":"compute.googleapis.com","activationUrl":"https://console.developers.google.com/apis/api/compute.googleapis.com/overview?project=296797983995","serviceTitle":"Compute Engine API"}},{"@type":"type.googleapis.com/google.rpc.LocalizedMessage","locale":"en-US","message":"Compute Engine API has not been used in project 296797983995 before or it is disabled. Enable it by visiting https://console.developers.google.com/apis/api/compute.googleapis.com/overview?project=296797983995 then retry. If you enabled this API recently, wait a few minutes for the action to propagate to our systems and retry."},{"@type":"type.googleapis.com/google.rpc.Help","links":[{"description":"Google developers console API activation","url":"https://console.developers.google.com/apis/api/compute.googleapis.com/overview?project=296797983995"}]}]}}
[debug] [2026-10-07T15:50:35.079Z] unable to look up default compute service account. Falling back to 296797983995-compute@developer.gserviceaccount.com. Error: {"name":"FirebaseError","children":[],"context":{"body":{"error":{"code":403,"message":"Compute Engine API has not been used in project 296797983995 before or it is disabled. Enable it by visiting https://console.developers.google.com/apis/api/compute.googleapis.com/overview?project=296797983995 then retry. If you enabled this API recently, wait a few minutes for the action to propagate to our systems and retry.","errors":[{"message":"Compute Engine API has not been used in project 296797983995 before or it is disabled. Enable it by visiting https://console.developers.google.com/apis/api/compute.googleapis.com/overview?project=296797983995 then retry. If you enabled this API recently, wait a few minutes for the action to propagate to our systems and retry.","domain":"usageLimits","reason":"accessNotConfigured","extendedHelp":"https://console.developers.google.com"}],"status":"PERMISSION_DENIED","details":[{"@type":"type.googleapis.com/google.rpc.ErrorInfo","reason":"SERVICE_DISABLED","domain":"googleapis.com","metadata":{"consumer":"projects/296797983995","containerInfo":"296797983995","service":"compute.googleapis.com","activationUrl":"https://console.developers.google.com/apis/api/compute.googleapis.com/overview?project=296797983995","serviceTitle":"Compute Engine API"}},{"@type":"type.googleapis.com/google.rpc.LocalizedMessage","locale":"en-US","message":"Compute Engine API has not been used in project 296797983995 before or it is disabled. Enable it by visiting https://console.developers.google.com/apis/api/compute.googleapis.com/overview?project=296797983995 then retry. If you enabled this API recently, wait a few minutes for the action to propagate to our systems and retry."},{"@type":"type.googleapis.com/google.rpc.Help","links":[{"description":"Google developers console API activation","url":"https://console.developers.google.com/apis/api/compute.googleapis.com/overview?project=296797983995"}]}]}},"response":{"statusCode":403}},"exit":1,"message":"Request to https://compute.googleapis.com/compute/v1/projects/296797983995 had HTTP Error: 403, Compute Engine API has not been used in project 296797983995 before or it is disabled. Enable it by visiting https://console.developers.google.com/apis/api/compute.googleapis.com/overview?project=296797983995 then retry. If you enabled this API recently, wait a few minutes for the action to propagate to our systems and retry.","status":403}
[debug] [2026-10-07T15:50:35.079Z] Checked if tokens are valid: true, expires at: 1791391707805
[debug] [2026-10-07T15:50:35.079Z] Checked if tokens are valid: true, expires at: 1791391707805
[debug] [2026-10-07T15:50:35.079Z] >>> [apiv2][query] GET https://compute.googleapis.com/compute/v1/projects/296797983995 [none]
[debug] [2026-10-07T15:50:35.367Z] <<< [apiv2][status] GET https://compute.googleapis.com/compute/v1/projects/296797983995 403
[debug] [2026-10-07T15:50:35.367Z] <<< [apiv2][body] GET https://compute.googleapis.com/compute/v1/projects/296797983995 {"error":{"code":403,"message":"Compute Engine API has not been used in project 296797983995 before or it is disabled. Enable it by visiting https://console.developers.google.com/apis/api/compute.googleapis.com/overview?project=296797983995 then retry. If you enabled this API recently, wait a few minutes for the action to propagate to our systems and retry.","errors":[{"message":"Compute Engine API has not been used in project 296797983995 before or it is disabled. Enable it by visiting https://console.developers.google.com/apis/api/compute.googleapis.com/overview?project=296797983995 then retry. If you enabled this API recently, wait a few minutes for the action to propagate to our systems and retry.","domain":"usageLimits","reason":"accessNotConfigured","extendedHelp":"https://console.developers.google.com"}],"status":"PERMISSION_DENIED","details":[{"@type":"type.googleapis.com/google.rpc.ErrorInfo","reason":"SERVICE_DISABLED","domain":"googleapis.com","metadata":{"containerInfo":"296797983995","service":"compute.googleapis.com","activationUrl":"https://console.developers.google.com/apis/api/compute.googleapis.com/overview?project=296797983995","consumer":"projects/296797983995","serviceTitle":"Compute Engine API"}},{"@type":"type.googleapis.com/google.rpc.LocalizedMessage","locale":"en-US","message":"Compute Engine API has not been used in project 296797983995 before or it is disabled. Enable it by visiting https://console.developers.google.com/apis/api/compute.googleapis.com/overview?project=296797983995 then retry. If you enabled this API recently, wait a few minutes for the action to propagate to our systems and retry."},{"@type":"type.googleapis.com/google.rpc.Help","links":[{"description":"Google developers console API activation","url":"https://console.developers.google.com/apis/api/compute.googleapis.com/overview?project=296797983995"}]}]}}
[debug] [2026-10-07T15:50:35.368Z] unable to look up default compute service account. Falling back to 296797983995-compute@developer.gserviceaccount.com. Error: {"name":"FirebaseError","children":[],"context":{"body":{"error":{"code":403,"message":"Compute Engine API has not been used in project 296797983995 before or it is disabled. Enable it by visiting https://console.developers.google.com/apis/api/compute.googleapis.com/overview?project=296797983995 then retry. If you enabled this API recently, wait a few minutes for the action to propagate to our systems and retry.","errors":[{"message":"Compute Engine API has not been used in project 296797983995 before or it is disabled. Enable it by visiting https://console.developers.google.com/apis/api/compute.googleapis.com/overview?project=296797983995 then retry. If you enabled this API recently, wait a few minutes for the action to propagate to our systems and retry.","domain":"usageLimits","reason":"accessNotConfigured","extendedHelp":"https://console.developers.google.com"}],"status":"PERMISSION_DENIED","details":[{"@type":"type.googleapis.com/google.rpc.ErrorInfo","reason":"SERVICE_DISABLED","domain":"googleapis.com","metadata":{"containerInfo":"296797983995","service":"compute.googleapis.com","activationUrl":"https://console.developers.google.com/apis/api/compute.googleapis.com/overview?project=296797983995","consumer":"projects/296797983995","serviceTitle":"Compute Engine API"}},{"@type":"type.googleapis.com/google.rpc.LocalizedMessage","locale":"en-US","message":"Compute Engine API has not been used in project 296797983995 before or it is disabled. Enable it by visiting https://console.developers.google.com/apis/api/compute.googleapis.com/overview?project=296797983995 then retry. If you enabled this API recently, wait a few minutes for the action to propagate to our systems and retry."},{"@type":"type.googleapis.com/google.rpc.Help","links":[{"description":"Google developers console API activation","url":"https://console.developers.google.com/apis/api/compute.googleapis.com/overview?project=296797983995"}]}]}},"response":{"statusCode":403}},"exit":1,"message":"Request to https://compute.googleapis.com/compute/v1/projects/296797983995 had HTTP Error: 403, Compute Engine API has not been used in project 296797983995 before or it is disabled. Enable it by visiting https://console.developers.google.com/apis/api/compute.googleapis.com/overview?project=296797983995 then retry. If you enabled this API recently, wait a few minutes for the action to propagate to our systems and retry.","status":403}
[debug] [2026-10-07T15:50:35.368Z] Checked if tokens are valid: true, expires at: 1791391707805
[debug] [2026-10-07T15:50:35.368Z] Checked if tokens are valid: true, expires at: 1791391707805
[debug] [2026-10-07T15:50:35.368Z] >>> [apiv2][query] GET https://compute.googleapis.com/compute/v1/projects/296797983995 [none]
[debug] [2026-10-07T15:50:35.665Z] <<< [apiv2][status] GET https://compute.googleapis.com/compute/v1/projects/296797983995 403
[debug] [2026-10-07T15:50:35.665Z] <<< [apiv2][body] GET https://compute.googleapis.com/compute/v1/projects/296797983995 {"error":{"code":403,"message":"Compute Engine API has not been used in project 296797983995 before or it is disabled. Enable it by visiting https://console.developers.google.com/apis/api/compute.googleapis.com/overview?project=296797983995 then retry. If you enabled this API recently, wait a few minutes for the action to propagate to our systems and retry.","errors":[{"message":"Compute Engine API has not been used in project 296797983995 before or it is disabled. Enable it by visiting https://console.developers.google.com/apis/api/compute.googleapis.com/overview?project=296797983995 then retry. If you enabled this API recently, wait a few minutes for the action to propagate to our systems and retry.","domain":"usageLimits","reason":"accessNotConfigured","extendedHelp":"https://console.developers.google.com"}],"status":"PERMISSION_DENIED","details":[{"@type":"type.googleapis.com/google.rpc.ErrorInfo","reason":"SERVICE_DISABLED","domain":"googleapis.com","metadata":{"consumer":"projects/296797983995","containerInfo":"296797983995","service":"compute.googleapis.com","activationUrl":"https://console.developers.google.com/apis/api/compute.googleapis.com/overview?project=296797983995","serviceTitle":"Compute Engine API"}},{"@type":"type.googleapis.com/google.rpc.LocalizedMessage","locale":"en-US","message":"Compute Engine API has not been used in project 296797983995 before or it is disabled. Enable it by visiting https://console.developers.google.com/apis/api/compute.googleapis.com/overview?project=296797983995 then retry. If you enabled this API recently, wait a few minutes for the action to propagate to our systems and retry."},{"@type":"type.googleapis.com/google.rpc.Help","links":[{"description":"Google developers console API activation","url":"https://console.developers.google.com/apis/api/compute.googleapis.com/overview?project=296797983995"}]}]}}
[debug] [2026-10-07T15:50:35.665Z] unable to look up default compute service account. Falling back to 296797983995-compute@developer.gserviceaccount.com. Error: {"name":"FirebaseError","children":[],"context":{"body":{"error":{"code":403,"message":"Compute Engine API has not been used in project 296797983995 before or it is disabled. Enable it by visiting https://console.developers.google.com/apis/api/compute.googleapis.com/overview?project=296797983995 then retry. If you enabled this API recently, wait a few minutes for the action to propagate to our systems and retry.","errors":[{"message":"Compute Engine API has not been used in project 296797983995 before or it is disabled. Enable it by visiting https://console.developers.google.com/apis/api/compute.googleapis.com/overview?project=296797983995 then retry. If you enabled this API recently, wait a few minutes for the action to propagate to our systems and retry.","domain":"usageLimits","reason":"accessNotConfigured","extendedHelp":"https://console.developers.google.com"}],"status":"PERMISSION_DENIED","details":[{"@type":"type.googleapis.com/google.rpc.ErrorInfo","reason":"SERVICE_DISABLED","domain":"googleapis.com","metadata":{"consumer":"projects/296797983995","containerInfo":"296797983995","service":"compute.googleapis.com","activationUrl":"https://console.developers.google.com/apis/api/compute.googleapis.com/overview?project=296797983995","serviceTitle":"Compute Engine API"}},{"@type":"type.googleapis.com/google.rpc.LocalizedMessage","locale":"en-US","message":"Compute Engine API has not been used in project 296797983995 before or it is disabled. Enable it by visiting https://console.developers.google.com/apis/api/compute.googleapis.com/overview?project=296797983995 then retry. If you enabled this API recently, wait a few minutes for the action to propagate to our systems and retry."},{"@type":"type.googleapis.com/google.rpc.Help","links":[{"description":"Google developers console API activation","url":"https://console.developers.google.com/apis/api/compute.googleapis.com/overview?project=296797983995"}]}]}},"response":{"statusCode":403}},"exit":1,"message":"Request to https://compute.googleapis.com/compute/v1/projects/296797983995 had HTTP Error: 403, Compute Engine API has not been used in project 296797983995 before or it is disabled. Enable it by visiting https://console.developers.google.com/apis/api/compute.googleapis.com/overview?project=296797983995 then retry. If you enabled this API recently, wait a few minutes for the action to propagate to our systems and retry.","status":403}
[debug] [2026-10-07T15:50:35.665Z] Checked if tokens are valid: true, expires at: 1791391707805
[debug] [2026-10-07T15:50:35.666Z] Checked if tokens are valid: true, expires at: 1791391707805
[debug] [2026-10-07T15:50:35.666Z] >>> [apiv2][query] GET https://compute.googleapis.com/compute/v1/projects/296797983995 [none]
[debug] [2026-10-07T15:50:35.990Z] <<< [apiv2][status] GET https://compute.googleapis.com/compute/v1/projects/296797983995 403
[debug] [2026-10-07T15:50:35.990Z] <<< [apiv2][body] GET https://compute.googleapis.com/compute/v1/projects/296797983995 {"error":{"code":403,"message":"Compute Engine API has not been used in project 296797983995 before or it is disabled. Enable it by visiting https://console.developers.google.com/apis/api/compute.googleapis.com/overview?project=296797983995 then retry. If you enabled this API recently, wait a few minutes for the action to propagate to our systems and retry.","errors":[{"message":"Compute Engine API has not been used in project 296797983995 before or it is disabled. Enable it by visiting https://console.developers.google.com/apis/api/compute.googleapis.com/overview?project=296797983995 then retry. If you enabled this API recently, wait a few minutes for the action to propagate to our systems and retry.","domain":"usageLimits","reason":"accessNotConfigured","extendedHelp":"https://console.developers.google.com"}],"status":"PERMISSION_DENIED","details":[{"@type":"type.googleapis.com/google.rpc.ErrorInfo","reason":"SERVICE_DISABLED","domain":"googleapis.com","metadata":{"activationUrl":"https://console.developers.google.com/apis/api/compute.googleapis.com/overview?project=296797983995","serviceTitle":"Compute Engine API","consumer":"projects/296797983995","containerInfo":"296797983995","service":"compute.googleapis.com"}},{"@type":"type.googleapis.com/google.rpc.LocalizedMessage","locale":"en-US","message":"Compute Engine API has not been used in project 296797983995 before or it is disabled. Enable it by visiting https://console.developers.google.com/apis/api/compute.googleapis.com/overview?project=296797983995 then retry. If you enabled this API recently, wait a few minutes for the action to propagate to our systems and retry."},{"@type":"type.googleapis.com/google.rpc.Help","links":[{"description":"Google developers console API activation","url":"https://console.developers.google.com/apis/api/compute.googleapis.com/overview?project=296797983995"}]}]}}
[debug] [2026-10-07T15:50:35.991Z] unable to look up default compute service account. Falling back to 296797983995-compute@developer.gserviceaccount.com. Error: {"name":"FirebaseError","children":[],"context":{"body":{"error":{"code":403,"message":"Compute Engine API has not been used in project 296797983995 before or it is disabled. Enable it by visiting https://console.developers.google.com/apis/api/compute.googleapis.com/overview?project=296797983995 then retry. If you enabled this API recently, wait a few minutes for the action to propagate to our systems and retry.","errors":[{"message":"Compute Engine API has not been used in project 296797983995 before or it is disabled. Enable it by visiting https://console.developers.google.com/apis/api/compute.googleapis.com/overview?project=296797983995 then retry. If you enabled this API recently, wait a few minutes for the action to propagate to our systems and retry.","domain":"usageLimits","reason":"accessNotConfigured","extendedHelp":"https://console.developers.google.com"}],"status":"PERMISSION_DENIED","details":[{"@type":"type.googleapis.com/google.rpc.ErrorInfo","reason":"SERVICE_DISABLED","domain":"googleapis.com","metadata":{"activationUrl":"https://console.developers.google.com/apis/api/compute.googleapis.com/overview?project=296797983995","serviceTitle":"Compute Engine API","consumer":"projects/296797983995","containerInfo":"296797983995","service":"compute.googleapis.com"}},{"@type":"type.googleapis.com/google.rpc.LocalizedMessage","locale":"en-US","message":"Compute Engine API has not been used in project 296797983995 before or it is disabled. Enable it by visiting https://console.developers.google.com/apis/api/compute.googleapis.com/overview?project=296797983995 then retry. If you enabled this API recently, wait a few minutes for the action to propagate to our systems and retry."},{"@type":"type.googleapis.com/google.rpc.Help","links":[{"description":"Google developers console API activation","url":"https://console.developers.google.com/apis/api/compute.googleapis.com/overview?project=296797983995"}]}]}},"response":{"statusCode":403}},"exit":1,"message":"Request to https://compute.googleapis.com/compute/v1/projects/296797983995 had HTTP Error: 403, Compute Engine API has not been used in project 296797983995 before or it is disabled. Enable it by visiting https://console.developers.google.com/apis/api/compute.googleapis.com/overview?project=296797983995 then retry. If you enabled this API recently, wait a few minutes for the action to propagate to our systems and retry.","status":403}
[debug] [2026-10-07T15:50:35.991Z] Checked if tokens are valid: true, expires at: 1791391707805
[debug] [2026-10-07T15:50:35.991Z] Checked if tokens are valid: true, expires at: 1791391707805
[debug] [2026-10-07T15:50:35.991Z] >>> [apiv2][query] GET https://compute.googleapis.com/compute/v1/projects/296797983995 [none]
[debug] [2026-10-07T15:50:36.384Z] <<< [apiv2][status] GET https://compute.googleapis.com/compute/v1/projects/296797983995 403
[debug] [2026-10-07T15:50:36.384Z] <<< [apiv2][body] GET https://compute.googleapis.com/compute/v1/projects/296797983995 {"error":{"code":403,"message":"Compute Engine API has not been used in project 296797983995 before or it is disabled. Enable it by visiting https://console.developers.google.com/apis/api/compute.googleapis.com/overview?project=296797983995 then retry. If you enabled this API recently, wait a few minutes for the action to propagate to our systems and retry.","errors":[{"message":"Compute Engine API has not been used in project 296797983995 before or it is disabled. Enable it by visiting https://console.developers.google.com/apis/api/compute.googleapis.com/overview?project=296797983995 then retry. If you enabled this API recently, wait a few minutes for the action to propagate to our systems and retry.","domain":"usageLimits","reason":"accessNotConfigured","extendedHelp":"https://console.developers.google.com"}],"status":"PERMISSION_DENIED","details":[{"@type":"type.googleapis.com/google.rpc.ErrorInfo","reason":"SERVICE_DISABLED","domain":"googleapis.com","metadata":{"activationUrl":"https://console.developers.google.com/apis/api/compute.googleapis.com/overview?project=296797983995","containerInfo":"296797983995","serviceTitle":"Compute Engine API","consumer":"projects/296797983995","service":"compute.googleapis.com"}},{"@type":"type.googleapis.com/google.rpc.LocalizedMessage","locale":"en-US","message":"Compute Engine API has not been used in project 296797983995 before or it is disabled. Enable it by visiting https://console.developers.google.com/apis/api/compute.googleapis.com/overview?project=296797983995 then retry. If you enabled this API recently, wait a few minutes for the action to propagate to our systems and retry."},{"@type":"type.googleapis.com/google.rpc.Help","links":[{"description":"Google developers console API activation","url":"https://console.developers.google.com/apis/api/compute.googleapis.com/overview?project=296797983995"}]}]}}
[debug] [2026-10-07T15:50:36.385Z] unable to look up default compute service account. Falling back to 296797983995-compute@developer.gserviceaccount.com. Error: {"name":"FirebaseError","children":[],"context":{"body":{"error":{"code":403,"message":"Compute Engine API has not been used in project 296797983995 before or it is disabled. Enable it by visiting https://console.developers.google.com/apis/api/compute.googleapis.com/overview?project=296797983995 then retry. If you enabled this API recently, wait a few minutes for the action to propagate to our systems and retry.","errors":[{"message":"Compute Engine API has not been used in project 296797983995 before or it is disabled. Enable it by visiting https://console.developers.google.com/apis/api/compute.googleapis.com/overview?project=296797983995 then retry. If you enabled this API recently, wait a few minutes for the action to propagate to our systems and retry.","domain":"usageLimits","reason":"accessNotConfigured","extendedHelp":"https://console.developers.google.com"}],"status":"PERMISSION_DENIED","details":[{"@type":"type.googleapis.com/google.rpc.ErrorInfo","reason":"SERVICE_DISABLED","domain":"googleapis.com","metadata":{"activationUrl":"https://console.developers.google.com/apis/api/compute.googleapis.com/overview?project=296797983995","containerInfo":"296797983995","serviceTitle":"Compute Engine API","consumer":"projects/296797983995","service":"compute.googleapis.com"}},{"@type":"type.googleapis.com/google.rpc.LocalizedMessage","locale":"en-US","message":"Compute Engine API has not been used in project 296797983995 before or it is disabled. Enable it by visiting https://console.developers.google.com/apis/api/compute.googleapis.com/overview?project=296797983995 then retry. If you enabled this API recently, wait a few minutes for the action to propagate to our systems and retry."},{"@type":"type.googleapis.com/google.rpc.Help","links":[{"description":"Google developers console API activation","url":"https://console.developers.google.com/apis/api/compute.googleapis.com/overview?project=296797983995"}]}]}},"response":{"statusCode":403}},"exit":1,"message":"Request to https://compute.googleapis.com/compute/v1/projects/296797983995 had HTTP Error: 403, Compute Engine API has not been used in project 296797983995 before or it is disabled. Enable it by visiting https://console.developers.google.com/apis/api/compute.googleapis.com/overview?project=296797983995 then retry. If you enabled this API recently, wait a few minutes for the action to propagate to our systems and retry.","status":403}
[debug] [2026-10-07T15:50:36.385Z] Checked if tokens are valid: true, expires at: 1791391707805
[debug] [2026-10-07T15:50:36.385Z] Checked if tokens are valid: true, expires at: 1791391707805
[debug] [2026-10-07T15:50:36.385Z] >>> [apiv2][query] GET https://compute.googleapis.com/compute/v1/projects/296797983995 [none]
[debug] [2026-10-07T15:50:36.737Z] <<< [apiv2][status] GET https://compute.googleapis.com/compute/v1/projects/296797983995 403
[debug] [2026-10-07T15:50:36.737Z] <<< [apiv2][body] GET https://compute.googleapis.com/compute/v1/projects/296797983995 {"error":{"code":403,"message":"Compute Engine API has not been used in project 296797983995 before or it is disabled. Enable it by visiting https://console.developers.google.com/apis/api/compute.googleapis.com/overview?project=296797983995 then retry. If you enabled this API recently, wait a few minutes for the action to propagate to our systems and retry.","errors":[{"message":"Compute Engine API has not been used in project 296797983995 before or it is disabled. Enable it by visiting https://console.developers.google.com/apis/api/compute.googleapis.com/overview?project=296797983995 then retry. If you enabled this API recently, wait a few minutes for the action to propagate to our systems and retry.","domain":"usageLimits","reason":"accessNotConfigured","extendedHelp":"https://console.developers.google.com"}],"status":"PERMISSION_DENIED","details":[{"@type":"type.googleapis.com/google.rpc.ErrorInfo","reason":"SERVICE_DISABLED","domain":"googleapis.com","metadata":{"activationUrl":"https://console.developers.google.com/apis/api/compute.googleapis.com/overview?project=296797983995","consumer":"projects/296797983995","service":"compute.googleapis.com","containerInfo":"296797983995","serviceTitle":"Compute Engine API"}},{"@type":"type.googleapis.com/google.rpc.LocalizedMessage","locale":"en-US","message":"Compute Engine API has not been used in project 296797983995 before or it is disabled. Enable it by visiting https://console.developers.google.com/apis/api/compute.googleapis.com/overview?project=296797983995 then retry. If you enabled this API recently, wait a few minutes for the action to propagate to our systems and retry."},{"@type":"type.googleapis.com/google.rpc.Help","links":[{"description":"Google developers console API activation","url":"https://console.developers.google.com/apis/api/compute.googleapis.com/overview?project=296797983995"}]}]}}
[debug] [2026-10-07T15:50:36.737Z] unable to look up default compute service account. Falling back to 296797983995-compute@developer.gserviceaccount.com. Error: {"name":"FirebaseError","children":[],"context":{"body":{"error":{"code":403,"message":"Compute Engine API has not been used in project 296797983995 before or it is disabled. Enable it by visiting https://console.developers.google.com/apis/api/compute.googleapis.com/overview?project=296797983995 then retry. If you enabled this API recently, wait a few minutes for the action to propagate to our systems and retry.","errors":[{"message":"Compute Engine API has not been used in project 296797983995 before or it is disabled. Enable it by visiting https://console.developers.google.com/apis/api/compute.googleapis.com/overview?project=296797983995 then retry. If you enabled this API recently, wait a few minutes for the action to propagate to our systems and retry.","domain":"usageLimits","reason":"accessNotConfigured","extendedHelp":"https://console.developers.google.com"}],"status":"PERMISSION_DENIED","details":[{"@type":"type.googleapis.com/google.rpc.ErrorInfo","reason":"SERVICE_DISABLED","domain":"googleapis.com","metadata":{"activationUrl":"https://console.developers.google.com/apis/api/compute.googleapis.com/overview?project=296797983995","consumer":"projects/296797983995","service":"compute.googleapis.com","containerInfo":"296797983995","serviceTitle":"Compute Engine API"}},{"@type":"type.googleapis.com/google.rpc.LocalizedMessage","locale":"en-US","message":"Compute Engine API has not been used in project 296797983995 before or it is disabled. Enable it by visiting https://console.developers.google.com/apis/api/compute.googleapis.com/overview?project=296797983995 then retry. If you enabled this API recently, wait a few minutes for the action to propagate to our systems and retry."},{"@type":"type.googleapis.com/google.rpc.Help","links":[{"description":"Google developers console API activation","url":"https://console.developers.google.com/apis/api/compute.googleapis.com/overview?project=296797983995"}]}]}},"response":{"statusCode":403}},"exit":1,"message":"Request to https://compute.googleapis.com/compute/v1/projects/296797983995 had HTTP Error: 403, Compute Engine API has not been used in project 296797983995 before or it is disabled. Enable it by visiting https://console.developers.google.com/apis/api/compute.googleapis.com/overview?project=296797983995 then retry. If you enabled this API recently, wait a few minutes for the action to propagate to our systems and retry.","status":403}
[debug] [2026-10-07T15:50:36.737Z] Checked if tokens are valid: true, expires at: 1791391707805
[debug] [2026-10-07T15:50:36.737Z] Checked if tokens are valid: true, expires at: 1791391707805
[debug] [2026-10-07T15:50:36.737Z] >>> [apiv2][query] GET https://compute.googleapis.com/compute/v1/projects/296797983995 [none]
[debug] [2026-10-07T15:50:37.041Z] <<< [apiv2][status] GET https://compute.googleapis.com/compute/v1/projects/296797983995 403
[debug] [2026-10-07T15:50:37.041Z] <<< [apiv2][body] GET https://compute.googleapis.com/compute/v1/projects/296797983995 {"error":{"code":403,"message":"Compute Engine API has not been used in project 296797983995 before or it is disabled. Enable it by visiting https://console.developers.google.com/apis/api/compute.googleapis.com/overview?project=296797983995 then retry. If you enabled this API recently, wait a few minutes for the action to propagate to our systems and retry.","errors":[{"message":"Compute Engine API has not been used in project 296797983995 before or it is disabled. Enable it by visiting https://console.developers.google.com/apis/api/compute.googleapis.com/overview?project=296797983995 then retry. If you enabled this API recently, wait a few minutes for the action to propagate to our systems and retry.","domain":"usageLimits","reason":"accessNotConfigured","extendedHelp":"https://console.developers.google.com"}],"status":"PERMISSION_DENIED","details":[{"@type":"type.googleapis.com/google.rpc.ErrorInfo","reason":"SERVICE_DISABLED","domain":"googleapis.com","metadata":{"activationUrl":"https://console.developers.google.com/apis/api/compute.googleapis.com/overview?project=296797983995","service":"compute.googleapis.com","containerInfo":"296797983995","consumer":"projects/296797983995","serviceTitle":"Compute Engine API"}},{"@type":"type.googleapis.com/google.rpc.LocalizedMessage","locale":"en-US","message":"Compute Engine API has not been used in project 296797983995 before or it is disabled. Enable it by visiting https://console.developers.google.com/apis/api/compute.googleapis.com/overview?project=296797983995 then retry. If you enabled this API recently, wait a few minutes for the action to propagate to our systems and retry."},{"@type":"type.googleapis.com/google.rpc.Help","links":[{"description":"Google developers console API activation","url":"https://console.developers.google.com/apis/api/compute.googleapis.com/overview?project=296797983995"}]}]}}
[debug] [2026-10-07T15:50:37.042Z] unable to look up default compute service account. Falling back to 296797983995-compute@developer.gserviceaccount.com. Error: {"name":"FirebaseError","children":[],"context":{"body":{"error":{"code":403,"message":"Compute Engine API has not been used in project 296797983995 before or it is disabled. Enable it by visiting https://console.developers.google.com/apis/api/compute.googleapis.com/overview?project=296797983995 then retry. If you enabled this API recently, wait a few minutes for the action to propagate to our systems and retry.","errors":[{"message":"Compute Engine API has not been used in project 296797983995 before or it is disabled. Enable it by visiting https://console.developers.google.com/apis/api/compute.googleapis.com/overview?project=296797983995 then retry. If you enabled this API recently, wait a few minutes for the action to propagate to our systems and retry.","domain":"usageLimits","reason":"accessNotConfigured","extendedHelp":"https://console.developers.google.com"}],"status":"PERMISSION_DENIED","details":[{"@type":"type.googleapis.com/google.rpc.ErrorInfo","reason":"SERVICE_DISABLED","domain":"googleapis.com","metadata":{"activationUrl":"https://console.developers.google.com/apis/api/compute.googleapis.com/overview?project=296797983995","service":"compute.googleapis.com","containerInfo":"296797983995","consumer":"projects/296797983995","serviceTitle":"Compute Engine API"}},{"@type":"type.googleapis.com/google.rpc.LocalizedMessage","locale":"en-US","message":"Compute Engine API has not been used in project 296797983995 before or it is disabled. Enable it by visiting https://console.developers.google.com/apis/api/compute.googleapis.com/overview?project=296797983995 then retry. If you enabled this API recently, wait a few minutes for the action to propagate to our systems and retry."},{"@type":"type.googleapis.com/google.rpc.Help","links":[{"description":"Google developers console API activation","url":"https://console.developers.google.com/apis/api/compute.googleapis.com/overview?project=296797983995"}]}]}},"response":{"statusCode":403}},"exit":1,"message":"Request to https://compute.googleapis.com/compute/v1/projects/296797983995 had HTTP Error: 403, Compute Engine API has not been used in project 296797983995 before or it is disabled. Enable it by visiting https://console.developers.google.com/apis/api/compute.googleapis.com/overview?project=296797983995 then retry. If you enabled this API recently, wait a few minutes for the action to propagate to our systems and retry.","status":403}
[debug] [2026-10-07T15:50:37.043Z] Checked if tokens are valid: true, expires at: 1791391707805
[debug] [2026-10-07T15:50:37.043Z] Checked if tokens are valid: true, expires at: 1791391707805
[debug] [2026-10-07T15:50:37.044Z] >>> [apiv2][query] GET https://cloudbilling.googleapis.com/v1/projects/linkifyurl/billingInfo [none]
[debug] [2026-10-07T15:50:37.959Z] <<< [apiv2][status] GET https://cloudbilling.googleapis.com/v1/projects/linkifyurl/billingInfo 200
[debug] [2026-10-07T15:50:37.959Z] <<< [apiv2][body] GET https://cloudbilling.googleapis.com/v1/projects/linkifyurl/billingInfo {"name":"projects/linkifyurl/billingInfo","projectId":"linkifyurl","billingAccountName":"billingAccounts/01279A-6D78C9-506BCB","billingEnabled":true}
[debug] [2026-10-07T15:50:37.962Z] Checked if tokens are valid: true, expires at: 1791391707805
[debug] [2026-10-07T15:50:37.962Z] Checked if tokens are valid: true, expires at: 1791391707805
[debug] [2026-10-07T15:50:37.962Z] >>> [apiv2][query] POST https://cloudfunctions.googleapis.com/v2/projects/linkifyurl/locations/us-central1/functions:generateUploadUrl [none]
[debug] [2026-10-07T15:50:39.165Z] <<< [apiv2][status] POST https://cloudfunctions.googleapis.com/v2/projects/linkifyurl/locations/us-central1/functions:generateUploadUrl 200
[debug] [2026-10-07T15:50:39.165Z] <<< [apiv2][body] POST https://cloudfunctions.googleapis.com/v2/projects/linkifyurl/locations/us-central1/functions:generateUploadUrl {"uploadUrl":"https://storage.googleapis.com/gcf-v2-uploads-296797983995.us-central1.cloudfunctions.appspot.com/2f15a4d3-86b5-415c-867f-7a8ed8b62ff1.zip?GoogleAccessId=service-296797983995@gcf-admin-robot.iam.gserviceaccount.com&Expires=1791390039&Signature=MnrYETs8QnQA4egwVMJx2fjAUZCfdgtbvwehb7b5Vxr5lIA5M9xeIvNAF8zSqYKcQp5Haha%2B7%2BubdgOCczDnDPpPA6PM4o6pQzi%2BoCQHpFcJsFfqPkarcZnF9nFLMykFPn1IPOWj%2BXn%2BYbp8435qI8%2BFroXyZkdaywXIJTuRSG5hknhToSC6lw1iNCULINUSv%2B24lt5g5uDDEJ2pp%2FoJRoOdOubX%2FzI8oA8AeF0INAs0RtNDPp08Oae5oHSe%2F3mL4u5hsMkIepCW%2F%2BE7R3xsKbhozHjY3e9dTRPXeo%2FKqeeEEOkzmQZPHPASCMoqdbKjyQp%2Fi04iuX7eNf6OZW%2BPKg%3D%3D","storageSource":{"bucket":"gcf-v2-uploads-296797983995.us-central1.cloudfunctions.appspot.com","object":"2f15a4d3-86b5-415c-867f-7a8ed8b62ff1.zip"}}
[debug] [2026-10-07T15:50:39.166Z] >>> [apiv2][query] PUT https://storage.googleapis.com/gcf-v2-uploads-296797983995.us-central1.cloudfunctions.appspot.com/2f15a4d3-86b5-415c-867f-7a8ed8b62ff1.zip GoogleAccessId=service-296797983995%40gcf-admin-robot.iam.gserviceaccount.com&Expires=1791390039&Signature=MnrYETs8QnQA4egwVMJx2fjAUZCfdgtbvwehb7b5Vxr5lIA5M9xeIvNAF8zSqYKcQp5Haha%2B7%2BubdgOCczDnDPpPA6PM4o6pQzi%2BoCQHpFcJsFfqPkarcZnF9nFLMykFPn1IPOWj%2BXn%2BYbp8435qI8%2BFroXyZkdaywXIJTuRSG5hknhToSC6lw1iNCULINUSv%2B24lt5g5uDDEJ2pp%2FoJRoOdOubX%2FzI8oA8AeF0INAs0RtNDPp08Oae5oHSe%2F3mL4u5hsMkIepCW%2F%2BE7R3xsKbhozHjY3e9dTRPXeo%2FKqeeEEOkzmQZPHPASCMoqdbKjyQp%2Fi04iuX7eNf6OZW%2BPKg%3D%3D
[debug] [2026-10-07T15:50:39.166Z] >>> [apiv2][body] PUT https://storage.googleapis.com/gcf-v2-uploads-296797983995.us-central1.cloudfunctions.appspot.com/2f15a4d3-86b5-415c-867f-7a8ed8b62ff1.zip [stream]
[debug] [2026-10-07T15:50:40.102Z] <<< [apiv2][status] PUT https://storage.googleapis.com/gcf-v2-uploads-296797983995.us-central1.cloudfunctions.appspot.com/2f15a4d3-86b5-415c-867f-7a8ed8b62ff1.zip 200
[debug] [2026-10-07T15:50:40.102Z] <<< [apiv2][body] PUT https://storage.googleapis.com/gcf-v2-uploads-296797983995.us-central1.cloudfunctions.appspot.com/2f15a4d3-86b5-415c-867f-7a8ed8b62ff1.zip [omitted]
[info] ✔  functions: functions source uploaded successfully 
[info] i  functions: updating Node.js 20 (2nd Gen) function healthCheck(us-central1)... 
[info] i  functions: updating Node.js 20 (2nd Gen) function callable_sendShortenedEmail(us-central1)... 
[info] i  functions: updating Node.js 20 (2nd Gen) function callable_sendWelcomeEmail(us-central1)... 
[info] i  functions: updating Node.js 20 (2nd Gen) function trigger_onUserCreated_Welcome(us-central1)... 
[info] i  functions: updating Node.js 20 (2nd Gen) function trigger_onUrlShortened_Confirmation(us-central1)... 
[info] i  functions: updating Node.js 20 (2nd Gen) function onPlatformEvent_Aggregator(us-central1)... 
[info] i  functions: updating Node.js 20 (2nd Gen) function onClick_Aggregator(us-central1)... 
[debug] [2026-10-07T15:50:40.110Z] Checked if tokens are valid: true, expires at: 1791391707805
[debug] [2026-10-07T15:50:40.110Z] Checked if tokens are valid: true, expires at: 1791391707805
[debug] [2026-10-07T15:50:40.110Z] >>> [apiv2][query] PATCH https://cloudfunctions.googleapis.com/v2/projects/linkifyurl/locations/us-central1/functions/healthCheck updateMask=name%2CbuildConfig.runtime%2CbuildConfig.entryPoint%2CbuildConfig.source.storageSource.bucket%2CbuildConfig.source.storageSource.object%2CbuildConfig.environmentVariables%2CbuildConfig.sourceToken%2CserviceConfig.environmentVariables%2CserviceConfig.ingressSettings%2CserviceConfig.timeoutSeconds%2CserviceConfig.serviceAccountEmail%2CserviceConfig.availableMemory%2CserviceConfig.minInstanceCount%2CserviceConfig.maxInstanceCount%2CserviceConfig.maxInstanceRequestConcurrency%2CserviceConfig.availableCpu%2CserviceConfig.vpcConnector%2CserviceConfig.vpcConnectorEgressSettings%2Clabels
[debug] [2026-10-07T15:50:40.110Z] >>> [apiv2][body] PATCH https://cloudfunctions.googleapis.com/v2/projects/linkifyurl/locations/us-central1/functions/healthCheck {"name":"projects/linkifyurl/locations/us-central1/functions/healthCheck","buildConfig":{"runtime":"nodejs20","entryPoint":"healthCheck","source":{"storageSource":{"bucket":"gcf-v2-uploads-296797983995.us-central1.cloudfunctions.appspot.com","object":"2f15a4d3-86b5-415c-867f-7a8ed8b62ff1.zip"}},"environmentVariables":{"GOOGLE_NODE_RUN_SCRIPTS":""}},"serviceConfig":{"environmentVariables":{"FIREBASE_CONFIG":"{\"projectId\":\"linkifyurl\",\"storageBucket\":\"linkifyurl.firebasestorage.app\"}","GCLOUD_PROJECT":"linkifyurl","EVENTARC_CLOUD_EVENT_SOURCE":"projects/linkifyurl/locations/us-central1/services/healthCheck","FUNCTION_TARGET":"healthCheck","LOG_EXECUTION_ID":"true"},"ingressSettings":null,"timeoutSeconds":null,"serviceAccountEmail":null,"availableMemory":"256Mi","minInstanceCount":null,"maxInstanceCount":null,"maxInstanceRequestConcurrency":80,"availableCpu":"1","vpcConnector":null,"vpcConnectorEgressSettings":null},"labels":{"deployment-tool":"cli-firebase","firebase-functions-hash":"c65864b087821c1e69f48427bb4802a658056ea7"}}
[debug] [2026-10-07T15:50:41.783Z] <<< [apiv2][status] PATCH https://cloudfunctions.googleapis.com/v2/projects/linkifyurl/locations/us-central1/functions/healthCheck 200
[debug] [2026-10-07T15:50:41.783Z] <<< [apiv2][body] PATCH https://cloudfunctions.googleapis.com/v2/projects/linkifyurl/locations/us-central1/functions/healthCheck {"name":"projects/linkifyurl/locations/us-central1/operations/operation-1791388241016-65d4213c2b5eb-e5a156fc-79aba313","metadata":{"@type":"type.googleapis.com/google.cloud.functions.v2.OperationMetadata","createTime":"2026-10-07T15:50:42.230161497Z","target":"projects/linkifyurl/locations/us-central1/functions/healthCheck","verb":"update","cancelRequested":false,"apiVersion":"v2"},"done":false}
[debug] [2026-10-07T15:50:41.784Z] Checked if tokens are valid: true, expires at: 1791391707805
[debug] [2026-10-07T15:50:41.784Z] Checked if tokens are valid: true, expires at: 1791391707805
[debug] [2026-10-07T15:50:41.784Z] >>> [apiv2][query] GET https://cloudfunctions.googleapis.com/v2/projects/linkifyurl/locations/us-central1/operations/operation-1791388241016-65d4213c2b5eb-e5a156fc-79aba313 [none]
[debug] [2026-10-07T15:50:42.678Z] <<< [apiv2][status] GET https://cloudfunctions.googleapis.com/v2/projects/linkifyurl/locations/us-central1/operations/operation-1791388241016-65d4213c2b5eb-e5a156fc-79aba313 200
[debug] [2026-10-07T15:50:42.679Z] <<< [apiv2][body] GET https://cloudfunctions.googleapis.com/v2/projects/linkifyurl/locations/us-central1/operations/operation-1791388241016-65d4213c2b5eb-e5a156fc-79aba313 {"name":"projects/linkifyurl/locations/us-central1/operations/operation-1791388241016-65d4213c2b5eb-e5a156fc-79aba313","metadata":{"@type":"type.googleapis.com/google.cloud.functions.v2.OperationMetadata","createTime":"2026-10-07T15:50:42.230161497Z","target":"projects/linkifyurl/locations/us-central1/functions/healthCheck","verb":"update","cancelRequested":false,"apiVersion":"v2","requestResource":{"@type":"type.googleapis.com/google.cloud.functions.v2.Function","name":"projects/linkifyurl/locations/us-central1/functions/healthCheck","buildConfig":{"runtime":"nodejs20","entryPoint":"healthCheck","source":{"storageSource":{"bucket":"gcf-v2-sources-296797983995-us-central1","object":"healthCheck/function-source.zip","generation":"1791388242170165"}},"environmentVariables":{"GOOGLE_NODE_RUN_SCRIPTS":""},"dockerRepository":"projects/linkifyurl/locations/us-central1/repositories/gcf-artifacts","sourceProvenance":{"resolvedStorageSource":{"bucket":"gcf-v2-sources-296797983995-us-central1","object":"healthCheck/function-source.zip","generation":"1778495315446897"}},"dockerRegistry":"ARTIFACT_REGISTRY","serviceAccount":"projects/linkifyurl/serviceAccounts/296797983995-compute@developer.gserviceaccount.com","automaticUpdatePolicy":{}},"serviceConfig":{"service":"projects/linkifyurl/locations/us-central1/services/healthcheck","timeoutSeconds":60,"environmentVariables":{"FIREBASE_CONFIG":"{\"projectId\":\"linkifyurl\",\"storageBucket\":\"linkifyurl.firebasestorage.app\"}","GCLOUD_PROJECT":"linkifyurl","EVENTARC_CLOUD_EVENT_SOURCE":"projects/linkifyurl/locations/us-central1/services/healthCheck","FUNCTION_TARGET":"healthCheck","LOG_EXECUTION_ID":"true"},"ingressSettings":"ALLOW_ALL","uri":"https://healthcheck-ck2bcwa72a-uc.a.run.app","serviceAccountEmail":"296797983995-compute@developer.gserviceaccount.com","availableMemory":"256Mi","allTrafficOnLatestRevision":true,"revision":"healthcheck-00007-rax","maxInstanceRequestConcurrency":80,"availableCpu":"1"},"state":"ACTIVE","labels":{"deployment-tool":"cli-firebase","firebase-functions-hash":"c65864b087821c1e69f48427bb4802a658056ea7"},"environment":"GEN_2","url":"https://us-central1-linkifyurl.cloudfunctions.net/healthCheck","satisfiesPzi":true},"stages":[{"name":"BUILD","state":"NOT_STARTED","stateMessages":[{"severity":"WARNING","type":"BuildAnalysisWarning","message":"Node.js 20 is no longer supported by the Node.js community as of 30 April, 2026. Node.js 20 will be decommissioned on 2026-10-30. As of 2026-10-30 you will no longer be able to deploy your Cloud Functions using nodejs20. We recommend you to upgrade to the latest version of Node.js as soon as possible."}]},{"name":"SERVICE","state":"NOT_STARTED"}],"operationType":"UPDATE_FUNCTION"},"done":false}
[debug] [2026-10-07T15:50:43.180Z] [update-default-us-central1-healthCheck] Retrying task index 0
[debug] [2026-10-07T15:50:43.180Z] Checked if tokens are valid: true, expires at: 1791391707805
[debug] [2026-10-07T15:50:43.180Z] Checked if tokens are valid: true, expires at: 1791391707805
[debug] [2026-10-07T15:50:43.180Z] >>> [apiv2][query] GET https://cloudfunctions.googleapis.com/v2/projects/linkifyurl/locations/us-central1/operations/operation-1791388241016-65d4213c2b5eb-e5a156fc-79aba313 [none]
[debug] [2026-10-07T15:50:44.009Z] <<< [apiv2][status] GET https://cloudfunctions.googleapis.com/v2/projects/linkifyurl/locations/us-central1/operations/operation-1791388241016-65d4213c2b5eb-e5a156fc-79aba313 200
[debug] [2026-10-07T15:50:44.009Z] <<< [apiv2][body] GET https://cloudfunctions.googleapis.com/v2/projects/linkifyurl/locations/us-central1/operations/operation-1791388241016-65d4213c2b5eb-e5a156fc-79aba313 {"name":"projects/linkifyurl/locations/us-central1/operations/operation-1791388241016-65d4213c2b5eb-e5a156fc-79aba313","metadata":{"@type":"type.googleapis.com/google.cloud.functions.v2.OperationMetadata","createTime":"2026-10-07T15:50:42.230161497Z","target":"projects/linkifyurl/locations/us-central1/functions/healthCheck","verb":"update","cancelRequested":false,"apiVersion":"v2","requestResource":{"@type":"type.googleapis.com/google.cloud.functions.v2.Function","name":"projects/linkifyurl/locations/us-central1/functions/healthCheck","buildConfig":{"runtime":"nodejs20","entryPoint":"healthCheck","source":{"storageSource":{"bucket":"gcf-v2-sources-296797983995-us-central1","object":"healthCheck/function-source.zip","generation":"1791388242170165"}},"environmentVariables":{"GOOGLE_NODE_RUN_SCRIPTS":""},"dockerRepository":"projects/linkifyurl/locations/us-central1/repositories/gcf-artifacts","sourceProvenance":{"resolvedStorageSource":{"bucket":"gcf-v2-sources-296797983995-us-central1","object":"healthCheck/function-source.zip","generation":"1778495315446897"}},"dockerRegistry":"ARTIFACT_REGISTRY","serviceAccount":"projects/linkifyurl/serviceAccounts/296797983995-compute@developer.gserviceaccount.com","automaticUpdatePolicy":{}},"serviceConfig":{"service":"projects/linkifyurl/locations/us-central1/services/healthcheck","timeoutSeconds":60,"environmentVariables":{"FIREBASE_CONFIG":"{\"projectId\":\"linkifyurl\",\"storageBucket\":\"linkifyurl.firebasestorage.app\"}","GCLOUD_PROJECT":"linkifyurl","EVENTARC_CLOUD_EVENT_SOURCE":"projects/linkifyurl/locations/us-central1/services/healthCheck","FUNCTION_TARGET":"healthCheck","LOG_EXECUTION_ID":"true"},"ingressSettings":"ALLOW_ALL","uri":"https://healthcheck-ck2bcwa72a-uc.a.run.app","serviceAccountEmail":"296797983995-compute@developer.gserviceaccount.com","availableMemory":"256Mi","allTrafficOnLatestRevision":true,"revision":"healthcheck-00007-rax","maxInstanceRequestConcurrency":80,"availableCpu":"1"},"state":"ACTIVE","labels":{"deployment-tool":"cli-firebase","firebase-functions-hash":"c65864b087821c1e69f48427bb4802a658056ea7"},"environment":"GEN_2","url":"https://us-central1-linkifyurl.cloudfunctions.net/healthCheck","satisfiesPzi":true},"stages":[{"name":"BUILD","message":"Build in progress","state":"IN_PROGRESS","resource":"projects/296797983995/locations/us-central1/builds/75a13c8e-5e84-4556-8fbe-1b75002c769c","resourceUri":"https://console.cloud.google.com/cloud-build/builds;region=us-central1/75a13c8e-5e84-4556-8fbe-1b75002c769c?project=296797983995"},{"name":"SERVICE","state":"NOT_STARTED"}],"operationType":"UPDATE_FUNCTION","buildName":"projects/296797983995/locations/us-central1/builds/75a13c8e-5e84-4556-8fbe-1b75002c769c"},"done":false}
[debug] [2026-10-07T15:50:45.010Z] [update-default-us-central1-healthCheck] Retrying task index 0
[debug] [2026-10-07T15:50:45.010Z] Checked if tokens are valid: true, expires at: 1791391707805
[debug] [2026-10-07T15:50:45.010Z] Checked if tokens are valid: true, expires at: 1791391707805
[debug] [2026-10-07T15:50:45.010Z] >>> [apiv2][query] GET https://cloudfunctions.googleapis.com/v2/projects/linkifyurl/locations/us-central1/operations/operation-1791388241016-65d4213c2b5eb-e5a156fc-79aba313 [none]
[debug] [2026-10-07T15:50:45.817Z] <<< [apiv2][status] GET https://cloudfunctions.googleapis.com/v2/projects/linkifyurl/locations/us-central1/operations/operation-1791388241016-65d4213c2b5eb-e5a156fc-79aba313 200
[debug] [2026-10-07T15:50:45.817Z] <<< [apiv2][body] GET https://cloudfunctions.googleapis.com/v2/projects/linkifyurl/locations/us-central1/operations/operation-1791388241016-65d4213c2b5eb-e5a156fc-79aba313 {"name":"projects/linkifyurl/locations/us-central1/operations/operation-1791388241016-65d4213c2b5eb-e5a156fc-79aba313","metadata":{"@type":"type.googleapis.com/google.cloud.functions.v2.OperationMetadata","createTime":"2026-10-07T15:50:42.230161497Z","target":"projects/linkifyurl/locations/us-central1/functions/healthCheck","verb":"update","cancelRequested":false,"apiVersion":"v2","requestResource":{"@type":"type.googleapis.com/google.cloud.functions.v2.Function","name":"projects/linkifyurl/locations/us-central1/functions/healthCheck","buildConfig":{"runtime":"nodejs20","entryPoint":"healthCheck","source":{"storageSource":{"bucket":"gcf-v2-sources-296797983995-us-central1","object":"healthCheck/function-source.zip","generation":"1791388242170165"}},"environmentVariables":{"GOOGLE_NODE_RUN_SCRIPTS":""},"dockerRepository":"projects/linkifyurl/locations/us-central1/repositories/gcf-artifacts","sourceProvenance":{"resolvedStorageSource":{"bucket":"gcf-v2-sources-296797983995-us-central1","object":"healthCheck/function-source.zip","generation":"1778495315446897"}},"dockerRegistry":"ARTIFACT_REGISTRY","serviceAccount":"projects/linkifyurl/serviceAccounts/296797983995-compute@developer.gserviceaccount.com","automaticUpdatePolicy":{}},"serviceConfig":{"service":"projects/linkifyurl/locations/us-central1/services/healthcheck","timeoutSeconds":60,"environmentVariables":{"FIREBASE_CONFIG":"{\"projectId\":\"linkifyurl\",\"storageBucket\":\"linkifyurl.firebasestorage.app\"}","GCLOUD_PROJECT":"linkifyurl","EVENTARC_CLOUD_EVENT_SOURCE":"projects/linkifyurl/locations/us-central1/services/healthCheck","FUNCTION_TARGET":"healthCheck","LOG_EXECUTION_ID":"true"},"ingressSettings":"ALLOW_ALL","uri":"https://healthcheck-ck2bcwa72a-uc.a.run.app","serviceAccountEmail":"296797983995-compute@developer.gserviceaccount.com","availableMemory":"256Mi","allTrafficOnLatestRevision":true,"revision":"healthcheck-00007-rax","maxInstanceRequestConcurrency":80,"availableCpu":"1"},"state":"ACTIVE","labels":{"deployment-tool":"cli-firebase","firebase-functions-hash":"c65864b087821c1e69f48427bb4802a658056ea7"},"environment":"GEN_2","url":"https://us-central1-linkifyurl.cloudfunctions.net/healthCheck","satisfiesPzi":true},"stages":[{"name":"BUILD","message":"Build in progress","state":"IN_PROGRESS","resource":"projects/296797983995/locations/us-central1/builds/75a13c8e-5e84-4556-8fbe-1b75002c769c","resourceUri":"https://console.cloud.google.com/cloud-build/builds;region=us-central1/75a13c8e-5e84-4556-8fbe-1b75002c769c?project=296797983995"},{"name":"SERVICE","state":"NOT_STARTED"}],"operationType":"UPDATE_FUNCTION","buildName":"projects/296797983995/locations/us-central1/builds/75a13c8e-5e84-4556-8fbe-1b75002c769c"},"done":false}
[debug] [2026-10-07T15:50:47.818Z] [update-default-us-central1-healthCheck] Retrying task index 0
[debug] [2026-10-07T15:50:47.818Z] Checked if tokens are valid: true, expires at: 1791391707805
[debug] [2026-10-07T15:50:47.818Z] Checked if tokens are valid: true, expires at: 1791391707805
[debug] [2026-10-07T15:50:47.819Z] >>> [apiv2][query] GET https://cloudfunctions.googleapis.com/v2/projects/linkifyurl/locations/us-central1/operations/operation-1791388241016-65d4213c2b5eb-e5a156fc-79aba313 [none]
[debug] [2026-10-07T15:50:48.689Z] <<< [apiv2][status] GET https://cloudfunctions.googleapis.com/v2/projects/linkifyurl/locations/us-central1/operations/operation-1791388241016-65d4213c2b5eb-e5a156fc-79aba313 200
[debug] [2026-10-07T15:50:48.689Z] <<< [apiv2][body] GET https://cloudfunctions.googleapis.com/v2/projects/linkifyurl/locations/us-central1/operations/operation-1791388241016-65d4213c2b5eb-e5a156fc-79aba313 {"name":"projects/linkifyurl/locations/us-central1/operations/operation-1791388241016-65d4213c2b5eb-e5a156fc-79aba313","metadata":{"@type":"type.googleapis.com/google.cloud.functions.v2.OperationMetadata","createTime":"2026-10-07T15:50:42.230161497Z","target":"projects/linkifyurl/locations/us-central1/functions/healthCheck","verb":"update","cancelRequested":false,"apiVersion":"v2","requestResource":{"@type":"type.googleapis.com/google.cloud.functions.v2.Function","name":"projects/linkifyurl/locations/us-central1/functions/healthCheck","buildConfig":{"runtime":"nodejs20","entryPoint":"healthCheck","source":{"storageSource":{"bucket":"gcf-v2-sources-296797983995-us-central1","object":"healthCheck/function-source.zip","generation":"1791388242170165"}},"environmentVariables":{"GOOGLE_NODE_RUN_SCRIPTS":""},"dockerRepository":"projects/linkifyurl/locations/us-central1/repositories/gcf-artifacts","sourceProvenance":{"resolvedStorageSource":{"bucket":"gcf-v2-sources-296797983995-us-central1","object":"healthCheck/function-source.zip","generation":"1778495315446897"}},"dockerRegistry":"ARTIFACT_REGISTRY","serviceAccount":"projects/linkifyurl/serviceAccounts/296797983995-compute@developer.gserviceaccount.com","automaticUpdatePolicy":{}},"serviceConfig":{"service":"projects/linkifyurl/locations/us-central1/services/healthcheck","timeoutSeconds":60,"environmentVariables":{"FIREBASE_CONFIG":"{\"projectId\":\"linkifyurl\",\"storageBucket\":\"linkifyurl.firebasestorage.app\"}","GCLOUD_PROJECT":"linkifyurl","EVENTARC_CLOUD_EVENT_SOURCE":"projects/linkifyurl/locations/us-central1/services/healthCheck","FUNCTION_TARGET":"healthCheck","LOG_EXECUTION_ID":"true"},"ingressSettings":"ALLOW_ALL","uri":"https://healthcheck-ck2bcwa72a-uc.a.run.app","serviceAccountEmail":"296797983995-compute@developer.gserviceaccount.com","availableMemory":"256Mi","allTrafficOnLatestRevision":true,"revision":"healthcheck-00007-rax","maxInstanceRequestConcurrency":80,"availableCpu":"1"},"state":"ACTIVE","labels":{"deployment-tool":"cli-firebase","firebase-functions-hash":"c65864b087821c1e69f48427bb4802a658056ea7"},"environment":"GEN_2","url":"https://us-central1-linkifyurl.cloudfunctions.net/healthCheck","satisfiesPzi":true},"stages":[{"name":"BUILD","message":"Build in progress","state":"IN_PROGRESS","resource":"projects/296797983995/locations/us-central1/builds/75a13c8e-5e84-4556-8fbe-1b75002c769c","resourceUri":"https://console.cloud.google.com/cloud-build/builds;region=us-central1/75a13c8e-5e84-4556-8fbe-1b75002c769c?project=296797983995"},{"name":"SERVICE","state":"NOT_STARTED"}],"operationType":"UPDATE_FUNCTION","buildName":"projects/296797983995/locations/us-central1/builds/75a13c8e-5e84-4556-8fbe-1b75002c769c"},"done":false}
[debug] [2026-10-07T15:50:52.690Z] [update-default-us-central1-healthCheck] Retrying task index 0
[debug] [2026-10-07T15:50:52.691Z] Checked if tokens are valid: true, expires at: 1791391707805
[debug] [2026-10-07T15:50:52.691Z] Checked if tokens are valid: true, expires at: 1791391707805
[debug] [2026-10-07T15:50:52.691Z] >>> [apiv2][query] GET https://cloudfunctions.googleapis.com/v2/projects/linkifyurl/locations/us-central1/operations/operation-1791388241016-65d4213c2b5eb-e5a156fc-79aba313 [none]
[debug] [2026-10-07T15:50:53.026Z] <<< [apiv2][status] GET https://cloudfunctions.googleapis.com/v2/projects/linkifyurl/locations/us-central1/operations/operation-1791388241016-65d4213c2b5eb-e5a156fc-79aba313 200
[debug] [2026-10-07T15:50:53.027Z] <<< [apiv2][body] GET https://cloudfunctions.googleapis.com/v2/projects/linkifyurl/locations/us-central1/operations/operation-1791388241016-65d4213c2b5eb-e5a156fc-79aba313 {"name":"projects/linkifyurl/locations/us-central1/operations/operation-1791388241016-65d4213c2b5eb-e5a156fc-79aba313","metadata":{"@type":"type.googleapis.com/google.cloud.functions.v2.OperationMetadata","createTime":"2026-10-07T15:50:42.230161497Z","target":"projects/linkifyurl/locations/us-central1/functions/healthCheck","verb":"update","cancelRequested":false,"apiVersion":"v2","requestResource":{"@type":"type.googleapis.com/google.cloud.functions.v2.Function","name":"projects/linkifyurl/locations/us-central1/functions/healthCheck","buildConfig":{"runtime":"nodejs20","entryPoint":"healthCheck","source":{"storageSource":{"bucket":"gcf-v2-sources-296797983995-us-central1","object":"healthCheck/function-source.zip","generation":"1791388242170165"}},"environmentVariables":{"GOOGLE_NODE_RUN_SCRIPTS":""},"dockerRepository":"projects/linkifyurl/locations/us-central1/repositories/gcf-artifacts","sourceProvenance":{"resolvedStorageSource":{"bucket":"gcf-v2-sources-296797983995-us-central1","object":"healthCheck/function-source.zip","generation":"1778495315446897"}},"dockerRegistry":"ARTIFACT_REGISTRY","serviceAccount":"projects/linkifyurl/serviceAccounts/296797983995-compute@developer.gserviceaccount.com","automaticUpdatePolicy":{}},"serviceConfig":{"service":"projects/linkifyurl/locations/us-central1/services/healthcheck","timeoutSeconds":60,"environmentVariables":{"FIREBASE_CONFIG":"{\"projectId\":\"linkifyurl\",\"storageBucket\":\"linkifyurl.firebasestorage.app\"}","GCLOUD_PROJECT":"linkifyurl","EVENTARC_CLOUD_EVENT_SOURCE":"projects/linkifyurl/locations/us-central1/services/healthCheck","FUNCTION_TARGET":"healthCheck","LOG_EXECUTION_ID":"true"},"ingressSettings":"ALLOW_ALL","uri":"https://healthcheck-ck2bcwa72a-uc.a.run.app","serviceAccountEmail":"296797983995-compute@developer.gserviceaccount.com","availableMemory":"256Mi","allTrafficOnLatestRevision":true,"revision":"healthcheck-00007-rax","maxInstanceRequestConcurrency":80,"availableCpu":"1"},"state":"ACTIVE","labels":{"deployment-tool":"cli-firebase","firebase-functions-hash":"c65864b087821c1e69f48427bb4802a658056ea7"},"environment":"GEN_2","url":"https://us-central1-linkifyurl.cloudfunctions.net/healthCheck","satisfiesPzi":true},"stages":[{"name":"BUILD","message":"Build in progress","state":"IN_PROGRESS","resource":"projects/296797983995/locations/us-central1/builds/75a13c8e-5e84-4556-8fbe-1b75002c769c","resourceUri":"https://console.cloud.google.com/cloud-build/builds;region=us-central1/75a13c8e-5e84-4556-8fbe-1b75002c769c?project=296797983995"},{"name":"SERVICE","state":"NOT_STARTED"}],"operationType":"UPDATE_FUNCTION","buildName":"projects/296797983995/locations/us-central1/builds/75a13c8e-5e84-4556-8fbe-1b75002c769c"},"done":false}
[debug] [2026-10-07T15:51:01.028Z] [update-default-us-central1-healthCheck] Retrying task index 0
[debug] [2026-10-07T15:51:01.028Z] Checked if tokens are valid: true, expires at: 1791391707805
[debug] [2026-10-07T15:51:01.028Z] Checked if tokens are valid: true, expires at: 1791391707805
[debug] [2026-10-07T15:51:01.028Z] >>> [apiv2][query] GET https://cloudfunctions.googleapis.com/v2/projects/linkifyurl/locations/us-central1/operations/operation-1791388241016-65d4213c2b5eb-e5a156fc-79aba313 [none]
[debug] [2026-10-07T15:51:01.659Z] <<< [apiv2][status] GET https://cloudfunctions.googleapis.com/v2/projects/linkifyurl/locations/us-central1/operations/operation-1791388241016-65d4213c2b5eb-e5a156fc-79aba313 200
[debug] [2026-10-07T15:51:01.659Z] <<< [apiv2][body] GET https://cloudfunctions.googleapis.com/v2/projects/linkifyurl/locations/us-central1/operations/operation-1791388241016-65d4213c2b5eb-e5a156fc-79aba313 {"name":"projects/linkifyurl/locations/us-central1/operations/operation-1791388241016-65d4213c2b5eb-e5a156fc-79aba313","metadata":{"@type":"type.googleapis.com/google.cloud.functions.v2.OperationMetadata","createTime":"2026-10-07T15:50:42.230161497Z","target":"projects/linkifyurl/locations/us-central1/functions/healthCheck","verb":"update","cancelRequested":false,"apiVersion":"v2","requestResource":{"@type":"type.googleapis.com/google.cloud.functions.v2.Function","name":"projects/linkifyurl/locations/us-central1/functions/healthCheck","buildConfig":{"runtime":"nodejs20","entryPoint":"healthCheck","source":{"storageSource":{"bucket":"gcf-v2-sources-296797983995-us-central1","object":"healthCheck/function-source.zip","generation":"1791388242170165"}},"environmentVariables":{"GOOGLE_NODE_RUN_SCRIPTS":""},"dockerRepository":"projects/linkifyurl/locations/us-central1/repositories/gcf-artifacts","sourceProvenance":{"resolvedStorageSource":{"bucket":"gcf-v2-sources-296797983995-us-central1","object":"healthCheck/function-source.zip","generation":"1778495315446897"}},"dockerRegistry":"ARTIFACT_REGISTRY","serviceAccount":"projects/linkifyurl/serviceAccounts/296797983995-compute@developer.gserviceaccount.com","automaticUpdatePolicy":{}},"serviceConfig":{"service":"projects/linkifyurl/locations/us-central1/services/healthcheck","timeoutSeconds":60,"environmentVariables":{"FIREBASE_CONFIG":"{\"projectId\":\"linkifyurl\",\"storageBucket\":\"linkifyurl.firebasestorage.app\"}","GCLOUD_PROJECT":"linkifyurl","EVENTARC_CLOUD_EVENT_SOURCE":"projects/linkifyurl/locations/us-central1/services/healthCheck","FUNCTION_TARGET":"healthCheck","LOG_EXECUTION_ID":"true"},"ingressSettings":"ALLOW_ALL","uri":"https://healthcheck-ck2bcwa72a-uc.a.run.app","serviceAccountEmail":"296797983995-compute@developer.gserviceaccount.com","availableMemory":"256Mi","allTrafficOnLatestRevision":true,"revision":"healthcheck-00007-rax","maxInstanceRequestConcurrency":80,"availableCpu":"1"},"state":"ACTIVE","labels":{"deployment-tool":"cli-firebase","firebase-functions-hash":"c65864b087821c1e69f48427bb4802a658056ea7"},"environment":"GEN_2","url":"https://us-central1-linkifyurl.cloudfunctions.net/healthCheck","satisfiesPzi":true},"stages":[{"name":"BUILD","message":"Build in progress","state":"IN_PROGRESS","resource":"projects/296797983995/locations/us-central1/builds/75a13c8e-5e84-4556-8fbe-1b75002c769c","resourceUri":"https://console.cloud.google.com/cloud-build/builds;region=us-central1/75a13c8e-5e84-4556-8fbe-1b75002c769c?project=296797983995"},{"name":"SERVICE","state":"NOT_STARTED"}],"operationType":"UPDATE_FUNCTION","buildName":"projects/296797983995/locations/us-central1/builds/75a13c8e-5e84-4556-8fbe-1b75002c769c"},"done":false}
[debug] [2026-10-07T15:51:11.661Z] [update-default-us-central1-healthCheck] Retrying task index 0
[debug] [2026-10-07T15:51:11.661Z] Checked if tokens are valid: true, expires at: 1791391707805
[debug] [2026-10-07T15:51:11.661Z] Checked if tokens are valid: true, expires at: 1791391707805
[debug] [2026-10-07T15:51:11.661Z] >>> [apiv2][query] GET https://cloudfunctions.googleapis.com/v2/projects/linkifyurl/locations/us-central1/operations/operation-1791388241016-65d4213c2b5eb-e5a156fc-79aba313 [none]
[debug] [2026-10-07T15:51:12.804Z] <<< [apiv2][status] GET https://cloudfunctions.googleapis.com/v2/projects/linkifyurl/locations/us-central1/operations/operation-1791388241016-65d4213c2b5eb-e5a156fc-79aba313 200
[debug] [2026-10-07T15:51:12.804Z] <<< [apiv2][body] GET https://cloudfunctions.googleapis.com/v2/projects/linkifyurl/locations/us-central1/operations/operation-1791388241016-65d4213c2b5eb-e5a156fc-79aba313 {"name":"projects/linkifyurl/locations/us-central1/operations/operation-1791388241016-65d4213c2b5eb-e5a156fc-79aba313","metadata":{"@type":"type.googleapis.com/google.cloud.functions.v2.OperationMetadata","createTime":"2026-10-07T15:50:42.230161497Z","target":"projects/linkifyurl/locations/us-central1/functions/healthCheck","verb":"update","cancelRequested":false,"apiVersion":"v2","requestResource":{"@type":"type.googleapis.com/google.cloud.functions.v2.Function","name":"projects/linkifyurl/locations/us-central1/functions/healthCheck","buildConfig":{"runtime":"nodejs20","entryPoint":"healthCheck","source":{"storageSource":{"bucket":"gcf-v2-sources-296797983995-us-central1","object":"healthCheck/function-source.zip","generation":"1791388242170165"}},"environmentVariables":{"GOOGLE_NODE_RUN_SCRIPTS":""},"dockerRepository":"projects/linkifyurl/locations/us-central1/repositories/gcf-artifacts","sourceProvenance":{"resolvedStorageSource":{"bucket":"gcf-v2-sources-296797983995-us-central1","object":"healthCheck/function-source.zip","generation":"1778495315446897"}},"dockerRegistry":"ARTIFACT_REGISTRY","serviceAccount":"projects/linkifyurl/serviceAccounts/296797983995-compute@developer.gserviceaccount.com","automaticUpdatePolicy":{}},"serviceConfig":{"service":"projects/linkifyurl/locations/us-central1/services/healthcheck","timeoutSeconds":60,"environmentVariables":{"FIREBASE_CONFIG":"{\"projectId\":\"linkifyurl\",\"storageBucket\":\"linkifyurl.firebasestorage.app\"}","GCLOUD_PROJECT":"linkifyurl","EVENTARC_CLOUD_EVENT_SOURCE":"projects/linkifyurl/locations/us-central1/services/healthCheck","FUNCTION_TARGET":"healthCheck","LOG_EXECUTION_ID":"true"},"ingressSettings":"ALLOW_ALL","uri":"https://healthcheck-ck2bcwa72a-uc.a.run.app","serviceAccountEmail":"296797983995-compute@developer.gserviceaccount.com","availableMemory":"256Mi","allTrafficOnLatestRevision":true,"revision":"healthcheck-00007-rax","maxInstanceRequestConcurrency":80,"availableCpu":"1"},"state":"ACTIVE","labels":{"deployment-tool":"cli-firebase","firebase-functions-hash":"c65864b087821c1e69f48427bb4802a658056ea7"},"environment":"GEN_2","url":"https://us-central1-linkifyurl.cloudfunctions.net/healthCheck","satisfiesPzi":true},"stages":[{"name":"BUILD","message":"Build in progress","state":"IN_PROGRESS","resource":"projects/296797983995/locations/us-central1/builds/75a13c8e-5e84-4556-8fbe-1b75002c769c","resourceUri":"https://console.cloud.google.com/cloud-build/builds;region=us-central1/75a13c8e-5e84-4556-8fbe-1b75002c769c?project=296797983995"},{"name":"SERVICE","state":"NOT_STARTED"}],"operationType":"UPDATE_FUNCTION","buildName":"projects/296797983995/locations/us-central1/builds/75a13c8e-5e84-4556-8fbe-1b75002c769c"},"done":false}
[debug] [2026-10-07T15:51:22.805Z] [update-default-us-central1-healthCheck] Retrying task index 0
[debug] [2026-10-07T15:51:22.806Z] Checked if tokens are valid: true, expires at: 1791391707805
[debug] [2026-10-07T15:51:22.806Z] Checked if tokens are valid: true, expires at: 1791391707805
[debug] [2026-10-07T15:51:22.806Z] >>> [apiv2][query] GET https://cloudfunctions.googleapis.com/v2/projects/linkifyurl/locations/us-central1/operations/operation-1791388241016-65d4213c2b5eb-e5a156fc-79aba313 [none]
[debug] [2026-10-07T15:51:24.100Z] <<< [apiv2][status] GET https://cloudfunctions.googleapis.com/v2/projects/linkifyurl/locations/us-central1/operations/operation-1791388241016-65d4213c2b5eb-e5a156fc-79aba313 200
[debug] [2026-10-07T15:51:24.100Z] <<< [apiv2][body] GET https://cloudfunctions.googleapis.com/v2/projects/linkifyurl/locations/us-central1/operations/operation-1791388241016-65d4213c2b5eb-e5a156fc-79aba313 {"name":"projects/linkifyurl/locations/us-central1/operations/operation-1791388241016-65d4213c2b5eb-e5a156fc-79aba313","metadata":{"@type":"type.googleapis.com/google.cloud.functions.v2.OperationMetadata","createTime":"2026-10-07T15:50:42.230161497Z","target":"projects/linkifyurl/locations/us-central1/functions/healthCheck","verb":"update","cancelRequested":false,"apiVersion":"v2","requestResource":{"@type":"type.googleapis.com/google.cloud.functions.v2.Function","name":"projects/linkifyurl/locations/us-central1/functions/healthCheck","buildConfig":{"runtime":"nodejs20","entryPoint":"healthCheck","source":{"storageSource":{"bucket":"gcf-v2-sources-296797983995-us-central1","object":"healthCheck/function-source.zip","generation":"1791388242170165"}},"environmentVariables":{"GOOGLE_NODE_RUN_SCRIPTS":""},"dockerRepository":"projects/linkifyurl/locations/us-central1/repositories/gcf-artifacts","sourceProvenance":{"resolvedStorageSource":{"bucket":"gcf-v2-sources-296797983995-us-central1","object":"healthCheck/function-source.zip","generation":"1778495315446897"}},"dockerRegistry":"ARTIFACT_REGISTRY","serviceAccount":"projects/linkifyurl/serviceAccounts/296797983995-compute@developer.gserviceaccount.com","automaticUpdatePolicy":{}},"serviceConfig":{"service":"projects/linkifyurl/locations/us-central1/services/healthcheck","timeoutSeconds":60,"environmentVariables":{"FIREBASE_CONFIG":"{\"projectId\":\"linkifyurl\",\"storageBucket\":\"linkifyurl.firebasestorage.app\"}","GCLOUD_PROJECT":"linkifyurl","EVENTARC_CLOUD_EVENT_SOURCE":"projects/linkifyurl/locations/us-central1/services/healthCheck","FUNCTION_TARGET":"healthCheck","LOG_EXECUTION_ID":"true"},"ingressSettings":"ALLOW_ALL","uri":"https://healthcheck-ck2bcwa72a-uc.a.run.app","serviceAccountEmail":"296797983995-compute@developer.gserviceaccount.com","availableMemory":"256Mi","allTrafficOnLatestRevision":true,"revision":"healthcheck-00007-rax","maxInstanceRequestConcurrency":80,"availableCpu":"1"},"state":"ACTIVE","labels":{"deployment-tool":"cli-firebase","firebase-functions-hash":"c65864b087821c1e69f48427bb4802a658056ea7"},"environment":"GEN_2","url":"https://us-central1-linkifyurl.cloudfunctions.net/healthCheck","satisfiesPzi":true},"stages":[{"name":"BUILD","message":"Build in progress","state":"IN_PROGRESS","resource":"projects/296797983995/locations/us-central1/builds/75a13c8e-5e84-4556-8fbe-1b75002c769c","resourceUri":"https://console.cloud.google.com/cloud-build/builds;region=us-central1/75a13c8e-5e84-4556-8fbe-1b75002c769c?project=296797983995"},{"name":"SERVICE","state":"NOT_STARTED"}],"operationType":"UPDATE_FUNCTION","buildName":"projects/296797983995/locations/us-central1/builds/75a13c8e-5e84-4556-8fbe-1b75002c769c"},"done":false}
[debug] [2026-10-07T15:51:34.102Z] [update-default-us-central1-healthCheck] Retrying task index 0
[debug] [2026-10-07T15:51:34.102Z] Checked if tokens are valid: true, expires at: 1791391707805
[debug] [2026-10-07T15:51:34.102Z] Checked if tokens are valid: true, expires at: 1791391707805
[debug] [2026-10-07T15:51:34.103Z] >>> [apiv2][query] GET https://cloudfunctions.googleapis.com/v2/projects/linkifyurl/locations/us-central1/operations/operation-1791388241016-65d4213c2b5eb-e5a156fc-79aba313 [none]
[debug] [2026-10-07T15:51:35.634Z] <<< [apiv2][status] GET https://cloudfunctions.googleapis.com/v2/projects/linkifyurl/locations/us-central1/operations/operation-1791388241016-65d4213c2b5eb-e5a156fc-79aba313 200
[debug] [2026-10-07T15:51:35.634Z] <<< [apiv2][body] GET https://cloudfunctions.googleapis.com/v2/projects/linkifyurl/locations/us-central1/operations/operation-1791388241016-65d4213c2b5eb-e5a156fc-79aba313 {"name":"projects/linkifyurl/locations/us-central1/operations/operation-1791388241016-65d4213c2b5eb-e5a156fc-79aba313","metadata":{"@type":"type.googleapis.com/google.cloud.functions.v2.OperationMetadata","createTime":"2026-10-07T15:50:42.230161497Z","target":"projects/linkifyurl/locations/us-central1/functions/healthCheck","verb":"update","cancelRequested":false,"apiVersion":"v2","requestResource":{"@type":"type.googleapis.com/google.cloud.functions.v2.Function","name":"projects/linkifyurl/locations/us-central1/functions/healthCheck","buildConfig":{"runtime":"nodejs20","entryPoint":"healthCheck","source":{"storageSource":{"bucket":"gcf-v2-sources-296797983995-us-central1","object":"healthCheck/function-source.zip","generation":"1791388242170165"}},"environmentVariables":{"GOOGLE_NODE_RUN_SCRIPTS":""},"dockerRepository":"projects/linkifyurl/locations/us-central1/repositories/gcf-artifacts","sourceProvenance":{"resolvedStorageSource":{"bucket":"gcf-v2-sources-296797983995-us-central1","object":"healthCheck/function-source.zip","generation":"1778495315446897"}},"dockerRegistry":"ARTIFACT_REGISTRY","serviceAccount":"projects/linkifyurl/serviceAccounts/296797983995-compute@developer.gserviceaccount.com","automaticUpdatePolicy":{}},"serviceConfig":{"service":"projects/linkifyurl/locations/us-central1/services/healthcheck","timeoutSeconds":60,"environmentVariables":{"FIREBASE_CONFIG":"{\"projectId\":\"linkifyurl\",\"storageBucket\":\"linkifyurl.firebasestorage.app\"}","GCLOUD_PROJECT":"linkifyurl","EVENTARC_CLOUD_EVENT_SOURCE":"projects/linkifyurl/locations/us-central1/services/healthCheck","FUNCTION_TARGET":"healthCheck","LOG_EXECUTION_ID":"true"},"ingressSettings":"ALLOW_ALL","uri":"https://healthcheck-ck2bcwa72a-uc.a.run.app","serviceAccountEmail":"296797983995-compute@developer.gserviceaccount.com","availableMemory":"256Mi","allTrafficOnLatestRevision":true,"revision":"healthcheck-00007-rax","maxInstanceRequestConcurrency":80,"availableCpu":"1"},"state":"ACTIVE","labels":{"deployment-tool":"cli-firebase","firebase-functions-hash":"c65864b087821c1e69f48427bb4802a658056ea7"},"environment":"GEN_2","url":"https://us-central1-linkifyurl.cloudfunctions.net/healthCheck","satisfiesPzi":true},"stages":[{"name":"BUILD","message":"Build in progress","state":"IN_PROGRESS","resource":"projects/296797983995/locations/us-central1/builds/75a13c8e-5e84-4556-8fbe-1b75002c769c","resourceUri":"https://console.cloud.google.com/cloud-build/builds;region=us-central1/75a13c8e-5e84-4556-8fbe-1b75002c769c?project=296797983995"},{"name":"SERVICE","state":"NOT_STARTED"}],"operationType":"UPDATE_FUNCTION","buildName":"projects/296797983995/locations/us-central1/builds/75a13c8e-5e84-4556-8fbe-1b75002c769c"},"done":false}
[debug] [2026-10-07T15:51:45.635Z] [update-default-us-central1-healthCheck] Retrying task index 0
[debug] [2026-10-07T15:51:45.636Z] Checked if tokens are valid: true, expires at: 1791391707805
[debug] [2026-10-07T15:51:45.636Z] Checked if tokens are valid: true, expires at: 1791391707805
[debug] [2026-10-07T15:51:45.636Z] >>> [apiv2][query] GET https://cloudfunctions.googleapis.com/v2/projects/linkifyurl/locations/us-central1/operations/operation-1791388241016-65d4213c2b5eb-e5a156fc-79aba313 [none]
[debug] [2026-10-07T15:51:46.790Z] <<< [apiv2][status] GET https://cloudfunctions.googleapis.com/v2/projects/linkifyurl/locations/us-central1/operations/operation-1791388241016-65d4213c2b5eb-e5a156fc-79aba313 200
[debug] [2026-10-07T15:51:46.790Z] <<< [apiv2][body] GET https://cloudfunctions.googleapis.com/v2/projects/linkifyurl/locations/us-central1/operations/operation-1791388241016-65d4213c2b5eb-e5a156fc-79aba313 {"name":"projects/linkifyurl/locations/us-central1/operations/operation-1791388241016-65d4213c2b5eb-e5a156fc-79aba313","metadata":{"@type":"type.googleapis.com/google.cloud.functions.v2.OperationMetadata","createTime":"2026-10-07T15:50:42.230161497Z","target":"projects/linkifyurl/locations/us-central1/functions/healthCheck","verb":"update","cancelRequested":false,"apiVersion":"v2","requestResource":{"@type":"type.googleapis.com/google.cloud.functions.v2.Function","name":"projects/linkifyurl/locations/us-central1/functions/healthCheck","buildConfig":{"runtime":"nodejs20","entryPoint":"healthCheck","source":{"storageSource":{"bucket":"gcf-v2-sources-296797983995-us-central1","object":"healthCheck/function-source.zip","generation":"1791388242170165"}},"environmentVariables":{"GOOGLE_NODE_RUN_SCRIPTS":""},"dockerRepository":"projects/linkifyurl/locations/us-central1/repositories/gcf-artifacts","sourceProvenance":{"resolvedStorageSource":{"bucket":"gcf-v2-sources-296797983995-us-central1","object":"healthCheck/function-source.zip","generation":"1778495315446897"}},"dockerRegistry":"ARTIFACT_REGISTRY","serviceAccount":"projects/linkifyurl/serviceAccounts/296797983995-compute@developer.gserviceaccount.com","automaticUpdatePolicy":{}},"serviceConfig":{"service":"projects/linkifyurl/locations/us-central1/services/healthcheck","timeoutSeconds":60,"environmentVariables":{"FIREBASE_CONFIG":"{\"projectId\":\"linkifyurl\",\"storageBucket\":\"linkifyurl.firebasestorage.app\"}","GCLOUD_PROJECT":"linkifyurl","EVENTARC_CLOUD_EVENT_SOURCE":"projects/linkifyurl/locations/us-central1/services/healthCheck","FUNCTION_TARGET":"healthCheck","LOG_EXECUTION_ID":"true"},"ingressSettings":"ALLOW_ALL","uri":"https://healthcheck-ck2bcwa72a-uc.a.run.app","serviceAccountEmail":"296797983995-compute@developer.gserviceaccount.com","availableMemory":"256Mi","allTrafficOnLatestRevision":true,"revision":"healthcheck-00007-rax","maxInstanceRequestConcurrency":80,"availableCpu":"1"},"state":"ACTIVE","labels":{"deployment-tool":"cli-firebase","firebase-functions-hash":"c65864b087821c1e69f48427bb4802a658056ea7"},"environment":"GEN_2","url":"https://us-central1-linkifyurl.cloudfunctions.net/healthCheck","satisfiesPzi":true},"stages":[{"name":"BUILD","message":"Build in progress","state":"IN_PROGRESS","resource":"projects/296797983995/locations/us-central1/builds/75a13c8e-5e84-4556-8fbe-1b75002c769c","resourceUri":"https://console.cloud.google.com/cloud-build/builds;region=us-central1/75a13c8e-5e84-4556-8fbe-1b75002c769c?project=296797983995"},{"name":"SERVICE","state":"NOT_STARTED"}],"operationType":"UPDATE_FUNCTION","buildName":"projects/296797983995/locations/us-central1/builds/75a13c8e-5e84-4556-8fbe-1b75002c769c"},"done":false}
[debug] [2026-10-07T15:51:56.791Z] [update-default-us-central1-healthCheck] Retrying task index 0
[debug] [2026-10-07T15:51:56.792Z] Checked if tokens are valid: true, expires at: 1791391707805
[debug] [2026-10-07T15:51:56.792Z] Checked if tokens are valid: true, expires at: 1791391707805
[debug] [2026-10-07T15:51:56.792Z] >>> [apiv2][query] GET https://cloudfunctions.googleapis.com/v2/projects/linkifyurl/locations/us-central1/operations/operation-1791388241016-65d4213c2b5eb-e5a156fc-79aba313 [none]
[debug] [2026-10-07T15:51:58.041Z] <<< [apiv2][status] GET https://cloudfunctions.googleapis.com/v2/projects/linkifyurl/locations/us-central1/operations/operation-1791388241016-65d4213c2b5eb-e5a156fc-79aba313 200
[debug] [2026-10-07T15:51:58.042Z] <<< [apiv2][body] GET https://cloudfunctions.googleapis.com/v2/projects/linkifyurl/locations/us-central1/operations/operation-1791388241016-65d4213c2b5eb-e5a156fc-79aba313 {"name":"projects/linkifyurl/locations/us-central1/operations/operation-1791388241016-65d4213c2b5eb-e5a156fc-79aba313","metadata":{"@type":"type.googleapis.com/google.cloud.functions.v2.OperationMetadata","createTime":"2026-10-07T15:50:42.230161497Z","target":"projects/linkifyurl/locations/us-central1/functions/healthCheck","verb":"update","cancelRequested":false,"apiVersion":"v2","requestResource":{"@type":"type.googleapis.com/google.cloud.functions.v2.Function","name":"projects/linkifyurl/locations/us-central1/functions/healthCheck","buildConfig":{"runtime":"nodejs20","entryPoint":"healthCheck","source":{"storageSource":{"bucket":"gcf-v2-sources-296797983995-us-central1","object":"healthCheck/function-source.zip","generation":"1791388242170165"}},"environmentVariables":{"GOOGLE_NODE_RUN_SCRIPTS":""},"dockerRepository":"projects/linkifyurl/locations/us-central1/repositories/gcf-artifacts","sourceProvenance":{"resolvedStorageSource":{"bucket":"gcf-v2-sources-296797983995-us-central1","object":"healthCheck/function-source.zip","generation":"1778495315446897"}},"dockerRegistry":"ARTIFACT_REGISTRY","serviceAccount":"projects/linkifyurl/serviceAccounts/296797983995-compute@developer.gserviceaccount.com","automaticUpdatePolicy":{}},"serviceConfig":{"service":"projects/linkifyurl/locations/us-central1/services/healthcheck","timeoutSeconds":60,"environmentVariables":{"FIREBASE_CONFIG":"{\"projectId\":\"linkifyurl\",\"storageBucket\":\"linkifyurl.firebasestorage.app\"}","GCLOUD_PROJECT":"linkifyurl","EVENTARC_CLOUD_EVENT_SOURCE":"projects/linkifyurl/locations/us-central1/services/healthCheck","FUNCTION_TARGET":"healthCheck","LOG_EXECUTION_ID":"true"},"ingressSettings":"ALLOW_ALL","uri":"https://healthcheck-ck2bcwa72a-uc.a.run.app","serviceAccountEmail":"296797983995-compute@developer.gserviceaccount.com","availableMemory":"256Mi","allTrafficOnLatestRevision":true,"revision":"healthcheck-00007-rax","maxInstanceRequestConcurrency":80,"availableCpu":"1"},"state":"ACTIVE","labels":{"deployment-tool":"cli-firebase","firebase-functions-hash":"c65864b087821c1e69f48427bb4802a658056ea7"},"environment":"GEN_2","url":"https://us-central1-linkifyurl.cloudfunctions.net/healthCheck","satisfiesPzi":true},"stages":[{"name":"BUILD","message":"Build in progress","state":"IN_PROGRESS","resource":"projects/296797983995/locations/us-central1/builds/75a13c8e-5e84-4556-8fbe-1b75002c769c","resourceUri":"https://console.cloud.google.com/cloud-build/builds;region=us-central1/75a13c8e-5e84-4556-8fbe-1b75002c769c?project=296797983995"},{"name":"SERVICE","state":"NOT_STARTED"}],"operationType":"UPDATE_FUNCTION","buildName":"projects/296797983995/locations/us-central1/builds/75a13c8e-5e84-4556-8fbe-1b75002c769c"},"done":false}
[debug] [2026-10-07T15:52:08.044Z] [update-default-us-central1-healthCheck] Retrying task index 0
[debug] [2026-10-07T15:52:08.044Z] Checked if tokens are valid: true, expires at: 1791391707805
[debug] [2026-10-07T15:52:08.044Z] Checked if tokens are valid: true, expires at: 1791391707805
[debug] [2026-10-07T15:52:08.044Z] >>> [apiv2][query] GET https://cloudfunctions.googleapis.com/v2/projects/linkifyurl/locations/us-central1/operations/operation-1791388241016-65d4213c2b5eb-e5a156fc-79aba313 [none]
[debug] [2026-10-07T15:52:09.274Z] <<< [apiv2][status] GET https://cloudfunctions.googleapis.com/v2/projects/linkifyurl/locations/us-central1/operations/operation-1791388241016-65d4213c2b5eb-e5a156fc-79aba313 200
[debug] [2026-10-07T15:52:09.275Z] <<< [apiv2][body] GET https://cloudfunctions.googleapis.com/v2/projects/linkifyurl/locations/us-central1/operations/operation-1791388241016-65d4213c2b5eb-e5a156fc-79aba313 {"name":"projects/linkifyurl/locations/us-central1/operations/operation-1791388241016-65d4213c2b5eb-e5a156fc-79aba313","metadata":{"@type":"type.googleapis.com/google.cloud.functions.v2.OperationMetadata","createTime":"2026-10-07T15:50:42.230161497Z","target":"projects/linkifyurl/locations/us-central1/functions/healthCheck","verb":"update","cancelRequested":false,"apiVersion":"v2","requestResource":{"@type":"type.googleapis.com/google.cloud.functions.v2.Function","name":"projects/linkifyurl/locations/us-central1/functions/healthCheck","buildConfig":{"runtime":"nodejs20","entryPoint":"healthCheck","source":{"storageSource":{"bucket":"gcf-v2-sources-296797983995-us-central1","object":"healthCheck/function-source.zip","generation":"1791388242170165"}},"environmentVariables":{"GOOGLE_NODE_RUN_SCRIPTS":""},"dockerRepository":"projects/linkifyurl/locations/us-central1/repositories/gcf-artifacts","sourceProvenance":{"resolvedStorageSource":{"bucket":"gcf-v2-sources-296797983995-us-central1","object":"healthCheck/function-source.zip","generation":"1778495315446897"}},"dockerRegistry":"ARTIFACT_REGISTRY","serviceAccount":"projects/linkifyurl/serviceAccounts/296797983995-compute@developer.gserviceaccount.com","automaticUpdatePolicy":{}},"serviceConfig":{"service":"projects/linkifyurl/locations/us-central1/services/healthcheck","timeoutSeconds":60,"environmentVariables":{"FIREBASE_CONFIG":"{\"projectId\":\"linkifyurl\",\"storageBucket\":\"linkifyurl.firebasestorage.app\"}","GCLOUD_PROJECT":"linkifyurl","EVENTARC_CLOUD_EVENT_SOURCE":"projects/linkifyurl/locations/us-central1/services/healthCheck","FUNCTION_TARGET":"healthCheck","LOG_EXECUTION_ID":"true"},"ingressSettings":"ALLOW_ALL","uri":"https://healthcheck-ck2bcwa72a-uc.a.run.app","serviceAccountEmail":"296797983995-compute@developer.gserviceaccount.com","availableMemory":"256Mi","allTrafficOnLatestRevision":true,"revision":"healthcheck-00007-rax","maxInstanceRequestConcurrency":80,"availableCpu":"1"},"state":"ACTIVE","labels":{"deployment-tool":"cli-firebase","firebase-functions-hash":"c65864b087821c1e69f48427bb4802a658056ea7"},"environment":"GEN_2","url":"https://us-central1-linkifyurl.cloudfunctions.net/healthCheck","satisfiesPzi":true},"stages":[{"name":"BUILD","message":"Build in progress","state":"IN_PROGRESS","resource":"projects/296797983995/locations/us-central1/builds/75a13c8e-5e84-4556-8fbe-1b75002c769c","resourceUri":"https://console.cloud.google.com/cloud-build/builds;region=us-central1/75a13c8e-5e84-4556-8fbe-1b75002c769c?project=296797983995"},{"name":"SERVICE","state":"NOT_STARTED"}],"operationType":"UPDATE_FUNCTION","buildName":"projects/296797983995/locations/us-central1/builds/75a13c8e-5e84-4556-8fbe-1b75002c769c"},"done":false}
[debug] [2026-10-07T15:52:19.275Z] [update-default-us-central1-healthCheck] Retrying task index 0
[debug] [2026-10-07T15:52:19.275Z] Checked if tokens are valid: true, expires at: 1791391707805
[debug] [2026-10-07T15:52:19.275Z] Checked if tokens are valid: true, expires at: 1791391707805
[debug] [2026-10-07T15:52:19.275Z] >>> [apiv2][query] GET https://cloudfunctions.googleapis.com/v2/projects/linkifyurl/locations/us-central1/operations/operation-1791388241016-65d4213c2b5eb-e5a156fc-79aba313 [none]
[debug] [2026-10-07T15:52:20.393Z] <<< [apiv2][status] GET https://cloudfunctions.googleapis.com/v2/projects/linkifyurl/locations/us-central1/operations/operation-1791388241016-65d4213c2b5eb-e5a156fc-79aba313 200
[debug] [2026-10-07T15:52:20.393Z] <<< [apiv2][body] GET https://cloudfunctions.googleapis.com/v2/projects/linkifyurl/locations/us-central1/operations/operation-1791388241016-65d4213c2b5eb-e5a156fc-79aba313 {"name":"projects/linkifyurl/locations/us-central1/operations/operation-1791388241016-65d4213c2b5eb-e5a156fc-79aba313","metadata":{"@type":"type.googleapis.com/google.cloud.functions.v2.OperationMetadata","createTime":"2026-10-07T15:50:42.230161497Z","target":"projects/linkifyurl/locations/us-central1/functions/healthCheck","verb":"update","cancelRequested":false,"apiVersion":"v2","requestResource":{"@type":"type.googleapis.com/google.cloud.functions.v2.Function","name":"projects/linkifyurl/locations/us-central1/functions/healthCheck","buildConfig":{"runtime":"nodejs20","entryPoint":"healthCheck","source":{"storageSource":{"bucket":"gcf-v2-sources-296797983995-us-central1","object":"healthCheck/function-source.zip","generation":"1791388242170165"}},"environmentVariables":{"GOOGLE_NODE_RUN_SCRIPTS":""},"dockerRepository":"projects/linkifyurl/locations/us-central1/repositories/gcf-artifacts","sourceProvenance":{"resolvedStorageSource":{"bucket":"gcf-v2-sources-296797983995-us-central1","object":"healthCheck/function-source.zip","generation":"1778495315446897"}},"dockerRegistry":"ARTIFACT_REGISTRY","serviceAccount":"projects/linkifyurl/serviceAccounts/296797983995-compute@developer.gserviceaccount.com","automaticUpdatePolicy":{}},"serviceConfig":{"service":"projects/linkifyurl/locations/us-central1/services/healthcheck","timeoutSeconds":60,"environmentVariables":{"FIREBASE_CONFIG":"{\"projectId\":\"linkifyurl\",\"storageBucket\":\"linkifyurl.firebasestorage.app\"}","GCLOUD_PROJECT":"linkifyurl","EVENTARC_CLOUD_EVENT_SOURCE":"projects/linkifyurl/locations/us-central1/services/healthCheck","FUNCTION_TARGET":"healthCheck","LOG_EXECUTION_ID":"true"},"ingressSettings":"ALLOW_ALL","uri":"https://healthcheck-ck2bcwa72a-uc.a.run.app","serviceAccountEmail":"296797983995-compute@developer.gserviceaccount.com","availableMemory":"256Mi","allTrafficOnLatestRevision":true,"revision":"healthcheck-00007-rax","maxInstanceRequestConcurrency":80,"availableCpu":"1"},"state":"ACTIVE","labels":{"deployment-tool":"cli-firebase","firebase-functions-hash":"c65864b087821c1e69f48427bb4802a658056ea7"},"environment":"GEN_2","url":"https://us-central1-linkifyurl.cloudfunctions.net/healthCheck","satisfiesPzi":true},"stages":[{"name":"BUILD","message":"Build in progress","state":"IN_PROGRESS","resource":"projects/296797983995/locations/us-central1/builds/75a13c8e-5e84-4556-8fbe-1b75002c769c","resourceUri":"https://console.cloud.google.com/cloud-build/builds;region=us-central1/75a13c8e-5e84-4556-8fbe-1b75002c769c?project=296797983995"},{"name":"SERVICE","state":"NOT_STARTED"}],"operationType":"UPDATE_FUNCTION","buildName":"projects/296797983995/locations/us-central1/builds/75a13c8e-5e84-4556-8fbe-1b75002c769c"},"done":false}
[debug] [2026-10-07T15:52:30.394Z] [update-default-us-central1-healthCheck] Retrying task index 0
[debug] [2026-10-07T15:52:30.394Z] Checked if tokens are valid: true, expires at: 1791391707805
[debug] [2026-10-07T15:52:30.394Z] Checked if tokens are valid: true, expires at: 1791391707805
[debug] [2026-10-07T15:52:30.394Z] >>> [apiv2][query] GET https://cloudfunctions.googleapis.com/v2/projects/linkifyurl/locations/us-central1/operations/operation-1791388241016-65d4213c2b5eb-e5a156fc-79aba313 [none]
[debug] [2026-10-07T15:52:30.963Z] <<< [apiv2][status] GET https://cloudfunctions.googleapis.com/v2/projects/linkifyurl/locations/us-central1/operations/operation-1791388241016-65d4213c2b5eb-e5a156fc-79aba313 200
[debug] [2026-10-07T15:52:30.963Z] <<< [apiv2][body] GET https://cloudfunctions.googleapis.com/v2/projects/linkifyurl/locations/us-central1/operations/operation-1791388241016-65d4213c2b5eb-e5a156fc-79aba313 {"name":"projects/linkifyurl/locations/us-central1/operations/operation-1791388241016-65d4213c2b5eb-e5a156fc-79aba313","metadata":{"@type":"type.googleapis.com/google.cloud.functions.v2.OperationMetadata","createTime":"2026-10-07T15:50:42.230161497Z","target":"projects/linkifyurl/locations/us-central1/functions/healthCheck","verb":"update","cancelRequested":false,"apiVersion":"v2","requestResource":{"@type":"type.googleapis.com/google.cloud.functions.v2.Function","name":"projects/linkifyurl/locations/us-central1/functions/healthCheck","buildConfig":{"runtime":"nodejs20","entryPoint":"healthCheck","source":{"storageSource":{"bucket":"gcf-v2-sources-296797983995-us-central1","object":"healthCheck/function-source.zip","generation":"1791388242170165"}},"environmentVariables":{"GOOGLE_NODE_RUN_SCRIPTS":""},"dockerRepository":"projects/linkifyurl/locations/us-central1/repositories/gcf-artifacts","sourceProvenance":{"resolvedStorageSource":{"bucket":"gcf-v2-sources-296797983995-us-central1","object":"healthCheck/function-source.zip","generation":"1778495315446897"}},"dockerRegistry":"ARTIFACT_REGISTRY","serviceAccount":"projects/linkifyurl/serviceAccounts/296797983995-compute@developer.gserviceaccount.com","automaticUpdatePolicy":{}},"serviceConfig":{"service":"projects/linkifyurl/locations/us-central1/services/healthcheck","timeoutSeconds":60,"environmentVariables":{"FIREBASE_CONFIG":"{\"projectId\":\"linkifyurl\",\"storageBucket\":\"linkifyurl.firebasestorage.app\"}","GCLOUD_PROJECT":"linkifyurl","EVENTARC_CLOUD_EVENT_SOURCE":"projects/linkifyurl/locations/us-central1/services/healthCheck","FUNCTION_TARGET":"healthCheck","LOG_EXECUTION_ID":"true"},"ingressSettings":"ALLOW_ALL","uri":"https://healthcheck-ck2bcwa72a-uc.a.run.app","serviceAccountEmail":"296797983995-compute@developer.gserviceaccount.com","availableMemory":"256Mi","allTrafficOnLatestRevision":true,"revision":"healthcheck-00007-rax","maxInstanceRequestConcurrency":80,"availableCpu":"1"},"state":"ACTIVE","labels":{"deployment-tool":"cli-firebase","firebase-functions-hash":"c65864b087821c1e69f48427bb4802a658056ea7"},"environment":"GEN_2","url":"https://us-central1-linkifyurl.cloudfunctions.net/healthCheck","satisfiesPzi":true},"stages":[{"name":"BUILD","message":"Build in progress","state":"IN_PROGRESS","resource":"projects/296797983995/locations/us-central1/builds/75a13c8e-5e84-4556-8fbe-1b75002c769c","resourceUri":"https://console.cloud.google.com/cloud-build/builds;region=us-central1/75a13c8e-5e84-4556-8fbe-1b75002c769c?project=296797983995"},{"name":"SERVICE","state":"NOT_STARTED"}],"operationType":"UPDATE_FUNCTION","buildName":"projects/296797983995/locations/us-central1/builds/75a13c8e-5e84-4556-8fbe-1b75002c769c"},"done":false}
[debug] [2026-10-07T15:52:40.964Z] [update-default-us-central1-healthCheck] Retrying task index 0
[debug] [2026-10-07T15:52:40.964Z] Checked if tokens are valid: true, expires at: 1791391707805
[debug] [2026-10-07T15:52:40.964Z] Checked if tokens are valid: true, expires at: 1791391707805
[debug] [2026-10-07T15:52:40.964Z] >>> [apiv2][query] GET https://cloudfunctions.googleapis.com/v2/projects/linkifyurl/locations/us-central1/operations/operation-1791388241016-65d4213c2b5eb-e5a156fc-79aba313 [none]
[debug] [2026-10-07T15:52:42.215Z] <<< [apiv2][status] GET https://cloudfunctions.googleapis.com/v2/projects/linkifyurl/locations/us-central1/operations/operation-1791388241016-65d4213c2b5eb-e5a156fc-79aba313 200
[debug] [2026-10-07T15:52:42.215Z] <<< [apiv2][body] GET https://cloudfunctions.googleapis.com/v2/projects/linkifyurl/locations/us-central1/operations/operation-1791388241016-65d4213c2b5eb-e5a156fc-79aba313 {"name":"projects/linkifyurl/locations/us-central1/operations/operation-1791388241016-65d4213c2b5eb-e5a156fc-79aba313","metadata":{"@type":"type.googleapis.com/google.cloud.functions.v2.OperationMetadata","createTime":"2026-10-07T15:50:42.230161497Z","target":"projects/linkifyurl/locations/us-central1/functions/healthCheck","verb":"update","cancelRequested":false,"apiVersion":"v2","requestResource":{"@type":"type.googleapis.com/google.cloud.functions.v2.Function","name":"projects/linkifyurl/locations/us-central1/functions/healthCheck","buildConfig":{"runtime":"nodejs20","entryPoint":"healthCheck","source":{"storageSource":{"bucket":"gcf-v2-sources-296797983995-us-central1","object":"healthCheck/function-source.zip","generation":"1791388242170165"}},"environmentVariables":{"GOOGLE_NODE_RUN_SCRIPTS":""},"dockerRepository":"projects/linkifyurl/locations/us-central1/repositories/gcf-artifacts","sourceProvenance":{"resolvedStorageSource":{"bucket":"gcf-v2-sources-296797983995-us-central1","object":"healthCheck/function-source.zip","generation":"1778495315446897"}},"dockerRegistry":"ARTIFACT_REGISTRY","serviceAccount":"projects/linkifyurl/serviceAccounts/296797983995-compute@developer.gserviceaccount.com","automaticUpdatePolicy":{}},"serviceConfig":{"service":"projects/linkifyurl/locations/us-central1/services/healthcheck","timeoutSeconds":60,"environmentVariables":{"FIREBASE_CONFIG":"{\"projectId\":\"linkifyurl\",\"storageBucket\":\"linkifyurl.firebasestorage.app\"}","GCLOUD_PROJECT":"linkifyurl","EVENTARC_CLOUD_EVENT_SOURCE":"projects/linkifyurl/locations/us-central1/services/healthCheck","FUNCTION_TARGET":"healthCheck","LOG_EXECUTION_ID":"true"},"ingressSettings":"ALLOW_ALL","uri":"https://healthcheck-ck2bcwa72a-uc.a.run.app","serviceAccountEmail":"296797983995-compute@developer.gserviceaccount.com","availableMemory":"256Mi","allTrafficOnLatestRevision":true,"revision":"healthcheck-00007-rax","maxInstanceRequestConcurrency":80,"availableCpu":"1"},"state":"ACTIVE","labels":{"deployment-tool":"cli-firebase","firebase-functions-hash":"c65864b087821c1e69f48427bb4802a658056ea7"},"environment":"GEN_2","url":"https://us-central1-linkifyurl.cloudfunctions.net/healthCheck","satisfiesPzi":true},"stages":[{"name":"BUILD","message":"Build in progress","state":"IN_PROGRESS","resource":"projects/296797983995/locations/us-central1/builds/75a13c8e-5e84-4556-8fbe-1b75002c769c","resourceUri":"https://console.cloud.google.com/cloud-build/builds;region=us-central1/75a13c8e-5e84-4556-8fbe-1b75002c769c?project=296797983995"},{"name":"SERVICE","state":"NOT_STARTED"}],"operationType":"UPDATE_FUNCTION","buildName":"projects/296797983995/locations/us-central1/builds/75a13c8e-5e84-4556-8fbe-1b75002c769c"},"done":false}
[debug] [2026-10-07T15:52:52.216Z] [update-default-us-central1-healthCheck] Retrying task index 0
[debug] [2026-10-07T15:52:52.216Z] Checked if tokens are valid: true, expires at: 1791391707805
[debug] [2026-10-07T15:52:52.216Z] Checked if tokens are valid: true, expires at: 1791391707805
[debug] [2026-10-07T15:52:52.216Z] >>> [apiv2][query] GET https://cloudfunctions.googleapis.com/v2/projects/linkifyurl/locations/us-central1/operations/operation-1791388241016-65d4213c2b5eb-e5a156fc-79aba313 [none]
[debug] [2026-10-07T15:52:53.283Z] <<< [apiv2][status] GET https://cloudfunctions.googleapis.com/v2/projects/linkifyurl/locations/us-central1/operations/operation-1791388241016-65d4213c2b5eb-e5a156fc-79aba313 200
[debug] [2026-10-07T15:52:53.283Z] <<< [apiv2][body] GET https://cloudfunctions.googleapis.com/v2/projects/linkifyurl/locations/us-central1/operations/operation-1791388241016-65d4213c2b5eb-e5a156fc-79aba313 {"name":"projects/linkifyurl/locations/us-central1/operations/operation-1791388241016-65d4213c2b5eb-e5a156fc-79aba313","metadata":{"@type":"type.googleapis.com/google.cloud.functions.v2.OperationMetadata","createTime":"2026-10-07T15:50:42.230161497Z","target":"projects/linkifyurl/locations/us-central1/functions/healthCheck","verb":"update","cancelRequested":false,"apiVersion":"v2","requestResource":{"@type":"type.googleapis.com/google.cloud.functions.v2.Function","name":"projects/linkifyurl/locations/us-central1/functions/healthCheck","buildConfig":{"runtime":"nodejs20","entryPoint":"healthCheck","source":{"storageSource":{"bucket":"gcf-v2-sources-296797983995-us-central1","object":"healthCheck/function-source.zip","generation":"1791388242170165"}},"environmentVariables":{"GOOGLE_NODE_RUN_SCRIPTS":""},"dockerRepository":"projects/linkifyurl/locations/us-central1/repositories/gcf-artifacts","sourceProvenance":{"resolvedStorageSource":{"bucket":"gcf-v2-sources-296797983995-us-central1","object":"healthCheck/function-source.zip","generation":"1778495315446897"}},"dockerRegistry":"ARTIFACT_REGISTRY","serviceAccount":"projects/linkifyurl/serviceAccounts/296797983995-compute@developer.gserviceaccount.com","automaticUpdatePolicy":{}},"serviceConfig":{"service":"projects/linkifyurl/locations/us-central1/services/healthcheck","timeoutSeconds":60,"environmentVariables":{"FIREBASE_CONFIG":"{\"projectId\":\"linkifyurl\",\"storageBucket\":\"linkifyurl.firebasestorage.app\"}","GCLOUD_PROJECT":"linkifyurl","EVENTARC_CLOUD_EVENT_SOURCE":"projects/linkifyurl/locations/us-central1/services/healthCheck","FUNCTION_TARGET":"healthCheck","LOG_EXECUTION_ID":"true"},"ingressSettings":"ALLOW_ALL","uri":"https://healthcheck-ck2bcwa72a-uc.a.run.app","serviceAccountEmail":"296797983995-compute@developer.gserviceaccount.com","availableMemory":"256Mi","allTrafficOnLatestRevision":true,"revision":"healthcheck-00007-rax","maxInstanceRequestConcurrency":80,"availableCpu":"1"},"state":"ACTIVE","labels":{"deployment-tool":"cli-firebase","firebase-functions-hash":"c65864b087821c1e69f48427bb4802a658056ea7"},"environment":"GEN_2","url":"https://us-central1-linkifyurl.cloudfunctions.net/healthCheck","satisfiesPzi":true},"stages":[{"name":"BUILD","message":"Build in progress","state":"IN_PROGRESS","resource":"projects/296797983995/locations/us-central1/builds/75a13c8e-5e84-4556-8fbe-1b75002c769c","resourceUri":"https://console.cloud.google.com/cloud-build/builds;region=us-central1/75a13c8e-5e84-4556-8fbe-1b75002c769c?project=296797983995"},{"name":"SERVICE","state":"NOT_STARTED"}],"operationType":"UPDATE_FUNCTION","buildName":"projects/296797983995/locations/us-central1/builds/75a13c8e-5e84-4556-8fbe-1b75002c769c"},"done":false}
[debug] [2026-10-07T15:53:03.284Z] [update-default-us-central1-healthCheck] Retrying task index 0
[debug] [2026-10-07T15:53:03.284Z] Checked if tokens are valid: true, expires at: 1791391707805
[debug] [2026-10-07T15:53:03.284Z] Checked if tokens are valid: true, expires at: 1791391707805
[debug] [2026-10-07T15:53:03.284Z] >>> [apiv2][query] GET https://cloudfunctions.googleapis.com/v2/projects/linkifyurl/locations/us-central1/operations/operation-1791388241016-65d4213c2b5eb-e5a156fc-79aba313 [none]
[debug] [2026-10-07T15:53:04.385Z] <<< [apiv2][status] GET https://cloudfunctions.googleapis.com/v2/projects/linkifyurl/locations/us-central1/operations/operation-1791388241016-65d4213c2b5eb-e5a156fc-79aba313 200
[debug] [2026-10-07T15:53:04.385Z] <<< [apiv2][body] GET https://cloudfunctions.googleapis.com/v2/projects/linkifyurl/locations/us-central1/operations/operation-1791388241016-65d4213c2b5eb-e5a156fc-79aba313 {"name":"projects/linkifyurl/locations/us-central1/operations/operation-1791388241016-65d4213c2b5eb-e5a156fc-79aba313","metadata":{"@type":"type.googleapis.com/google.cloud.functions.v2.OperationMetadata","createTime":"2026-10-07T15:50:42.230161497Z","target":"projects/linkifyurl/locations/us-central1/functions/healthCheck","verb":"update","cancelRequested":false,"apiVersion":"v2","requestResource":{"@type":"type.googleapis.com/google.cloud.functions.v2.Function","name":"projects/linkifyurl/locations/us-central1/functions/healthCheck","buildConfig":{"runtime":"nodejs20","entryPoint":"healthCheck","source":{"storageSource":{"bucket":"gcf-v2-sources-296797983995-us-central1","object":"healthCheck/function-source.zip","generation":"1791388242170165"}},"environmentVariables":{"GOOGLE_NODE_RUN_SCRIPTS":""},"dockerRepository":"projects/linkifyurl/locations/us-central1/repositories/gcf-artifacts","sourceProvenance":{"resolvedStorageSource":{"bucket":"gcf-v2-sources-296797983995-us-central1","object":"healthCheck/function-source.zip","generation":"1778495315446897"}},"dockerRegistry":"ARTIFACT_REGISTRY","serviceAccount":"projects/linkifyurl/serviceAccounts/296797983995-compute@developer.gserviceaccount.com","automaticUpdatePolicy":{}},"serviceConfig":{"service":"projects/linkifyurl/locations/us-central1/services/healthcheck","timeoutSeconds":60,"environmentVariables":{"FIREBASE_CONFIG":"{\"projectId\":\"linkifyurl\",\"storageBucket\":\"linkifyurl.firebasestorage.app\"}","GCLOUD_PROJECT":"linkifyurl","EVENTARC_CLOUD_EVENT_SOURCE":"projects/linkifyurl/locations/us-central1/services/healthCheck","FUNCTION_TARGET":"healthCheck","LOG_EXECUTION_ID":"true"},"ingressSettings":"ALLOW_ALL","uri":"https://healthcheck-ck2bcwa72a-uc.a.run.app","serviceAccountEmail":"296797983995-compute@developer.gserviceaccount.com","availableMemory":"256Mi","allTrafficOnLatestRevision":true,"revision":"healthcheck-00007-rax","maxInstanceRequestConcurrency":80,"availableCpu":"1"},"state":"ACTIVE","labels":{"deployment-tool":"cli-firebase","firebase-functions-hash":"c65864b087821c1e69f48427bb4802a658056ea7"},"environment":"GEN_2","url":"https://us-central1-linkifyurl.cloudfunctions.net/healthCheck","satisfiesPzi":true},"stages":[{"name":"BUILD","message":"Build in progress","state":"IN_PROGRESS","resource":"projects/296797983995/locations/us-central1/builds/75a13c8e-5e84-4556-8fbe-1b75002c769c","resourceUri":"https://console.cloud.google.com/cloud-build/builds;region=us-central1/75a13c8e-5e84-4556-8fbe-1b75002c769c?project=296797983995"},{"name":"SERVICE","state":"NOT_STARTED"}],"operationType":"UPDATE_FUNCTION","buildName":"projects/296797983995/locations/us-central1/builds/75a13c8e-5e84-4556-8fbe-1b75002c769c"},"done":false}
[debug] [2026-10-07T15:53:14.385Z] [update-default-us-central1-healthCheck] Retrying task index 0
[debug] [2026-10-07T15:53:14.386Z] Checked if tokens are valid: true, expires at: 1791391707805
[debug] [2026-10-07T15:53:14.386Z] Checked if tokens are valid: true, expires at: 1791391707805
[debug] [2026-10-07T15:53:14.386Z] >>> [apiv2][query] GET https://cloudfunctions.googleapis.com/v2/projects/linkifyurl/locations/us-central1/operations/operation-1791388241016-65d4213c2b5eb-e5a156fc-79aba313 [none]
[debug] [2026-10-07T15:53:15.637Z] <<< [apiv2][status] GET https://cloudfunctions.googleapis.com/v2/projects/linkifyurl/locations/us-central1/operations/operation-1791388241016-65d4213c2b5eb-e5a156fc-79aba313 200
[debug] [2026-10-07T15:53:15.637Z] <<< [apiv2][body] GET https://cloudfunctions.googleapis.com/v2/projects/linkifyurl/locations/us-central1/operations/operation-1791388241016-65d4213c2b5eb-e5a156fc-79aba313 {"name":"projects/linkifyurl/locations/us-central1/operations/operation-1791388241016-65d4213c2b5eb-e5a156fc-79aba313","metadata":{"@type":"type.googleapis.com/google.cloud.functions.v2.OperationMetadata","createTime":"2026-10-07T15:50:42.230161497Z","target":"projects/linkifyurl/locations/us-central1/functions/healthCheck","verb":"update","cancelRequested":false,"apiVersion":"v2","requestResource":{"@type":"type.googleapis.com/google.cloud.functions.v2.Function","name":"projects/linkifyurl/locations/us-central1/functions/healthCheck","buildConfig":{"runtime":"nodejs20","entryPoint":"healthCheck","source":{"storageSource":{"bucket":"gcf-v2-sources-296797983995-us-central1","object":"healthCheck/function-source.zip","generation":"1791388242170165"}},"environmentVariables":{"GOOGLE_NODE_RUN_SCRIPTS":""},"dockerRepository":"projects/linkifyurl/locations/us-central1/repositories/gcf-artifacts","sourceProvenance":{"resolvedStorageSource":{"bucket":"gcf-v2-sources-296797983995-us-central1","object":"healthCheck/function-source.zip","generation":"1778495315446897"}},"dockerRegistry":"ARTIFACT_REGISTRY","serviceAccount":"projects/linkifyurl/serviceAccounts/296797983995-compute@developer.gserviceaccount.com","automaticUpdatePolicy":{}},"serviceConfig":{"service":"projects/linkifyurl/locations/us-central1/services/healthcheck","timeoutSeconds":60,"environmentVariables":{"FIREBASE_CONFIG":"{\"projectId\":\"linkifyurl\",\"storageBucket\":\"linkifyurl.firebasestorage.app\"}","GCLOUD_PROJECT":"linkifyurl","EVENTARC_CLOUD_EVENT_SOURCE":"projects/linkifyurl/locations/us-central1/services/healthCheck","FUNCTION_TARGET":"healthCheck","LOG_EXECUTION_ID":"true"},"ingressSettings":"ALLOW_ALL","uri":"https://healthcheck-ck2bcwa72a-uc.a.run.app","serviceAccountEmail":"296797983995-compute@developer.gserviceaccount.com","availableMemory":"256Mi","allTrafficOnLatestRevision":true,"revision":"healthcheck-00007-rax","maxInstanceRequestConcurrency":80,"availableCpu":"1"},"state":"ACTIVE","labels":{"deployment-tool":"cli-firebase","firebase-functions-hash":"c65864b087821c1e69f48427bb4802a658056ea7"},"environment":"GEN_2","url":"https://us-central1-linkifyurl.cloudfunctions.net/healthCheck","satisfiesPzi":true},"stages":[{"name":"BUILD","message":"Build finished","state":"COMPLETE","resource":"projects/296797983995/locations/us-central1/builds/75a13c8e-5e84-4556-8fbe-1b75002c769c","resourceUri":"https://console.cloud.google.com/cloud-build/builds;region=us-central1/75a13c8e-5e84-4556-8fbe-1b75002c769c?project=296797983995","stateMessages":[{"severity":"WARNING","type":"BuildAnalysisWarning","message":"*** Improve build performance by generating and committing package-lock.json."}]},{"name":"SERVICE","message":"Updating Cloud Run service","state":"IN_PROGRESS","resource":"projects/linkifyurl/locations/us-central1/services/healthcheck","resourceUri":"https://console.cloud.google.com/run/detail/us-central1/healthcheck?project=linkifyurl","stateMessages":[{"severity":"INFO","type":"CloudRunServiceNewRevisionTrafficInfo","message":"A new revision will be deployed serving with 100% traffic."}]}],"sourceToken":"Cldwcm9qZWN0cy8yOTY3OTc5ODM5OTUvbG9jYXRpb25zL3VzLWNlbnRyYWwxL2J1aWxkcy83NWExM2M4ZS01ZTg0LTQ1NTYtOGZiZS0xYjc1MDAyYzc2OWMSZHVzLWNlbnRyYWwxLWRvY2tlci5wa2cuZGV2L2xpbmtpZnl1cmwvZ2NmLWFydGlmYWN0cy9saW5raWZ5dXJsX191cy0tY2VudHJhbDFfX2hlYWx0aF9jaGVjazp2ZXJzaW9uXzEY+6mn1NEIIj9wcm9qZWN0cy9saW5raWZ5dXJsL2xvY2F0aW9ucy91cy1jZW50cmFsMS9mdW5jdGlvbnMvaGVhbHRoQ2hlY2sqCwjn1ZnWBhDo29sCMghub2RlanMyMDp2CiNnY3IuaW8vZ2FlLXJ1bnRpbWVzL25vZGVqczIwOnN0YWJsZRJPdXMtY2VudHJhbDEtZG9ja2VyLnBrZy5kZXYvc2VydmVybGVzcy1ydW50aW1lcy9nb29nbGUtMjItZnVsbC9ydW50aW1lcy9ub2RlanMyMEAB","operationType":"UPDATE_FUNCTION","buildName":"projects/296797983995/locations/us-central1/builds/75a13c8e-5e84-4556-8fbe-1b75002c769c"},"done":false}
[debug] [2026-10-07T15:53:15.638Z] Got source token Cldwcm9qZWN0cy8yOTY3OTc5ODM5OTUvbG9jYXRpb25zL3VzLWNlbnRyYWwxL2J1aWxkcy83NWExM2M4ZS01ZTg0LTQ1NTYtOGZiZS0xYjc1MDAyYzc2OWMSZHVzLWNlbnRyYWwxLWRvY2tlci5wa2cuZGV2L2xpbmtpZnl1cmwvZ2NmLWFydGlmYWN0cy9saW5raWZ5dXJsX191cy0tY2VudHJhbDFfX2hlYWx0aF9jaGVjazp2ZXJzaW9uXzEY+6mn1NEIIj9wcm9qZWN0cy9saW5raWZ5dXJsL2xvY2F0aW9ucy91cy1jZW50cmFsMS9mdW5jdGlvbnMvaGVhbHRoQ2hlY2sqCwjn1ZnWBhDo29sCMghub2RlanMyMDp2CiNnY3IuaW8vZ2FlLXJ1bnRpbWVzL25vZGVqczIwOnN0YWJsZRJPdXMtY2VudHJhbDEtZG9ja2VyLnBrZy5kZXYvc2VydmVybGVzcy1ydW50aW1lcy9nb29nbGUtMjItZnVsbC9ydW50aW1lcy9ub2RlanMyMEAB for region us-central1
[debug] [2026-10-07T15:53:15.638Z] Checked if tokens are valid: true, expires at: 1791391707805
[debug] [2026-10-07T15:53:15.638Z] Checked if tokens are valid: true, expires at: 1791391707805
[debug] [2026-10-07T15:53:15.638Z] Checked if tokens are valid: true, expires at: 1791391707805
[debug] [2026-10-07T15:53:15.638Z] Checked if tokens are valid: true, expires at: 1791391707805
[debug] [2026-10-07T15:53:15.638Z] Checked if tokens are valid: true, expires at: 1791391707805
[debug] [2026-10-07T15:53:15.638Z] Checked if tokens are valid: true, expires at: 1791391707805
[debug] [2026-10-07T15:53:15.638Z] Checked if tokens are valid: true, expires at: 1791391707805
[debug] [2026-10-07T15:53:15.638Z] Checked if tokens are valid: true, expires at: 1791391707805
[debug] [2026-10-07T15:53:15.638Z] Checked if tokens are valid: true, expires at: 1791391707805
[debug] [2026-10-07T15:53:15.638Z] Checked if tokens are valid: true, expires at: 1791391707805
[debug] [2026-10-07T15:53:15.639Z] Checked if tokens are valid: true, expires at: 1791391707805
[debug] [2026-10-07T15:53:15.639Z] Checked if tokens are valid: true, expires at: 1791391707805
[debug] [2026-10-07T15:53:15.639Z] >>> [apiv2][query] PATCH https://cloudfunctions.googleapis.com/v2/projects/linkifyurl/locations/us-central1/functions/callable_sendShortenedEmail updateMask=name%2CbuildConfig.runtime%2CbuildConfig.entryPoint%2CbuildConfig.source.storageSource.bucket%2CbuildConfig.source.storageSource.object%2CbuildConfig.environmentVariables%2CbuildConfig.sourceToken%2CserviceConfig.environmentVariables%2CserviceConfig.secretEnvironmentVariables%2CserviceConfig.ingressSettings%2CserviceConfig.timeoutSeconds%2CserviceConfig.serviceAccountEmail%2CserviceConfig.availableMemory%2CserviceConfig.minInstanceCount%2CserviceConfig.maxInstanceCount%2CserviceConfig.maxInstanceRequestConcurrency%2CserviceConfig.availableCpu%2CserviceConfig.vpcConnector%2CserviceConfig.vpcConnectorEgressSettings%2Clabels
[debug] [2026-10-07T15:53:15.639Z] >>> [apiv2][body] PATCH https://cloudfunctions.googleapis.com/v2/projects/linkifyurl/locations/us-central1/functions/callable_sendShortenedEmail {"name":"projects/linkifyurl/locations/us-central1/functions/callable_sendShortenedEmail","buildConfig":{"runtime":"nodejs20","entryPoint":"callable_sendShortenedEmail","source":{"storageSource":{"bucket":"gcf-v2-uploads-296797983995.us-central1.cloudfunctions.appspot.com","object":"2f15a4d3-86b5-415c-867f-7a8ed8b62ff1.zip"}},"environmentVariables":{"GOOGLE_NODE_RUN_SCRIPTS":""},"sourceToken":"Cldwcm9qZWN0cy8yOTY3OTc5ODM5OTUvbG9jYXRpb25zL3VzLWNlbnRyYWwxL2J1aWxkcy83NWExM2M4ZS01ZTg0LTQ1NTYtOGZiZS0xYjc1MDAyYzc2OWMSZHVzLWNlbnRyYWwxLWRvY2tlci5wa2cuZGV2L2xpbmtpZnl1cmwvZ2NmLWFydGlmYWN0cy9saW5raWZ5dXJsX191cy0tY2VudHJhbDFfX2hlYWx0aF9jaGVjazp2ZXJzaW9uXzEY+6mn1NEIIj9wcm9qZWN0cy9saW5raWZ5dXJsL2xvY2F0aW9ucy91cy1jZW50cmFsMS9mdW5jdGlvbnMvaGVhbHRoQ2hlY2sqCwjn1ZnWBhDo29sCMghub2RlanMyMDp2CiNnY3IuaW8vZ2FlLXJ1bnRpbWVzL25vZGVqczIwOnN0YWJsZRJPdXMtY2VudHJhbDEtZG9ja2VyLnBrZy5kZXYvc2VydmVybGVzcy1ydW50aW1lcy9nb29nbGUtMjItZnVsbC9ydW50aW1lcy9ub2RlanMyMEAB"},"serviceConfig":{"environmentVariables":{"FIREBASE_CONFIG":"{\"projectId\":\"linkifyurl\",\"storageBucket\":\"linkifyurl.firebasestorage.app\"}","GCLOUD_PROJECT":"linkifyurl","EVENTARC_CLOUD_EVENT_SOURCE":"projects/linkifyurl/locations/us-central1/services/callable_sendShortenedEmail","FUNCTION_TARGET":"callable_sendShortenedEmail","LOG_EXECUTION_ID":"true","FUNCTION_SIGNATURE_TYPE":"http"},"secretEnvironmentVariables":[{"key":"gmailUser","secret":"gmailUser","projectId":"linkifyurl","version":"1"},{"key":"gmailPass","secret":"gmailPass","projectId":"linkifyurl","version":"1"}],"ingressSettings":null,"timeoutSeconds":null,"serviceAccountEmail":null,"availableMemory":"256Mi","minInstanceCount":null,"maxInstanceCount":null,"maxInstanceRequestConcurrency":80,"availableCpu":"1","vpcConnector":null,"vpcConnectorEgressSettings":null},"labels":{"deployment-tool":"cli-firebase","deployment-callable":"true","firebase-functions-hash":"7871e1ab9823eae01c37484398d5895a889267f5"}}
[debug] [2026-10-07T15:53:15.639Z] >>> [apiv2][query] PATCH https://cloudfunctions.googleapis.com/v2/projects/linkifyurl/locations/us-central1/functions/callable_sendWelcomeEmail updateMask=name%2CbuildConfig.runtime%2CbuildConfig.entryPoint%2CbuildConfig.source.storageSource.bucket%2CbuildConfig.source.storageSource.object%2CbuildConfig.environmentVariables%2CbuildConfig.sourceToken%2CserviceConfig.environmentVariables%2CserviceConfig.secretEnvironmentVariables%2CserviceConfig.ingressSettings%2CserviceConfig.timeoutSeconds%2CserviceConfig.serviceAccountEmail%2CserviceConfig.availableMemory%2CserviceConfig.minInstanceCount%2CserviceConfig.maxInstanceCount%2CserviceConfig.maxInstanceRequestConcurrency%2CserviceConfig.availableCpu%2CserviceConfig.vpcConnector%2CserviceConfig.vpcConnectorEgressSettings%2Clabels
[debug] [2026-10-07T15:53:15.640Z] >>> [apiv2][body] PATCH https://cloudfunctions.googleapis.com/v2/projects/linkifyurl/locations/us-central1/functions/callable_sendWelcomeEmail {"name":"projects/linkifyurl/locations/us-central1/functions/callable_sendWelcomeEmail","buildConfig":{"runtime":"nodejs20","entryPoint":"callable_sendWelcomeEmail","source":{"storageSource":{"bucket":"gcf-v2-uploads-296797983995.us-central1.cloudfunctions.appspot.com","object":"2f15a4d3-86b5-415c-867f-7a8ed8b62ff1.zip"}},"environmentVariables":{"GOOGLE_NODE_RUN_SCRIPTS":""},"sourceToken":"Cldwcm9qZWN0cy8yOTY3OTc5ODM5OTUvbG9jYXRpb25zL3VzLWNlbnRyYWwxL2J1aWxkcy83NWExM2M4ZS01ZTg0LTQ1NTYtOGZiZS0xYjc1MDAyYzc2OWMSZHVzLWNlbnRyYWwxLWRvY2tlci5wa2cuZGV2L2xpbmtpZnl1cmwvZ2NmLWFydGlmYWN0cy9saW5raWZ5dXJsX191cy0tY2VudHJhbDFfX2hlYWx0aF9jaGVjazp2ZXJzaW9uXzEY+6mn1NEIIj9wcm9qZWN0cy9saW5raWZ5dXJsL2xvY2F0aW9ucy91cy1jZW50cmFsMS9mdW5jdGlvbnMvaGVhbHRoQ2hlY2sqCwjn1ZnWBhDo29sCMghub2RlanMyMDp2CiNnY3IuaW8vZ2FlLXJ1bnRpbWVzL25vZGVqczIwOnN0YWJsZRJPdXMtY2VudHJhbDEtZG9ja2VyLnBrZy5kZXYvc2VydmVybGVzcy1ydW50aW1lcy9nb29nbGUtMjItZnVsbC9ydW50aW1lcy9ub2RlanMyMEAB"},"serviceConfig":{"environmentVariables":{"FIREBASE_CONFIG":"{\"projectId\":\"linkifyurl\",\"storageBucket\":\"linkifyurl.firebasestorage.app\"}","GCLOUD_PROJECT":"linkifyurl","EVENTARC_CLOUD_EVENT_SOURCE":"projects/linkifyurl/locations/us-central1/services/callable_sendWelcomeEmail","FUNCTION_TARGET":"callable_sendWelcomeEmail","LOG_EXECUTION_ID":"true","FUNCTION_SIGNATURE_TYPE":"http"},"secretEnvironmentVariables":[{"key":"gmailUser","secret":"gmailUser","projectId":"linkifyurl","version":"1"},{"key":"gmailPass","secret":"gmailPass","projectId":"linkifyurl","version":"1"}],"ingressSettings":null,"timeoutSeconds":null,"serviceAccountEmail":null,"availableMemory":"256Mi","minInstanceCount":null,"maxInstanceCount":null,"maxInstanceRequestConcurrency":80,"availableCpu":"1","vpcConnector":null,"vpcConnectorEgressSettings":null},"labels":{"deployment-tool":"cli-firebase","deployment-callable":"true","firebase-functions-hash":"7871e1ab9823eae01c37484398d5895a889267f5"}}
[debug] [2026-10-07T15:53:15.641Z] >>> [apiv2][query] PATCH https://cloudfunctions.googleapis.com/v2/projects/linkifyurl/locations/us-central1/functions/trigger_onUserCreated_Welcome updateMask=name%2CbuildConfig.runtime%2CbuildConfig.entryPoint%2CbuildConfig.source.storageSource.bucket%2CbuildConfig.source.storageSource.object%2CbuildConfig.environmentVariables%2CbuildConfig.sourceToken%2CserviceConfig.environmentVariables%2CserviceConfig.secretEnvironmentVariables%2CserviceConfig.ingressSettings%2CserviceConfig.timeoutSeconds%2CserviceConfig.serviceAccountEmail%2CserviceConfig.availableMemory%2CserviceConfig.minInstanceCount%2CserviceConfig.maxInstanceCount%2CserviceConfig.maxInstanceRequestConcurrency%2CserviceConfig.availableCpu%2CserviceConfig.vpcConnector%2CserviceConfig.vpcConnectorEgressSettings%2Clabels%2CeventTrigger.eventType%2CeventTrigger.retryPolicy%2CeventTrigger.eventFilters%2CeventTrigger.triggerRegion
[debug] [2026-10-07T15:53:15.641Z] >>> [apiv2][body] PATCH https://cloudfunctions.googleapis.com/v2/projects/linkifyurl/locations/us-central1/functions/trigger_onUserCreated_Welcome {"name":"projects/linkifyurl/locations/us-central1/functions/trigger_onUserCreated_Welcome","buildConfig":{"runtime":"nodejs20","entryPoint":"trigger_onUserCreated_Welcome","source":{"storageSource":{"bucket":"gcf-v2-uploads-296797983995.us-central1.cloudfunctions.appspot.com","object":"2f15a4d3-86b5-415c-867f-7a8ed8b62ff1.zip"}},"environmentVariables":{"GOOGLE_NODE_RUN_SCRIPTS":""},"sourceToken":"Cldwcm9qZWN0cy8yOTY3OTc5ODM5OTUvbG9jYXRpb25zL3VzLWNlbnRyYWwxL2J1aWxkcy83NWExM2M4ZS01ZTg0LTQ1NTYtOGZiZS0xYjc1MDAyYzc2OWMSZHVzLWNlbnRyYWwxLWRvY2tlci5wa2cuZGV2L2xpbmtpZnl1cmwvZ2NmLWFydGlmYWN0cy9saW5raWZ5dXJsX191cy0tY2VudHJhbDFfX2hlYWx0aF9jaGVjazp2ZXJzaW9uXzEY+6mn1NEIIj9wcm9qZWN0cy9saW5raWZ5dXJsL2xvY2F0aW9ucy91cy1jZW50cmFsMS9mdW5jdGlvbnMvaGVhbHRoQ2hlY2sqCwjn1ZnWBhDo29sCMghub2RlanMyMDp2CiNnY3IuaW8vZ2FlLXJ1bnRpbWVzL25vZGVqczIwOnN0YWJsZRJPdXMtY2VudHJhbDEtZG9ja2VyLnBrZy5kZXYvc2VydmVybGVzcy1ydW50aW1lcy9nb29nbGUtMjItZnVsbC9ydW50aW1lcy9ub2RlanMyMEAB"},"serviceConfig":{"environmentVariables":{"FIREBASE_CONFIG":"{\"projectId\":\"linkifyurl\",\"storageBucket\":\"linkifyurl.firebasestorage.app\"}","GCLOUD_PROJECT":"linkifyurl","EVENTARC_CLOUD_EVENT_SOURCE":"projects/linkifyurl/locations/us-central1/services/trigger_onUserCreated_Welcome","FUNCTION_SIGNATURE_TYPE":"cloudevent","FUNCTION_TARGET":"trigger_onUserCreated_Welcome","LOG_EXECUTION_ID":"true"},"secretEnvironmentVariables":[{"key":"gmailUser","secret":"gmailUser","projectId":"linkifyurl","version":"1"},{"key":"gmailPass","secret":"gmailPass","projectId":"linkifyurl","version":"1"}],"ingressSettings":null,"timeoutSeconds":null,"serviceAccountEmail":null,"availableMemory":"256Mi","minInstanceCount":null,"maxInstanceCount":null,"maxInstanceRequestConcurrency":80,"availableCpu":"1","vpcConnector":null,"vpcConnectorEgressSettings":null},"labels":{"deployment-tool":"cli-firebase","firebase-functions-hash":"7871e1ab9823eae01c37484398d5895a889267f5"},"eventTrigger":{"eventType":"google.cloud.firestore.document.v1.created","retryPolicy":"RETRY_POLICY_DO_NOT_RETRY","eventFilters":[{"attribute":"database","value":"(default)"},{"attribute":"namespace","value":"(default)"},{"attribute":"document","value":"users/{userId}","operator":"match-path-pattern"}],"triggerRegion":"nam5"}}
[debug] [2026-10-07T15:53:15.642Z] >>> [apiv2][query] PATCH https://cloudfunctions.googleapis.com/v2/projects/linkifyurl/locations/us-central1/functions/trigger_onUrlShortened_Confirmation updateMask=name%2CbuildConfig.runtime%2CbuildConfig.entryPoint%2CbuildConfig.source.storageSource.bucket%2CbuildConfig.source.storageSource.object%2CbuildConfig.environmentVariables%2CbuildConfig.sourceToken%2CserviceConfig.environmentVariables%2CserviceConfig.secretEnvironmentVariables%2CserviceConfig.ingressSettings%2CserviceConfig.timeoutSeconds%2CserviceConfig.serviceAccountEmail%2CserviceConfig.availableMemory%2CserviceConfig.minInstanceCount%2CserviceConfig.maxInstanceCount%2CserviceConfig.maxInstanceRequestConcurrency%2CserviceConfig.availableCpu%2CserviceConfig.vpcConnector%2CserviceConfig.vpcConnectorEgressSettings%2Clabels%2CeventTrigger.eventType%2CeventTrigger.retryPolicy%2CeventTrigger.eventFilters%2CeventTrigger.triggerRegion
[debug] [2026-10-07T15:53:15.643Z] >>> [apiv2][body] PATCH https://cloudfunctions.googleapis.com/v2/projects/linkifyurl/locations/us-central1/functions/trigger_onUrlShortened_Confirmation {"name":"projects/linkifyurl/locations/us-central1/functions/trigger_onUrlShortened_Confirmation","buildConfig":{"runtime":"nodejs20","entryPoint":"trigger_onUrlShortened_Confirmation","source":{"storageSource":{"bucket":"gcf-v2-uploads-296797983995.us-central1.cloudfunctions.appspot.com","object":"2f15a4d3-86b5-415c-867f-7a8ed8b62ff1.zip"}},"environmentVariables":{"GOOGLE_NODE_RUN_SCRIPTS":""},"sourceToken":"Cldwcm9qZWN0cy8yOTY3OTc5ODM5OTUvbG9jYXRpb25zL3VzLWNlbnRyYWwxL2J1aWxkcy83NWExM2M4ZS01ZTg0LTQ1NTYtOGZiZS0xYjc1MDAyYzc2OWMSZHVzLWNlbnRyYWwxLWRvY2tlci5wa2cuZGV2L2xpbmtpZnl1cmwvZ2NmLWFydGlmYWN0cy9saW5raWZ5dXJsX191cy0tY2VudHJhbDFfX2hlYWx0aF9jaGVjazp2ZXJzaW9uXzEY+6mn1NEIIj9wcm9qZWN0cy9saW5raWZ5dXJsL2xvY2F0aW9ucy91cy1jZW50cmFsMS9mdW5jdGlvbnMvaGVhbHRoQ2hlY2sqCwjn1ZnWBhDo29sCMghub2RlanMyMDp2CiNnY3IuaW8vZ2FlLXJ1bnRpbWVzL25vZGVqczIwOnN0YWJsZRJPdXMtY2VudHJhbDEtZG9ja2VyLnBrZy5kZXYvc2VydmVybGVzcy1ydW50aW1lcy9nb29nbGUtMjItZnVsbC9ydW50aW1lcy9ub2RlanMyMEAB"},"serviceConfig":{"environmentVariables":{"FIREBASE_CONFIG":"{\"projectId\":\"linkifyurl\",\"storageBucket\":\"linkifyurl.firebasestorage.app\"}","GCLOUD_PROJECT":"linkifyurl","EVENTARC_CLOUD_EVENT_SOURCE":"projects/linkifyurl/locations/us-central1/services/trigger_onUrlShortened_Confirmation","FUNCTION_SIGNATURE_TYPE":"cloudevent","FUNCTION_TARGET":"trigger_onUrlShortened_Confirmation","LOG_EXECUTION_ID":"true"},"secretEnvironmentVariables":[{"key":"gmailUser","secret":"gmailUser","projectId":"linkifyurl","version":"1"},{"key":"gmailPass","secret":"gmailPass","projectId":"linkifyurl","version":"1"}],"ingressSettings":null,"timeoutSeconds":null,"serviceAccountEmail":null,"availableMemory":"256Mi","minInstanceCount":null,"maxInstanceCount":null,"maxInstanceRequestConcurrency":80,"availableCpu":"1","vpcConnector":null,"vpcConnectorEgressSettings":null},"labels":{"deployment-tool":"cli-firebase","firebase-functions-hash":"7871e1ab9823eae01c37484398d5895a889267f5"},"eventTrigger":{"eventType":"google.cloud.firestore.document.v1.created","retryPolicy":"RETRY_POLICY_DO_NOT_RETRY","eventFilters":[{"attribute":"database","value":"(default)"},{"attribute":"namespace","value":"(default)"},{"attribute":"document","value":"shortUrls/{shortCode}","operator":"match-path-pattern"}],"triggerRegion":"nam5"}}
[debug] [2026-10-07T15:53:15.644Z] >>> [apiv2][query] PATCH https://cloudfunctions.googleapis.com/v2/projects/linkifyurl/locations/us-central1/functions/onPlatformEvent_Aggregator updateMask=name%2CbuildConfig.runtime%2CbuildConfig.entryPoint%2CbuildConfig.source.storageSource.bucket%2CbuildConfig.source.storageSource.object%2CbuildConfig.environmentVariables%2CbuildConfig.sourceToken%2CserviceConfig.environmentVariables%2CserviceConfig.ingressSettings%2CserviceConfig.timeoutSeconds%2CserviceConfig.serviceAccountEmail%2CserviceConfig.availableMemory%2CserviceConfig.minInstanceCount%2CserviceConfig.maxInstanceCount%2CserviceConfig.maxInstanceRequestConcurrency%2CserviceConfig.availableCpu%2CserviceConfig.vpcConnector%2CserviceConfig.vpcConnectorEgressSettings%2Clabels%2CeventTrigger.eventType%2CeventTrigger.retryPolicy%2CeventTrigger.eventFilters%2CeventTrigger.triggerRegion
[debug] [2026-10-07T15:53:15.644Z] >>> [apiv2][body] PATCH https://cloudfunctions.googleapis.com/v2/projects/linkifyurl/locations/us-central1/functions/onPlatformEvent_Aggregator {"name":"projects/linkifyurl/locations/us-central1/functions/onPlatformEvent_Aggregator","buildConfig":{"runtime":"nodejs20","entryPoint":"onPlatformEvent_Aggregator","source":{"storageSource":{"bucket":"gcf-v2-uploads-296797983995.us-central1.cloudfunctions.appspot.com","object":"2f15a4d3-86b5-415c-867f-7a8ed8b62ff1.zip"}},"environmentVariables":{"GOOGLE_NODE_RUN_SCRIPTS":""},"sourceToken":"Cldwcm9qZWN0cy8yOTY3OTc5ODM5OTUvbG9jYXRpb25zL3VzLWNlbnRyYWwxL2J1aWxkcy83NWExM2M4ZS01ZTg0LTQ1NTYtOGZiZS0xYjc1MDAyYzc2OWMSZHVzLWNlbnRyYWwxLWRvY2tlci5wa2cuZGV2L2xpbmtpZnl1cmwvZ2NmLWFydGlmYWN0cy9saW5raWZ5dXJsX191cy0tY2VudHJhbDFfX2hlYWx0aF9jaGVjazp2ZXJzaW9uXzEY+6mn1NEIIj9wcm9qZWN0cy9saW5raWZ5dXJsL2xvY2F0aW9ucy91cy1jZW50cmFsMS9mdW5jdGlvbnMvaGVhbHRoQ2hlY2sqCwjn1ZnWBhDo29sCMghub2RlanMyMDp2CiNnY3IuaW8vZ2FlLXJ1bnRpbWVzL25vZGVqczIwOnN0YWJsZRJPdXMtY2VudHJhbDEtZG9ja2VyLnBrZy5kZXYvc2VydmVybGVzcy1ydW50aW1lcy9nb29nbGUtMjItZnVsbC9ydW50aW1lcy9ub2RlanMyMEAB"},"serviceConfig":{"environmentVariables":{"FIREBASE_CONFIG":"{\"projectId\":\"linkifyurl\",\"storageBucket\":\"linkifyurl.firebasestorage.app\"}","GCLOUD_PROJECT":"linkifyurl","EVENTARC_CLOUD_EVENT_SOURCE":"projects/linkifyurl/locations/us-central1/services/onPlatformEvent_Aggregator","FUNCTION_SIGNATURE_TYPE":"cloudevent","FUNCTION_TARGET":"onPlatformEvent_Aggregator","LOG_EXECUTION_ID":"true"},"ingressSettings":null,"timeoutSeconds":null,"serviceAccountEmail":null,"availableMemory":"256Mi","minInstanceCount":null,"maxInstanceCount":null,"maxInstanceRequestConcurrency":80,"availableCpu":"1","vpcConnector":null,"vpcConnectorEgressSettings":null},"labels":{"deployment-tool":"cli-firebase","firebase-functions-hash":"c65864b087821c1e69f48427bb4802a658056ea7"},"eventTrigger":{"eventType":"google.cloud.firestore.document.v1.created","retryPolicy":"RETRY_POLICY_DO_NOT_RETRY","eventFilters":[{"attribute":"database","value":"(default)"},{"attribute":"namespace","value":"(default)"},{"attribute":"document","value":"platformEvents/{eventId}","operator":"match-path-pattern"}],"triggerRegion":"nam5"}}
[debug] [2026-10-07T15:53:15.646Z] >>> [apiv2][query] PATCH https://cloudfunctions.googleapis.com/v2/projects/linkifyurl/locations/us-central1/functions/onClick_Aggregator updateMask=name%2CbuildConfig.runtime%2CbuildConfig.entryPoint%2CbuildConfig.source.storageSource.bucket%2CbuildConfig.source.storageSource.object%2CbuildConfig.environmentVariables%2CbuildConfig.sourceToken%2CserviceConfig.environmentVariables%2CserviceConfig.ingressSettings%2CserviceConfig.timeoutSeconds%2CserviceConfig.serviceAccountEmail%2CserviceConfig.availableMemory%2CserviceConfig.minInstanceCount%2CserviceConfig.maxInstanceCount%2CserviceConfig.maxInstanceRequestConcurrency%2CserviceConfig.availableCpu%2CserviceConfig.vpcConnector%2CserviceConfig.vpcConnectorEgressSettings%2Clabels%2CeventTrigger.eventType%2CeventTrigger.retryPolicy%2CeventTrigger.eventFilters%2CeventTrigger.triggerRegion
[debug] [2026-10-07T15:53:15.646Z] >>> [apiv2][body] PATCH https://cloudfunctions.googleapis.com/v2/projects/linkifyurl/locations/us-central1/functions/onClick_Aggregator {"name":"projects/linkifyurl/locations/us-central1/functions/onClick_Aggregator","buildConfig":{"runtime":"nodejs20","entryPoint":"onClick_Aggregator","source":{"storageSource":{"bucket":"gcf-v2-uploads-296797983995.us-central1.cloudfunctions.appspot.com","object":"2f15a4d3-86b5-415c-867f-7a8ed8b62ff1.zip"}},"environmentVariables":{"GOOGLE_NODE_RUN_SCRIPTS":""},"sourceToken":"Cldwcm9qZWN0cy8yOTY3OTc5ODM5OTUvbG9jYXRpb25zL3VzLWNlbnRyYWwxL2J1aWxkcy83NWExM2M4ZS01ZTg0LTQ1NTYtOGZiZS0xYjc1MDAyYzc2OWMSZHVzLWNlbnRyYWwxLWRvY2tlci5wa2cuZGV2L2xpbmtpZnl1cmwvZ2NmLWFydGlmYWN0cy9saW5raWZ5dXJsX191cy0tY2VudHJhbDFfX2hlYWx0aF9jaGVjazp2ZXJzaW9uXzEY+6mn1NEIIj9wcm9qZWN0cy9saW5raWZ5dXJsL2xvY2F0aW9ucy91cy1jZW50cmFsMS9mdW5jdGlvbnMvaGVhbHRoQ2hlY2sqCwjn1ZnWBhDo29sCMghub2RlanMyMDp2CiNnY3IuaW8vZ2FlLXJ1bnRpbWVzL25vZGVqczIwOnN0YWJsZRJPdXMtY2VudHJhbDEtZG9ja2VyLnBrZy5kZXYvc2VydmVybGVzcy1ydW50aW1lcy9nb29nbGUtMjItZnVsbC9ydW50aW1lcy9ub2RlanMyMEAB"},"serviceConfig":{"environmentVariables":{"FIREBASE_CONFIG":"{\"projectId\":\"linkifyurl\",\"storageBucket\":\"linkifyurl.firebasestorage.app\"}","GCLOUD_PROJECT":"linkifyurl","EVENTARC_CLOUD_EVENT_SOURCE":"projects/linkifyurl/locations/us-central1/services/onClick_Aggregator","FUNCTION_SIGNATURE_TYPE":"cloudevent","FUNCTION_TARGET":"onClick_Aggregator","LOG_EXECUTION_ID":"true"},"ingressSettings":null,"timeoutSeconds":null,"serviceAccountEmail":null,"availableMemory":"256Mi","minInstanceCount":null,"maxInstanceCount":null,"maxInstanceRequestConcurrency":80,"availableCpu":"1","vpcConnector":null,"vpcConnectorEgressSettings":null},"labels":{"deployment-tool":"cli-firebase","firebase-functions-hash":"c65864b087821c1e69f48427bb4802a658056ea7"},"eventTrigger":{"eventType":"google.cloud.firestore.document.v1.created","retryPolicy":"RETRY_POLICY_DO_NOT_RETRY","eventFilters":[{"attribute":"database","value":"(default)"},{"attribute":"namespace","value":"(default)"},{"attribute":"document","value":"shortUrls/{shortCode}/clicks/{clickId}","operator":"match-path-pattern"}],"triggerRegion":"nam5"}}
[debug] [2026-10-07T15:53:17.348Z] <<< [apiv2][status] PATCH https://cloudfunctions.googleapis.com/v2/projects/linkifyurl/locations/us-central1/functions/onPlatformEvent_Aggregator 200
[debug] [2026-10-07T15:53:17.348Z] <<< [apiv2][body] PATCH https://cloudfunctions.googleapis.com/v2/projects/linkifyurl/locations/us-central1/functions/onPlatformEvent_Aggregator {"name":"projects/linkifyurl/locations/us-central1/operations/operation-1791388396770-65d421d0b543e-1e6c9f9d-eca263ae","metadata":{"@type":"type.googleapis.com/google.cloud.functions.v2.OperationMetadata","createTime":"2026-10-07T15:53:17.688652443Z","target":"projects/linkifyurl/locations/us-central1/functions/onPlatformEvent_Aggregator","verb":"update","cancelRequested":false,"apiVersion":"v2"},"done":false}
[debug] [2026-10-07T15:53:17.348Z] Checked if tokens are valid: true, expires at: 1791391707805
[debug] [2026-10-07T15:53:17.348Z] Checked if tokens are valid: true, expires at: 1791391707805
[debug] [2026-10-07T15:53:17.348Z] >>> [apiv2][query] GET https://cloudfunctions.googleapis.com/v2/projects/linkifyurl/locations/us-central1/operations/operation-1791388396770-65d421d0b543e-1e6c9f9d-eca263ae [none]
[debug] [2026-10-07T15:53:17.349Z] <<< [apiv2][status] PATCH https://cloudfunctions.googleapis.com/v2/projects/linkifyurl/locations/us-central1/functions/onClick_Aggregator 200
[debug] [2026-10-07T15:53:17.349Z] <<< [apiv2][body] PATCH https://cloudfunctions.googleapis.com/v2/projects/linkifyurl/locations/us-central1/functions/onClick_Aggregator {"name":"projects/linkifyurl/locations/us-central1/operations/operation-1791388396802-65d421d0bd2a0-0cfad7a3-71f0bb30","metadata":{"@type":"type.googleapis.com/google.cloud.functions.v2.OperationMetadata","createTime":"2026-10-07T15:53:17.753323327Z","target":"projects/linkifyurl/locations/us-central1/functions/onClick_Aggregator","verb":"update","cancelRequested":false,"apiVersion":"v2"},"done":false}
[debug] [2026-10-07T15:53:17.349Z] Checked if tokens are valid: true, expires at: 1791391707805
[debug] [2026-10-07T15:53:17.349Z] Checked if tokens are valid: true, expires at: 1791391707805
[debug] [2026-10-07T15:53:17.349Z] >>> [apiv2][query] GET https://cloudfunctions.googleapis.com/v2/projects/linkifyurl/locations/us-central1/operations/operation-1791388396802-65d421d0bd2a0-0cfad7a3-71f0bb30 [none]
[debug] [2026-10-07T15:53:17.394Z] <<< [apiv2][status] PATCH https://cloudfunctions.googleapis.com/v2/projects/linkifyurl/locations/us-central1/functions/callable_sendShortenedEmail 200
[debug] [2026-10-07T15:53:17.394Z] <<< [apiv2][body] PATCH https://cloudfunctions.googleapis.com/v2/projects/linkifyurl/locations/us-central1/functions/callable_sendShortenedEmail {"name":"projects/linkifyurl/locations/us-central1/operations/operation-1791388396937-65d421d0de1aa-27e33cf7-fe91275b","metadata":{"@type":"type.googleapis.com/google.cloud.functions.v2.OperationMetadata","createTime":"2026-10-07T15:53:17.813490665Z","target":"projects/linkifyurl/locations/us-central1/functions/callable_sendShortenedEmail","verb":"update","cancelRequested":false,"apiVersion":"v2"},"done":false}
[debug] [2026-10-07T15:53:17.395Z] Checked if tokens are valid: true, expires at: 1791391707805
[debug] [2026-10-07T15:53:17.395Z] Checked if tokens are valid: true, expires at: 1791391707805
[debug] [2026-10-07T15:53:17.395Z] >>> [apiv2][query] GET https://cloudfunctions.googleapis.com/v2/projects/linkifyurl/locations/us-central1/operations/operation-1791388396937-65d421d0de1aa-27e33cf7-fe91275b [none]
[debug] [2026-10-07T15:53:17.737Z] <<< [apiv2][status] GET https://cloudfunctions.googleapis.com/v2/projects/linkifyurl/locations/us-central1/operations/operation-1791388396802-65d421d0bd2a0-0cfad7a3-71f0bb30 200
[debug] [2026-10-07T15:53:17.737Z] <<< [apiv2][body] GET https://cloudfunctions.googleapis.com/v2/projects/linkifyurl/locations/us-central1/operations/operation-1791388396802-65d421d0bd2a0-0cfad7a3-71f0bb30 {"name":"projects/linkifyurl/locations/us-central1/operations/operation-1791388396802-65d421d0bd2a0-0cfad7a3-71f0bb30","metadata":{"@type":"type.googleapis.com/google.cloud.functions.v2.OperationMetadata","createTime":"2026-10-07T15:53:17.753323327Z","target":"projects/linkifyurl/locations/us-central1/functions/onClick_Aggregator","verb":"update","cancelRequested":false,"apiVersion":"v2","requestResource":{"@type":"type.googleapis.com/google.cloud.functions.v2.Function","name":"projects/linkifyurl/locations/us-central1/functions/onClick_Aggregator","buildConfig":{"runtime":"nodejs20","entryPoint":"onClick_Aggregator","source":{"storageSource":{"bucket":"gcf-v2-sources-296797983995-us-central1","object":"onClick_Aggregator/function-source.zip","generation":"1791388397695975"}},"environmentVariables":{"GOOGLE_NODE_RUN_SCRIPTS":""},"dockerRepository":"projects/linkifyurl/locations/us-central1/repositories/gcf-artifacts","sourceProvenance":{"resolvedStorageSource":{"bucket":"gcf-v2-sources-296797983995-us-central1","object":"onClick_Aggregator/function-source.zip","generation":"1778495414502066"}},"dockerRegistry":"ARTIFACT_REGISTRY","sourceToken":"Cldwcm9qZWN0cy8yOTY3OTc5ODM5OTUvbG9jYXRpb25zL3VzLWNlbnRyYWwxL2J1aWxkcy83NWExM2M4ZS01ZTg0LTQ1NTYtOGZiZS0xYjc1MDAyYzc2OWMSZHVzLWNlbnRyYWwxLWRvY2tlci5wa2cuZGV2L2xpbmtpZnl1cmwvZ2NmLWFydGlmYWN0cy9saW5raWZ5dXJsX191cy0tY2VudHJhbDFfX2hlYWx0aF9jaGVjazp2ZXJzaW9uXzEY+6mn1NEIIj9wcm9qZWN0cy9saW5raWZ5dXJsL2xvY2F0aW9ucy91cy1jZW50cmFsMS9mdW5jdGlvbnMvaGVhbHRoQ2hlY2sqCwjn1ZnWBhDo29sCMghub2RlanMyMDp2CiNnY3IuaW8vZ2FlLXJ1bnRpbWVzL25vZGVqczIwOnN0YWJsZRJPdXMtY2VudHJhbDEtZG9ja2VyLnBrZy5kZXYvc2VydmVybGVzcy1ydW50aW1lcy9nb29nbGUtMjItZnVsbC9ydW50aW1lcy9ub2RlanMyMEAB","serviceAccount":"projects/linkifyurl/serviceAccounts/296797983995-compute@developer.gserviceaccount.com","automaticUpdatePolicy":{}},"serviceConfig":{"service":"projects/linkifyurl/locations/us-central1/services/onclick-aggregator","timeoutSeconds":60,"environmentVariables":{"FIREBASE_CONFIG":"{\"projectId\":\"linkifyurl\",\"storageBucket\":\"linkifyurl.firebasestorage.app\"}","GCLOUD_PROJECT":"linkifyurl","EVENTARC_CLOUD_EVENT_SOURCE":"projects/linkifyurl/locations/us-central1/services/onClick_Aggregator","FUNCTION_SIGNATURE_TYPE":"cloudevent","FUNCTION_TARGET":"onClick_Aggregator","LOG_EXECUTION_ID":"true"},"ingressSettings":"ALLOW_ALL","uri":"https://onclick-aggregator-ck2bcwa72a-uc.a.run.app","serviceAccountEmail":"296797983995-compute@developer.gserviceaccount.com","availableMemory":"256Mi","allTrafficOnLatestRevision":true,"revision":"onclick-aggregator-00007-zev","maxInstanceRequestConcurrency":80,"availableCpu":"1"},"eventTrigger":{"trigger":"projects/linkifyurl/locations/nam5/triggers/onclick-aggregator-919171","triggerRegion":"nam5","eventType":"google.cloud.firestore.document.v1.created","eventFilters":[{"attribute":"database","value":"(default)"},{"attribute":"namespace","value":"(default)"},{"attribute":"document","value":"shortUrls/{shortCode}/clicks/{clickId}","operator":"match-path-pattern"}],"pubsubTopic":"projects/linkifyurl/topics/eventarc-nam5-onclick-aggregator-919171-819","serviceAccountEmail":"296797983995-compute@developer.gserviceaccount.com","retryPolicy":"RETRY_POLICY_DO_NOT_RETRY"},"state":"ACTIVE","labels":{"deployment-tool":"cli-firebase","firebase-functions-hash":"c65864b087821c1e69f48427bb4802a658056ea7"},"environment":"GEN_2","url":"https://us-central1-linkifyurl.cloudfunctions.net/onClick_Aggregator","satisfiesPzi":true},"stages":[{"name":"BUILD","message":"Reusing build","state":"COMPLETE","resource":"projects/296797983995/locations/us-central1/builds/75a13c8e-5e84-4556-8fbe-1b75002c769c","stateMessages":[{"severity":"WARNING","type":"BuildAnalysisWarning","message":"Node.js 20 is no longer supported by the Node.js community as of 30 April, 2026. Node.js 20 will be decommissioned on 2026-10-30. As of 2026-10-30 you will no longer be able to deploy your Cloud Functions using nodejs20. We recommend you to upgrade to the latest version of Node.js as soon as possible."}]},{"name":"SERVICE","state":"NOT_STARTED"},{"name":"TRIGGER","state":"NOT_STARTED"}],"sourceToken":"Cldwcm9qZWN0cy8yOTY3OTc5ODM5OTUvbG9jYXRpb25zL3VzLWNlbnRyYWwxL2J1aWxkcy83NWExM2M4ZS01ZTg0LTQ1NTYtOGZiZS0xYjc1MDAyYzc2OWMSZHVzLWNlbnRyYWwxLWRvY2tlci5wa2cuZGV2L2xpbmtpZnl1cmwvZ2NmLWFydGlmYWN0cy9saW5raWZ5dXJsX191cy0tY2VudHJhbDFfX2hlYWx0aF9jaGVjazp2ZXJzaW9uXzEY+6mn1NEIIj9wcm9qZWN0cy9saW5raWZ5dXJsL2xvY2F0aW9ucy91cy1jZW50cmFsMS9mdW5jdGlvbnMvaGVhbHRoQ2hlY2sqCwjn1ZnWBhDo29sCMghub2RlanMyMDp2CiNnY3IuaW8vZ2FlLXJ1bnRpbWVzL25vZGVqczIwOnN0YWJsZRJPdXMtY2VudHJhbDEtZG9ja2VyLnBrZy5kZXYvc2VydmVybGVzcy1ydW50aW1lcy9nb29nbGUtMjItZnVsbC9ydW50aW1lcy9ub2RlanMyMEAB","operationType":"UPDATE_FUNCTION","buildName":"projects/296797983995/locations/us-central1/builds/75a13c8e-5e84-4556-8fbe-1b75002c769c"},"done":false}
[debug] [2026-10-07T15:53:17.737Z] Got source token Cldwcm9qZWN0cy8yOTY3OTc5ODM5OTUvbG9jYXRpb25zL3VzLWNlbnRyYWwxL2J1aWxkcy83NWExM2M4ZS01ZTg0LTQ1NTYtOGZiZS0xYjc1MDAyYzc2OWMSZHVzLWNlbnRyYWwxLWRvY2tlci5wa2cuZGV2L2xpbmtpZnl1cmwvZ2NmLWFydGlmYWN0cy9saW5raWZ5dXJsX191cy0tY2VudHJhbDFfX2hlYWx0aF9jaGVjazp2ZXJzaW9uXzEY+6mn1NEIIj9wcm9qZWN0cy9saW5raWZ5dXJsL2xvY2F0aW9ucy91cy1jZW50cmFsMS9mdW5jdGlvbnMvaGVhbHRoQ2hlY2sqCwjn1ZnWBhDo29sCMghub2RlanMyMDp2CiNnY3IuaW8vZ2FlLXJ1bnRpbWVzL25vZGVqczIwOnN0YWJsZRJPdXMtY2VudHJhbDEtZG9ja2VyLnBrZy5kZXYvc2VydmVybGVzcy1ydW50aW1lcy9nb29nbGUtMjItZnVsbC9ydW50aW1lcy9ub2RlanMyMEAB for region us-central1
[debug] [2026-10-07T15:53:17.872Z] <<< [apiv2][status] PATCH https://cloudfunctions.googleapis.com/v2/projects/linkifyurl/locations/us-central1/functions/trigger_onUrlShortened_Confirmation 200
[debug] [2026-10-07T15:53:17.872Z] <<< [apiv2][body] PATCH https://cloudfunctions.googleapis.com/v2/projects/linkifyurl/locations/us-central1/functions/trigger_onUrlShortened_Confirmation {"name":"projects/linkifyurl/locations/us-central1/operations/operation-1791388397303-65d421d137668-6bd487f9-66a48f71","metadata":{"@type":"type.googleapis.com/google.cloud.functions.v2.OperationMetadata","createTime":"2026-10-07T15:53:18.227685369Z","target":"projects/linkifyurl/locations/us-central1/functions/trigger_onUrlShortened_Confirmation","verb":"update","cancelRequested":false,"apiVersion":"v2"},"done":false}
[debug] [2026-10-07T15:53:17.872Z] Checked if tokens are valid: true, expires at: 1791391707805
[debug] [2026-10-07T15:53:17.872Z] Checked if tokens are valid: true, expires at: 1791391707805
[debug] [2026-10-07T15:53:17.873Z] >>> [apiv2][query] GET https://cloudfunctions.googleapis.com/v2/projects/linkifyurl/locations/us-central1/operations/operation-1791388397303-65d421d137668-6bd487f9-66a48f71 [none]
[debug] [2026-10-07T15:53:18.219Z] <<< [apiv2][status] GET https://cloudfunctions.googleapis.com/v2/projects/linkifyurl/locations/us-central1/operations/operation-1791388396770-65d421d0b543e-1e6c9f9d-eca263ae 200
[debug] [2026-10-07T15:53:18.219Z] <<< [apiv2][body] GET https://cloudfunctions.googleapis.com/v2/projects/linkifyurl/locations/us-central1/operations/operation-1791388396770-65d421d0b543e-1e6c9f9d-eca263ae {"name":"projects/linkifyurl/locations/us-central1/operations/operation-1791388396770-65d421d0b543e-1e6c9f9d-eca263ae","metadata":{"@type":"type.googleapis.com/google.cloud.functions.v2.OperationMetadata","createTime":"2026-10-07T15:53:17.688652443Z","target":"projects/linkifyurl/locations/us-central1/functions/onPlatformEvent_Aggregator","verb":"update","cancelRequested":false,"apiVersion":"v2","requestResource":{"@type":"type.googleapis.com/google.cloud.functions.v2.Function","name":"projects/linkifyurl/locations/us-central1/functions/onPlatformEvent_Aggregator","buildConfig":{"runtime":"nodejs20","entryPoint":"onPlatformEvent_Aggregator","source":{"storageSource":{"bucket":"gcf-v2-sources-296797983995-us-central1","object":"onPlatformEvent_Aggregator/function-source.zip","generation":"1791388397640489"}},"environmentVariables":{"GOOGLE_NODE_RUN_SCRIPTS":""},"dockerRepository":"projects/linkifyurl/locations/us-central1/repositories/gcf-artifacts","sourceProvenance":{"resolvedStorageSource":{"bucket":"gcf-v2-sources-296797983995-us-central1","object":"onPlatformEvent_Aggregator/function-source.zip","generation":"1778495414557412"}},"dockerRegistry":"ARTIFACT_REGISTRY","sourceToken":"Cldwcm9qZWN0cy8yOTY3OTc5ODM5OTUvbG9jYXRpb25zL3VzLWNlbnRyYWwxL2J1aWxkcy83NWExM2M4ZS01ZTg0LTQ1NTYtOGZiZS0xYjc1MDAyYzc2OWMSZHVzLWNlbnRyYWwxLWRvY2tlci5wa2cuZGV2L2xpbmtpZnl1cmwvZ2NmLWFydGlmYWN0cy9saW5raWZ5dXJsX191cy0tY2VudHJhbDFfX2hlYWx0aF9jaGVjazp2ZXJzaW9uXzEY+6mn1NEIIj9wcm9qZWN0cy9saW5raWZ5dXJsL2xvY2F0aW9ucy91cy1jZW50cmFsMS9mdW5jdGlvbnMvaGVhbHRoQ2hlY2sqCwjn1ZnWBhDo29sCMghub2RlanMyMDp2CiNnY3IuaW8vZ2FlLXJ1bnRpbWVzL25vZGVqczIwOnN0YWJsZRJPdXMtY2VudHJhbDEtZG9ja2VyLnBrZy5kZXYvc2VydmVybGVzcy1ydW50aW1lcy9nb29nbGUtMjItZnVsbC9ydW50aW1lcy9ub2RlanMyMEAB","serviceAccount":"projects/linkifyurl/serviceAccounts/296797983995-compute@developer.gserviceaccount.com","automaticUpdatePolicy":{}},"serviceConfig":{"service":"projects/linkifyurl/locations/us-central1/services/onplatformevent-aggregator","timeoutSeconds":60,"environmentVariables":{"FIREBASE_CONFIG":"{\"projectId\":\"linkifyurl\",\"storageBucket\":\"linkifyurl.firebasestorage.app\"}","GCLOUD_PROJECT":"linkifyurl","EVENTARC_CLOUD_EVENT_SOURCE":"projects/linkifyurl/locations/us-central1/services/onPlatformEvent_Aggregator","FUNCTION_SIGNATURE_TYPE":"cloudevent","FUNCTION_TARGET":"onPlatformEvent_Aggregator","LOG_EXECUTION_ID":"true"},"ingressSettings":"ALLOW_ALL","uri":"https://onplatformevent-aggregator-ck2bcwa72a-uc.a.run.app","serviceAccountEmail":"296797983995-compute@developer.gserviceaccount.com","availableMemory":"256Mi","allTrafficOnLatestRevision":true,"revision":"onplatformevent-aggregator-00011-yew","maxInstanceRequestConcurrency":80,"availableCpu":"1"},"eventTrigger":{"trigger":"projects/linkifyurl/locations/nam5/triggers/onplatformevent-aggregator-368816","triggerRegion":"nam5","eventType":"google.cloud.firestore.document.v1.created","eventFilters":[{"attribute":"database","value":"(default)"},{"attribute":"namespace","value":"(default)"},{"attribute":"document","value":"platformEvents/{eventId}","operator":"match-path-pattern"}],"pubsubTopic":"projects/linkifyurl/topics/eventarc-nam5-onplatformevent-aggregator-368816-724","serviceAccountEmail":"296797983995-compute@developer.gserviceaccount.com","retryPolicy":"RETRY_POLICY_DO_NOT_RETRY"},"state":"ACTIVE","labels":{"deployment-tool":"cli-firebase","firebase-functions-hash":"c65864b087821c1e69f48427bb4802a658056ea7"},"environment":"GEN_2","url":"https://us-central1-linkifyurl.cloudfunctions.net/onPlatformEvent_Aggregator","satisfiesPzi":true},"stages":[{"name":"BUILD","message":"Reusing build","state":"COMPLETE","resource":"projects/296797983995/locations/us-central1/builds/75a13c8e-5e84-4556-8fbe-1b75002c769c","stateMessages":[{"severity":"WARNING","type":"BuildAnalysisWarning","message":"Node.js 20 is no longer supported by the Node.js community as of 30 April, 2026. Node.js 20 will be decommissioned on 2026-10-30. As of 2026-10-30 you will no longer be able to deploy your Cloud Functions using nodejs20. We recommend you to upgrade to the latest version of Node.js as soon as possible."}]},{"name":"SERVICE","message":"Updating Cloud Run service","state":"IN_PROGRESS","resource":"projects/linkifyurl/locations/us-central1/services/onplatformevent-aggregator","resourceUri":"https://console.cloud.google.com/run/detail/us-central1/onplatformevent-aggregator?project=linkifyurl","stateMessages":[{"severity":"INFO","type":"CloudRunServiceNewRevisionTrafficInfo","message":"A new revision will be deployed serving with 100% traffic."}]},{"name":"TRIGGER","state":"NOT_STARTED"}],"sourceToken":"Cldwcm9qZWN0cy8yOTY3OTc5ODM5OTUvbG9jYXRpb25zL3VzLWNlbnRyYWwxL2J1aWxkcy83NWExM2M4ZS01ZTg0LTQ1NTYtOGZiZS0xYjc1MDAyYzc2OWMSZHVzLWNlbnRyYWwxLWRvY2tlci5wa2cuZGV2L2xpbmtpZnl1cmwvZ2NmLWFydGlmYWN0cy9saW5raWZ5dXJsX191cy0tY2VudHJhbDFfX2hlYWx0aF9jaGVjazp2ZXJzaW9uXzEY+6mn1NEIIj9wcm9qZWN0cy9saW5raWZ5dXJsL2xvY2F0aW9ucy91cy1jZW50cmFsMS9mdW5jdGlvbnMvaGVhbHRoQ2hlY2sqCwjn1ZnWBhDo29sCMghub2RlanMyMDp2CiNnY3IuaW8vZ2FlLXJ1bnRpbWVzL25vZGVqczIwOnN0YWJsZRJPdXMtY2VudHJhbDEtZG9ja2VyLnBrZy5kZXYvc2VydmVybGVzcy1ydW50aW1lcy9nb29nbGUtMjItZnVsbC9ydW50aW1lcy9ub2RlanMyMEAB","operationType":"UPDATE_FUNCTION","buildName":"projects/296797983995/locations/us-central1/builds/75a13c8e-5e84-4556-8fbe-1b75002c769c"},"done":false}
[debug] [2026-10-07T15:53:18.219Z] Got source token Cldwcm9qZWN0cy8yOTY3OTc5ODM5OTUvbG9jYXRpb25zL3VzLWNlbnRyYWwxL2J1aWxkcy83NWExM2M4ZS01ZTg0LTQ1NTYtOGZiZS0xYjc1MDAyYzc2OWMSZHVzLWNlbnRyYWwxLWRvY2tlci5wa2cuZGV2L2xpbmtpZnl1cmwvZ2NmLWFydGlmYWN0cy9saW5raWZ5dXJsX191cy0tY2VudHJhbDFfX2hlYWx0aF9jaGVjazp2ZXJzaW9uXzEY+6mn1NEIIj9wcm9qZWN0cy9saW5raWZ5dXJsL2xvY2F0aW9ucy91cy1jZW50cmFsMS9mdW5jdGlvbnMvaGVhbHRoQ2hlY2sqCwjn1ZnWBhDo29sCMghub2RlanMyMDp2CiNnY3IuaW8vZ2FlLXJ1bnRpbWVzL25vZGVqczIwOnN0YWJsZRJPdXMtY2VudHJhbDEtZG9ja2VyLnBrZy5kZXYvc2VydmVybGVzcy1ydW50aW1lcy9nb29nbGUtMjItZnVsbC9ydW50aW1lcy9ub2RlanMyMEAB for region us-central1
[debug] [2026-10-07T15:53:18.238Z] [update-default-us-central1-onClick_Aggregator] Retrying task index 0
[debug] [2026-10-07T15:53:18.238Z] Checked if tokens are valid: true, expires at: 1791391707805
[debug] [2026-10-07T15:53:18.238Z] Checked if tokens are valid: true, expires at: 1791391707805
[debug] [2026-10-07T15:53:18.238Z] >>> [apiv2][query] GET https://cloudfunctions.googleapis.com/v2/projects/linkifyurl/locations/us-central1/operations/operation-1791388396802-65d421d0bd2a0-0cfad7a3-71f0bb30 [none]
[debug] [2026-10-07T15:53:18.391Z] <<< [apiv2][status] GET https://cloudfunctions.googleapis.com/v2/projects/linkifyurl/locations/us-central1/operations/operation-1791388396937-65d421d0de1aa-27e33cf7-fe91275b 200
[debug] [2026-10-07T15:53:18.392Z] <<< [apiv2][body] GET https://cloudfunctions.googleapis.com/v2/projects/linkifyurl/locations/us-central1/operations/operation-1791388396937-65d421d0de1aa-27e33cf7-fe91275b {"name":"projects/linkifyurl/locations/us-central1/operations/operation-1791388396937-65d421d0de1aa-27e33cf7-fe91275b","metadata":{"@type":"type.googleapis.com/google.cloud.functions.v2.OperationMetadata","createTime":"2026-10-07T15:53:17.813490665Z","target":"projects/linkifyurl/locations/us-central1/functions/callable_sendShortenedEmail","verb":"update","cancelRequested":false,"apiVersion":"v2","requestResource":{"@type":"type.googleapis.com/google.cloud.functions.v2.Function","name":"projects/linkifyurl/locations/us-central1/functions/callable_sendShortenedEmail","buildConfig":{"runtime":"nodejs20","entryPoint":"callable_sendShortenedEmail","source":{"storageSource":{"bucket":"gcf-v2-sources-296797983995-us-central1","object":"callable_sendShortenedEmail/function-source.zip","generation":"1791388397758775"}},"environmentVariables":{"GOOGLE_NODE_RUN_SCRIPTS":""},"dockerRepository":"projects/linkifyurl/locations/us-central1/repositories/gcf-artifacts","sourceProvenance":{"resolvedStorageSource":{"bucket":"gcf-v2-sources-296797983995-us-central1","object":"callable_sendShortenedEmail/function-source.zip","generation":"1778495414195727"}},"dockerRegistry":"ARTIFACT_REGISTRY","sourceToken":"Cldwcm9qZWN0cy8yOTY3OTc5ODM5OTUvbG9jYXRpb25zL3VzLWNlbnRyYWwxL2J1aWxkcy83NWExM2M4ZS01ZTg0LTQ1NTYtOGZiZS0xYjc1MDAyYzc2OWMSZHVzLWNlbnRyYWwxLWRvY2tlci5wa2cuZGV2L2xpbmtpZnl1cmwvZ2NmLWFydGlmYWN0cy9saW5raWZ5dXJsX191cy0tY2VudHJhbDFfX2hlYWx0aF9jaGVjazp2ZXJzaW9uXzEY+6mn1NEIIj9wcm9qZWN0cy9saW5raWZ5dXJsL2xvY2F0aW9ucy91cy1jZW50cmFsMS9mdW5jdGlvbnMvaGVhbHRoQ2hlY2sqCwjn1ZnWBhDo29sCMghub2RlanMyMDp2CiNnY3IuaW8vZ2FlLXJ1bnRpbWVzL25vZGVqczIwOnN0YWJsZRJPdXMtY2VudHJhbDEtZG9ja2VyLnBrZy5kZXYvc2VydmVybGVzcy1ydW50aW1lcy9nb29nbGUtMjItZnVsbC9ydW50aW1lcy9ub2RlanMyMEAB","serviceAccount":"projects/linkifyurl/serviceAccounts/296797983995-compute@developer.gserviceaccount.com","automaticUpdatePolicy":{}},"serviceConfig":{"service":"projects/linkifyurl/locations/us-central1/services/callable-sendshortenedemail","timeoutSeconds":60,"environmentVariables":{"FIREBASE_CONFIG":"{\"projectId\":\"linkifyurl\",\"storageBucket\":\"linkifyurl.firebasestorage.app\"}","GCLOUD_PROJECT":"linkifyurl","EVENTARC_CLOUD_EVENT_SOURCE":"projects/linkifyurl/locations/us-central1/services/callable_sendShortenedEmail","FUNCTION_TARGET":"callable_sendShortenedEmail","LOG_EXECUTION_ID":"true","FUNCTION_SIGNATURE_TYPE":"http"},"ingressSettings":"ALLOW_ALL","uri":"https://callable-sendshortenedemail-ck2bcwa72a-uc.a.run.app","serviceAccountEmail":"296797983995-compute@developer.gserviceaccount.com","availableMemory":"256Mi","allTrafficOnLatestRevision":true,"secretEnvironmentVariables":[{"key":"gmailUser","projectId":"linkifyurl","secret":"gmailUser","version":"1"},{"key":"gmailPass","projectId":"linkifyurl","secret":"gmailPass","version":"1"}],"revision":"callable-sendshortenedemail-00007-nuh","maxInstanceRequestConcurrency":80,"availableCpu":"1"},"state":"ACTIVE","labels":{"deployment-tool":"cli-firebase","deployment-callable":"true","firebase-functions-hash":"7871e1ab9823eae01c37484398d5895a889267f5"},"environment":"GEN_2","url":"https://us-central1-linkifyurl.cloudfunctions.net/callable_sendShortenedEmail","satisfiesPzi":true},"stages":[{"name":"BUILD","message":"Reusing build","state":"COMPLETE","resource":"projects/296797983995/locations/us-central1/builds/75a13c8e-5e84-4556-8fbe-1b75002c769c","stateMessages":[{"severity":"WARNING","type":"BuildAnalysisWarning","message":"Node.js 20 is no longer supported by the Node.js community as of 30 April, 2026. Node.js 20 will be decommissioned on 2026-10-30. As of 2026-10-30 you will no longer be able to deploy your Cloud Functions using nodejs20. We recommend you to upgrade to the latest version of Node.js as soon as possible."}]},{"name":"SERVICE","message":"Updating Cloud Run service","state":"IN_PROGRESS","resource":"projects/linkifyurl/locations/us-central1/services/callable-sendshortenedemail","resourceUri":"https://console.cloud.google.com/run/detail/us-central1/callable-sendshortenedemail?project=linkifyurl","stateMessages":[{"severity":"INFO","type":"CloudRunServiceNewRevisionTrafficInfo","message":"A new revision will be deployed serving with 100% traffic."}]}],"sourceToken":"Cldwcm9qZWN0cy8yOTY3OTc5ODM5OTUvbG9jYXRpb25zL3VzLWNlbnRyYWwxL2J1aWxkcy83NWExM2M4ZS01ZTg0LTQ1NTYtOGZiZS0xYjc1MDAyYzc2OWMSZHVzLWNlbnRyYWwxLWRvY2tlci5wa2cuZGV2L2xpbmtpZnl1cmwvZ2NmLWFydGlmYWN0cy9saW5raWZ5dXJsX191cy0tY2VudHJhbDFfX2hlYWx0aF9jaGVjazp2ZXJzaW9uXzEY+6mn1NEIIj9wcm9qZWN0cy9saW5raWZ5dXJsL2xvY2F0aW9ucy91cy1jZW50cmFsMS9mdW5jdGlvbnMvaGVhbHRoQ2hlY2sqCwjn1ZnWBhDo29sCMghub2RlanMyMDp2CiNnY3IuaW8vZ2FlLXJ1bnRpbWVzL25vZGVqczIwOnN0YWJsZRJPdXMtY2VudHJhbDEtZG9ja2VyLnBrZy5kZXYvc2VydmVybGVzcy1ydW50aW1lcy9nb29nbGUtMjItZnVsbC9ydW50aW1lcy9ub2RlanMyMEAB","operationType":"UPDATE_FUNCTION","buildName":"projects/296797983995/locations/us-central1/builds/75a13c8e-5e84-4556-8fbe-1b75002c769c"},"done":false}
[debug] [2026-10-07T15:53:18.392Z] Got source token Cldwcm9qZWN0cy8yOTY3OTc5ODM5OTUvbG9jYXRpb25zL3VzLWNlbnRyYWwxL2J1aWxkcy83NWExM2M4ZS01ZTg0LTQ1NTYtOGZiZS0xYjc1MDAyYzc2OWMSZHVzLWNlbnRyYWwxLWRvY2tlci5wa2cuZGV2L2xpbmtpZnl1cmwvZ2NmLWFydGlmYWN0cy9saW5raWZ5dXJsX191cy0tY2VudHJhbDFfX2hlYWx0aF9jaGVjazp2ZXJzaW9uXzEY+6mn1NEIIj9wcm9qZWN0cy9saW5raWZ5dXJsL2xvY2F0aW9ucy91cy1jZW50cmFsMS9mdW5jdGlvbnMvaGVhbHRoQ2hlY2sqCwjn1ZnWBhDo29sCMghub2RlanMyMDp2CiNnY3IuaW8vZ2FlLXJ1bnRpbWVzL25vZGVqczIwOnN0YWJsZRJPdXMtY2VudHJhbDEtZG9ja2VyLnBrZy5kZXYvc2VydmVybGVzcy1ydW50aW1lcy9nb29nbGUtMjItZnVsbC9ydW50aW1lcy9ub2RlanMyMEAB for region us-central1
[debug] [2026-10-07T15:53:18.721Z] [update-default-us-central1-onPlatformEvent_Aggregator] Retrying task index 0
[debug] [2026-10-07T15:53:18.721Z] Checked if tokens are valid: true, expires at: 1791391707805
[debug] [2026-10-07T15:53:18.721Z] Checked if tokens are valid: true, expires at: 1791391707805
[debug] [2026-10-07T15:53:18.721Z] >>> [apiv2][query] GET https://cloudfunctions.googleapis.com/v2/projects/linkifyurl/locations/us-central1/operations/operation-1791388396770-65d421d0b543e-1e6c9f9d-eca263ae [none]
[debug] [2026-10-07T15:53:18.783Z] <<< [apiv2][status] PATCH https://cloudfunctions.googleapis.com/v2/projects/linkifyurl/locations/us-central1/functions/callable_sendWelcomeEmail 200
[debug] [2026-10-07T15:53:18.783Z] <<< [apiv2][body] PATCH https://cloudfunctions.googleapis.com/v2/projects/linkifyurl/locations/us-central1/functions/callable_sendWelcomeEmail {"name":"projects/linkifyurl/locations/us-central1/operations/operation-1791388397329-65d421d13dd00-40242c60-8984130d","metadata":{"@type":"type.googleapis.com/google.cloud.functions.v2.OperationMetadata","createTime":"2026-10-07T15:53:19.187441492Z","target":"projects/linkifyurl/locations/us-central1/functions/callable_sendWelcomeEmail","verb":"update","cancelRequested":false,"apiVersion":"v2"},"done":false}
[debug] [2026-10-07T15:53:18.783Z] Checked if tokens are valid: true, expires at: 1791391707805
[debug] [2026-10-07T15:53:18.783Z] Checked if tokens are valid: true, expires at: 1791391707805
[debug] [2026-10-07T15:53:18.783Z] >>> [apiv2][query] GET https://cloudfunctions.googleapis.com/v2/projects/linkifyurl/locations/us-central1/operations/operation-1791388397329-65d421d13dd00-40242c60-8984130d [none]
[debug] [2026-10-07T15:53:18.784Z] <<< [apiv2][status] GET https://cloudfunctions.googleapis.com/v2/projects/linkifyurl/locations/us-central1/operations/operation-1791388397303-65d421d137668-6bd487f9-66a48f71 200
[debug] [2026-10-07T15:53:18.784Z] <<< [apiv2][body] GET https://cloudfunctions.googleapis.com/v2/projects/linkifyurl/locations/us-central1/operations/operation-1791388397303-65d421d137668-6bd487f9-66a48f71 {"name":"projects/linkifyurl/locations/us-central1/operations/operation-1791388397303-65d421d137668-6bd487f9-66a48f71","metadata":{"@type":"type.googleapis.com/google.cloud.functions.v2.OperationMetadata","createTime":"2026-10-07T15:53:18.227685369Z","target":"projects/linkifyurl/locations/us-central1/functions/trigger_onUrlShortened_Confirmation","verb":"update","cancelRequested":false,"apiVersion":"v2","requestResource":{"@type":"type.googleapis.com/google.cloud.functions.v2.Function","name":"projects/linkifyurl/locations/us-central1/functions/trigger_onUrlShortened_Confirmation","buildConfig":{"runtime":"nodejs20","entryPoint":"trigger_onUrlShortened_Confirmation","source":{"storageSource":{"bucket":"gcf-v2-sources-296797983995-us-central1","object":"trigger_onUrlShortened_Confirmation/function-source.zip","generation":"1791388398174235"}},"environmentVariables":{"GOOGLE_NODE_RUN_SCRIPTS":""},"dockerRepository":"projects/linkifyurl/locations/us-central1/repositories/gcf-artifacts","sourceProvenance":{"resolvedStorageSource":{"bucket":"gcf-v2-sources-296797983995-us-central1","object":"trigger_onUrlShortened_Confirmation/function-source.zip","generation":"1778495414577561"}},"dockerRegistry":"ARTIFACT_REGISTRY","sourceToken":"Cldwcm9qZWN0cy8yOTY3OTc5ODM5OTUvbG9jYXRpb25zL3VzLWNlbnRyYWwxL2J1aWxkcy83NWExM2M4ZS01ZTg0LTQ1NTYtOGZiZS0xYjc1MDAyYzc2OWMSZHVzLWNlbnRyYWwxLWRvY2tlci5wa2cuZGV2L2xpbmtpZnl1cmwvZ2NmLWFydGlmYWN0cy9saW5raWZ5dXJsX191cy0tY2VudHJhbDFfX2hlYWx0aF9jaGVjazp2ZXJzaW9uXzEY+6mn1NEIIj9wcm9qZWN0cy9saW5raWZ5dXJsL2xvY2F0aW9ucy91cy1jZW50cmFsMS9mdW5jdGlvbnMvaGVhbHRoQ2hlY2sqCwjn1ZnWBhDo29sCMghub2RlanMyMDp2CiNnY3IuaW8vZ2FlLXJ1bnRpbWVzL25vZGVqczIwOnN0YWJsZRJPdXMtY2VudHJhbDEtZG9ja2VyLnBrZy5kZXYvc2VydmVybGVzcy1ydW50aW1lcy9nb29nbGUtMjItZnVsbC9ydW50aW1lcy9ub2RlanMyMEAB","serviceAccount":"projects/linkifyurl/serviceAccounts/296797983995-compute@developer.gserviceaccount.com","automaticUpdatePolicy":{}},"serviceConfig":{"service":"projects/linkifyurl/locations/us-central1/services/trigger-onurlshortened-confirmation","timeoutSeconds":60,"environmentVariables":{"FIREBASE_CONFIG":"{\"projectId\":\"linkifyurl\",\"storageBucket\":\"linkifyurl.firebasestorage.app\"}","GCLOUD_PROJECT":"linkifyurl","EVENTARC_CLOUD_EVENT_SOURCE":"projects/linkifyurl/locations/us-central1/services/trigger_onUrlShortened_Confirmation","FUNCTION_SIGNATURE_TYPE":"cloudevent","FUNCTION_TARGET":"trigger_onUrlShortened_Confirmation","LOG_EXECUTION_ID":"true"},"ingressSettings":"ALLOW_ALL","uri":"https://trigger-onurlshortened-confirmation-ck2bcwa72a-uc.a.run.app","serviceAccountEmail":"296797983995-compute@developer.gserviceaccount.com","availableMemory":"256Mi","allTrafficOnLatestRevision":true,"secretEnvironmentVariables":[{"key":"gmailUser","projectId":"linkifyurl","secret":"gmailUser","version":"1"},{"key":"gmailPass","projectId":"linkifyurl","secret":"gmailPass","version":"1"}],"revision":"trigger-onurlshortened-confirmation-00007-bac","maxInstanceRequestConcurrency":80,"availableCpu":"1"},"eventTrigger":{"trigger":"projects/linkifyurl/locations/nam5/triggers/trigger-onurlshortened-confirmation-330601","triggerRegion":"nam5","eventType":"google.cloud.firestore.document.v1.created","eventFilters":[{"attribute":"database","value":"(default)"},{"attribute":"namespace","value":"(default)"},{"attribute":"document","value":"shortUrls/{shortCode}","operator":"match-path-pattern"}],"pubsubTopic":"projects/linkifyurl/topics/eventarc-nam5-trigger-onurlshortened-confirmation-330601-739","serviceAccountEmail":"296797983995-compute@developer.gserviceaccount.com","retryPolicy":"RETRY_POLICY_DO_NOT_RETRY"},"state":"ACTIVE","labels":{"deployment-tool":"cli-firebase","firebase-functions-hash":"7871e1ab9823eae01c37484398d5895a889267f5"},"environment":"GEN_2","url":"https://us-central1-linkifyurl.cloudfunctions.net/trigger_onUrlShortened_Confirmation","satisfiesPzi":true},"stages":[{"name":"BUILD","message":"Reusing build","state":"COMPLETE","resource":"projects/296797983995/locations/us-central1/builds/75a13c8e-5e84-4556-8fbe-1b75002c769c","stateMessages":[{"severity":"WARNING","type":"BuildAnalysisWarning","message":"Node.js 20 is no longer supported by the Node.js community as of 30 April, 2026. Node.js 20 will be decommissioned on 2026-10-30. As of 2026-10-30 you will no longer be able to deploy your Cloud Functions using nodejs20. We recommend you to upgrade to the latest version of Node.js as soon as possible."}]},{"name":"SERVICE","message":"Updating Cloud Run service","state":"IN_PROGRESS","resource":"projects/linkifyurl/locations/us-central1/services/trigger-onurlshortened-confirmation","resourceUri":"https://console.cloud.google.com/run/detail/us-central1/trigger-onurlshortened-confirmation?project=linkifyurl","stateMessages":[{"severity":"INFO","type":"CloudRunServiceNewRevisionTrafficInfo","message":"A new revision will be deployed serving with 100% traffic."}]},{"name":"TRIGGER","state":"NOT_STARTED"}],"sourceToken":"Cldwcm9qZWN0cy8yOTY3OTc5ODM5OTUvbG9jYXRpb25zL3VzLWNlbnRyYWwxL2J1aWxkcy83NWExM2M4ZS01ZTg0LTQ1NTYtOGZiZS0xYjc1MDAyYzc2OWMSZHVzLWNlbnRyYWwxLWRvY2tlci5wa2cuZGV2L2xpbmtpZnl1cmwvZ2NmLWFydGlmYWN0cy9saW5raWZ5dXJsX191cy0tY2VudHJhbDFfX2hlYWx0aF9jaGVjazp2ZXJzaW9uXzEY+6mn1NEIIj9wcm9qZWN0cy9saW5raWZ5dXJsL2xvY2F0aW9ucy91cy1jZW50cmFsMS9mdW5jdGlvbnMvaGVhbHRoQ2hlY2sqCwjn1ZnWBhDo29sCMghub2RlanMyMDp2CiNnY3IuaW8vZ2FlLXJ1bnRpbWVzL25vZGVqczIwOnN0YWJsZRJPdXMtY2VudHJhbDEtZG9ja2VyLnBrZy5kZXYvc2VydmVybGVzcy1ydW50aW1lcy9nb29nbGUtMjItZnVsbC9ydW50aW1lcy9ub2RlanMyMEAB","operationType":"UPDATE_FUNCTION","buildName":"projects/296797983995/locations/us-central1/builds/75a13c8e-5e84-4556-8fbe-1b75002c769c"},"done":false}
[debug] [2026-10-07T15:53:18.784Z] Got source token Cldwcm9qZWN0cy8yOTY3OTc5ODM5OTUvbG9jYXRpb25zL3VzLWNlbnRyYWwxL2J1aWxkcy83NWExM2M4ZS01ZTg0LTQ1NTYtOGZiZS0xYjc1MDAyYzc2OWMSZHVzLWNlbnRyYWwxLWRvY2tlci5wa2cuZGV2L2xpbmtpZnl1cmwvZ2NmLWFydGlmYWN0cy9saW5raWZ5dXJsX191cy0tY2VudHJhbDFfX2hlYWx0aF9jaGVjazp2ZXJzaW9uXzEY+6mn1NEIIj9wcm9qZWN0cy9saW5raWZ5dXJsL2xvY2F0aW9ucy91cy1jZW50cmFsMS9mdW5jdGlvbnMvaGVhbHRoQ2hlY2sqCwjn1ZnWBhDo29sCMghub2RlanMyMDp2CiNnY3IuaW8vZ2FlLXJ1bnRpbWVzL25vZGVqczIwOnN0YWJsZRJPdXMtY2VudHJhbDEtZG9ja2VyLnBrZy5kZXYvc2VydmVybGVzcy1ydW50aW1lcy9nb29nbGUtMjItZnVsbC9ydW50aW1lcy9ub2RlanMyMEAB for region us-central1
[debug] [2026-10-07T15:53:18.892Z] [update-default-us-central1-callable_sendShortenedEmail] Retrying task index 0
[debug] [2026-10-07T15:53:18.892Z] Checked if tokens are valid: true, expires at: 1791391707805
[debug] [2026-10-07T15:53:18.892Z] Checked if tokens are valid: true, expires at: 1791391707805
[debug] [2026-10-07T15:53:18.892Z] >>> [apiv2][query] GET https://cloudfunctions.googleapis.com/v2/projects/linkifyurl/locations/us-central1/operations/operation-1791388396937-65d421d0de1aa-27e33cf7-fe91275b [none]
[debug] [2026-10-07T15:53:19.079Z] <<< [apiv2][status] GET https://cloudfunctions.googleapis.com/v2/projects/linkifyurl/locations/us-central1/operations/operation-1791388396802-65d421d0bd2a0-0cfad7a3-71f0bb30 200
[debug] [2026-10-07T15:53:19.079Z] <<< [apiv2][body] GET https://cloudfunctions.googleapis.com/v2/projects/linkifyurl/locations/us-central1/operations/operation-1791388396802-65d421d0bd2a0-0cfad7a3-71f0bb30 {"name":"projects/linkifyurl/locations/us-central1/operations/operation-1791388396802-65d421d0bd2a0-0cfad7a3-71f0bb30","metadata":{"@type":"type.googleapis.com/google.cloud.functions.v2.OperationMetadata","createTime":"2026-10-07T15:53:17.753323327Z","target":"projects/linkifyurl/locations/us-central1/functions/onClick_Aggregator","verb":"update","cancelRequested":false,"apiVersion":"v2","requestResource":{"@type":"type.googleapis.com/google.cloud.functions.v2.Function","name":"projects/linkifyurl/locations/us-central1/functions/onClick_Aggregator","buildConfig":{"runtime":"nodejs20","entryPoint":"onClick_Aggregator","source":{"storageSource":{"bucket":"gcf-v2-sources-296797983995-us-central1","object":"onClick_Aggregator/function-source.zip","generation":"1791388397695975"}},"environmentVariables":{"GOOGLE_NODE_RUN_SCRIPTS":""},"dockerRepository":"projects/linkifyurl/locations/us-central1/repositories/gcf-artifacts","sourceProvenance":{"resolvedStorageSource":{"bucket":"gcf-v2-sources-296797983995-us-central1","object":"onClick_Aggregator/function-source.zip","generation":"1778495414502066"}},"dockerRegistry":"ARTIFACT_REGISTRY","sourceToken":"Cldwcm9qZWN0cy8yOTY3OTc5ODM5OTUvbG9jYXRpb25zL3VzLWNlbnRyYWwxL2J1aWxkcy83NWExM2M4ZS01ZTg0LTQ1NTYtOGZiZS0xYjc1MDAyYzc2OWMSZHVzLWNlbnRyYWwxLWRvY2tlci5wa2cuZGV2L2xpbmtpZnl1cmwvZ2NmLWFydGlmYWN0cy9saW5raWZ5dXJsX191cy0tY2VudHJhbDFfX2hlYWx0aF9jaGVjazp2ZXJzaW9uXzEY+6mn1NEIIj9wcm9qZWN0cy9saW5raWZ5dXJsL2xvY2F0aW9ucy91cy1jZW50cmFsMS9mdW5jdGlvbnMvaGVhbHRoQ2hlY2sqCwjn1ZnWBhDo29sCMghub2RlanMyMDp2CiNnY3IuaW8vZ2FlLXJ1bnRpbWVzL25vZGVqczIwOnN0YWJsZRJPdXMtY2VudHJhbDEtZG9ja2VyLnBrZy5kZXYvc2VydmVybGVzcy1ydW50aW1lcy9nb29nbGUtMjItZnVsbC9ydW50aW1lcy9ub2RlanMyMEAB","serviceAccount":"projects/linkifyurl/serviceAccounts/296797983995-compute@developer.gserviceaccount.com","automaticUpdatePolicy":{}},"serviceConfig":{"service":"projects/linkifyurl/locations/us-central1/services/onclick-aggregator","timeoutSeconds":60,"environmentVariables":{"FIREBASE_CONFIG":"{\"projectId\":\"linkifyurl\",\"storageBucket\":\"linkifyurl.firebasestorage.app\"}","GCLOUD_PROJECT":"linkifyurl","EVENTARC_CLOUD_EVENT_SOURCE":"projects/linkifyurl/locations/us-central1/services/onClick_Aggregator","FUNCTION_SIGNATURE_TYPE":"cloudevent","FUNCTION_TARGET":"onClick_Aggregator","LOG_EXECUTION_ID":"true"},"ingressSettings":"ALLOW_ALL","uri":"https://onclick-aggregator-ck2bcwa72a-uc.a.run.app","serviceAccountEmail":"296797983995-compute@developer.gserviceaccount.com","availableMemory":"256Mi","allTrafficOnLatestRevision":true,"revision":"onclick-aggregator-00007-zev","maxInstanceRequestConcurrency":80,"availableCpu":"1"},"eventTrigger":{"trigger":"projects/linkifyurl/locations/nam5/triggers/onclick-aggregator-919171","triggerRegion":"nam5","eventType":"google.cloud.firestore.document.v1.created","eventFilters":[{"attribute":"database","value":"(default)"},{"attribute":"namespace","value":"(default)"},{"attribute":"document","value":"shortUrls/{shortCode}/clicks/{clickId}","operator":"match-path-pattern"}],"pubsubTopic":"projects/linkifyurl/topics/eventarc-nam5-onclick-aggregator-919171-819","serviceAccountEmail":"296797983995-compute@developer.gserviceaccount.com","retryPolicy":"RETRY_POLICY_DO_NOT_RETRY"},"state":"ACTIVE","labels":{"deployment-tool":"cli-firebase","firebase-functions-hash":"c65864b087821c1e69f48427bb4802a658056ea7"},"environment":"GEN_2","url":"https://us-central1-linkifyurl.cloudfunctions.net/onClick_Aggregator","satisfiesPzi":true},"stages":[{"name":"BUILD","message":"Reusing build","state":"COMPLETE","resource":"projects/296797983995/locations/us-central1/builds/75a13c8e-5e84-4556-8fbe-1b75002c769c","stateMessages":[{"severity":"WARNING","type":"BuildAnalysisWarning","message":"Node.js 20 is no longer supported by the Node.js community as of 30 April, 2026. Node.js 20 will be decommissioned on 2026-10-30. As of 2026-10-30 you will no longer be able to deploy your Cloud Functions using nodejs20. We recommend you to upgrade to the latest version of Node.js as soon as possible."}]},{"name":"SERVICE","message":"Updating Cloud Run service","state":"IN_PROGRESS","resource":"projects/linkifyurl/locations/us-central1/services/onclick-aggregator","resourceUri":"https://console.cloud.google.com/run/detail/us-central1/onclick-aggregator?project=linkifyurl","stateMessages":[{"severity":"INFO","type":"CloudRunServiceNewRevisionTrafficInfo","message":"A new revision will be deployed serving with 100% traffic."}]},{"name":"TRIGGER","state":"NOT_STARTED"}],"sourceToken":"Cldwcm9qZWN0cy8yOTY3OTc5ODM5OTUvbG9jYXRpb25zL3VzLWNlbnRyYWwxL2J1aWxkcy83NWExM2M4ZS01ZTg0LTQ1NTYtOGZiZS0xYjc1MDAyYzc2OWMSZHVzLWNlbnRyYWwxLWRvY2tlci5wa2cuZGV2L2xpbmtpZnl1cmwvZ2NmLWFydGlmYWN0cy9saW5raWZ5dXJsX191cy0tY2VudHJhbDFfX2hlYWx0aF9jaGVjazp2ZXJzaW9uXzEY+6mn1NEIIj9wcm9qZWN0cy9saW5raWZ5dXJsL2xvY2F0aW9ucy91cy1jZW50cmFsMS9mdW5jdGlvbnMvaGVhbHRoQ2hlY2sqCwjn1ZnWBhDo29sCMghub2RlanMyMDp2CiNnY3IuaW8vZ2FlLXJ1bnRpbWVzL25vZGVqczIwOnN0YWJsZRJPdXMtY2VudHJhbDEtZG9ja2VyLnBrZy5kZXYvc2VydmVybGVzcy1ydW50aW1lcy9nb29nbGUtMjItZnVsbC9ydW50aW1lcy9ub2RlanMyMEAB","operationType":"UPDATE_FUNCTION","buildName":"projects/296797983995/locations/us-central1/builds/75a13c8e-5e84-4556-8fbe-1b75002c769c"},"done":false}
[debug] [2026-10-07T15:53:19.079Z] Got source token Cldwcm9qZWN0cy8yOTY3OTc5ODM5OTUvbG9jYXRpb25zL3VzLWNlbnRyYWwxL2J1aWxkcy83NWExM2M4ZS01ZTg0LTQ1NTYtOGZiZS0xYjc1MDAyYzc2OWMSZHVzLWNlbnRyYWwxLWRvY2tlci5wa2cuZGV2L2xpbmtpZnl1cmwvZ2NmLWFydGlmYWN0cy9saW5raWZ5dXJsX191cy0tY2VudHJhbDFfX2hlYWx0aF9jaGVjazp2ZXJzaW9uXzEY+6mn1NEIIj9wcm9qZWN0cy9saW5raWZ5dXJsL2xvY2F0aW9ucy91cy1jZW50cmFsMS9mdW5jdGlvbnMvaGVhbHRoQ2hlY2sqCwjn1ZnWBhDo29sCMghub2RlanMyMDp2CiNnY3IuaW8vZ2FlLXJ1bnRpbWVzL25vZGVqczIwOnN0YWJsZRJPdXMtY2VudHJhbDEtZG9ja2VyLnBrZy5kZXYvc2VydmVybGVzcy1ydW50aW1lcy9nb29nbGUtMjItZnVsbC9ydW50aW1lcy9ub2RlanMyMEAB for region us-central1
[debug] [2026-10-07T15:53:19.098Z] <<< [apiv2][status] GET https://cloudfunctions.googleapis.com/v2/projects/linkifyurl/locations/us-central1/operations/operation-1791388397329-65d421d13dd00-40242c60-8984130d 200
[debug] [2026-10-07T15:53:19.098Z] <<< [apiv2][body] GET https://cloudfunctions.googleapis.com/v2/projects/linkifyurl/locations/us-central1/operations/operation-1791388397329-65d421d13dd00-40242c60-8984130d {"name":"projects/linkifyurl/locations/us-central1/operations/operation-1791388397329-65d421d13dd00-40242c60-8984130d","metadata":{"@type":"type.googleapis.com/google.cloud.functions.v2.OperationMetadata","createTime":"2026-10-07T15:53:19.187441492Z","target":"projects/linkifyurl/locations/us-central1/functions/callable_sendWelcomeEmail","verb":"update","cancelRequested":false,"apiVersion":"v2","requestResource":{"@type":"type.googleapis.com/google.cloud.functions.v2.Function","name":"projects/linkifyurl/locations/us-central1/functions/callable_sendWelcomeEmail","buildConfig":{"runtime":"nodejs20","entryPoint":"callable_sendWelcomeEmail","source":{"storageSource":{"bucket":"gcf-v2-sources-296797983995-us-central1","object":"callable_sendWelcomeEmail/function-source.zip","generation":"1791388399137384"}},"environmentVariables":{"GOOGLE_NODE_RUN_SCRIPTS":""},"dockerRepository":"projects/linkifyurl/locations/us-central1/repositories/gcf-artifacts","sourceProvenance":{"resolvedStorageSource":{"bucket":"gcf-v2-sources-296797983995-us-central1","object":"callable_sendWelcomeEmail/function-source.zip","generation":"1778495414025323"}},"dockerRegistry":"ARTIFACT_REGISTRY","sourceToken":"Cldwcm9qZWN0cy8yOTY3OTc5ODM5OTUvbG9jYXRpb25zL3VzLWNlbnRyYWwxL2J1aWxkcy83NWExM2M4ZS01ZTg0LTQ1NTYtOGZiZS0xYjc1MDAyYzc2OWMSZHVzLWNlbnRyYWwxLWRvY2tlci5wa2cuZGV2L2xpbmtpZnl1cmwvZ2NmLWFydGlmYWN0cy9saW5raWZ5dXJsX191cy0tY2VudHJhbDFfX2hlYWx0aF9jaGVjazp2ZXJzaW9uXzEY+6mn1NEIIj9wcm9qZWN0cy9saW5raWZ5dXJsL2xvY2F0aW9ucy91cy1jZW50cmFsMS9mdW5jdGlvbnMvaGVhbHRoQ2hlY2sqCwjn1ZnWBhDo29sCMghub2RlanMyMDp2CiNnY3IuaW8vZ2FlLXJ1bnRpbWVzL25vZGVqczIwOnN0YWJsZRJPdXMtY2VudHJhbDEtZG9ja2VyLnBrZy5kZXYvc2VydmVybGVzcy1ydW50aW1lcy9nb29nbGUtMjItZnVsbC9ydW50aW1lcy9ub2RlanMyMEAB","serviceAccount":"projects/linkifyurl/serviceAccounts/296797983995-compute@developer.gserviceaccount.com","automaticUpdatePolicy":{}},"serviceConfig":{"service":"projects/linkifyurl/locations/us-central1/services/callable-sendwelcomeemail","timeoutSeconds":60,"environmentVariables":{"FIREBASE_CONFIG":"{\"projectId\":\"linkifyurl\",\"storageBucket\":\"linkifyurl.firebasestorage.app\"}","GCLOUD_PROJECT":"linkifyurl","EVENTARC_CLOUD_EVENT_SOURCE":"projects/linkifyurl/locations/us-central1/services/callable_sendWelcomeEmail","FUNCTION_TARGET":"callable_sendWelcomeEmail","LOG_EXECUTION_ID":"true","FUNCTION_SIGNATURE_TYPE":"http"},"ingressSettings":"ALLOW_ALL","uri":"https://callable-sendwelcomeemail-ck2bcwa72a-uc.a.run.app","serviceAccountEmail":"296797983995-compute@developer.gserviceaccount.com","availableMemory":"256Mi","allTrafficOnLatestRevision":true,"secretEnvironmentVariables":[{"key":"gmailUser","projectId":"linkifyurl","secret":"gmailUser","version":"1"},{"key":"gmailPass","projectId":"linkifyurl","secret":"gmailPass","version":"1"}],"revision":"callable-sendwelcomeemail-00007-cav","maxInstanceRequestConcurrency":80,"availableCpu":"1"},"state":"ACTIVE","labels":{"deployment-tool":"cli-firebase","deployment-callable":"true","firebase-functions-hash":"7871e1ab9823eae01c37484398d5895a889267f5"},"environment":"GEN_2","url":"https://us-central1-linkifyurl.cloudfunctions.net/callable_sendWelcomeEmail","satisfiesPzi":true},"stages":[{"name":"BUILD","message":"Reusing build","state":"COMPLETE","resource":"projects/296797983995/locations/us-central1/builds/75a13c8e-5e84-4556-8fbe-1b75002c769c","stateMessages":[{"severity":"WARNING","type":"BuildAnalysisWarning","message":"Node.js 20 is no longer supported by the Node.js community as of 30 April, 2026. Node.js 20 will be decommissioned on 2026-10-30. As of 2026-10-30 you will no longer be able to deploy your Cloud Functions using nodejs20. We recommend you to upgrade to the latest version of Node.js as soon as possible."}]},{"name":"SERVICE","state":"NOT_STARTED"}],"sourceToken":"Cldwcm9qZWN0cy8yOTY3OTc5ODM5OTUvbG9jYXRpb25zL3VzLWNlbnRyYWwxL2J1aWxkcy83NWExM2M4ZS01ZTg0LTQ1NTYtOGZiZS0xYjc1MDAyYzc2OWMSZHVzLWNlbnRyYWwxLWRvY2tlci5wa2cuZGV2L2xpbmtpZnl1cmwvZ2NmLWFydGlmYWN0cy9saW5raWZ5dXJsX191cy0tY2VudHJhbDFfX2hlYWx0aF9jaGVjazp2ZXJzaW9uXzEY+6mn1NEIIj9wcm9qZWN0cy9saW5raWZ5dXJsL2xvY2F0aW9ucy91cy1jZW50cmFsMS9mdW5jdGlvbnMvaGVhbHRoQ2hlY2sqCwjn1ZnWBhDo29sCMghub2RlanMyMDp2CiNnY3IuaW8vZ2FlLXJ1bnRpbWVzL25vZGVqczIwOnN0YWJsZRJPdXMtY2VudHJhbDEtZG9ja2VyLnBrZy5kZXYvc2VydmVybGVzcy1ydW50aW1lcy9nb29nbGUtMjItZnVsbC9ydW50aW1lcy9ub2RlanMyMEAB","operationType":"UPDATE_FUNCTION","buildName":"projects/296797983995/locations/us-central1/builds/75a13c8e-5e84-4556-8fbe-1b75002c769c"},"done":false}
[debug] [2026-10-07T15:53:19.098Z] Got source token Cldwcm9qZWN0cy8yOTY3OTc5ODM5OTUvbG9jYXRpb25zL3VzLWNlbnRyYWwxL2J1aWxkcy83NWExM2M4ZS01ZTg0LTQ1NTYtOGZiZS0xYjc1MDAyYzc2OWMSZHVzLWNlbnRyYWwxLWRvY2tlci5wa2cuZGV2L2xpbmtpZnl1cmwvZ2NmLWFydGlmYWN0cy9saW5raWZ5dXJsX191cy0tY2VudHJhbDFfX2hlYWx0aF9jaGVjazp2ZXJzaW9uXzEY+6mn1NEIIj9wcm9qZWN0cy9saW5raWZ5dXJsL2xvY2F0aW9ucy91cy1jZW50cmFsMS9mdW5jdGlvbnMvaGVhbHRoQ2hlY2sqCwjn1ZnWBhDo29sCMghub2RlanMyMDp2CiNnY3IuaW8vZ2FlLXJ1bnRpbWVzL25vZGVqczIwOnN0YWJsZRJPdXMtY2VudHJhbDEtZG9ja2VyLnBrZy5kZXYvc2VydmVybGVzcy1ydW50aW1lcy9nb29nbGUtMjItZnVsbC9ydW50aW1lcy9ub2RlanMyMEAB for region us-central1
[debug] [2026-10-07T15:53:19.255Z] <<< [apiv2][status] GET https://cloudfunctions.googleapis.com/v2/projects/linkifyurl/locations/us-central1/operations/operation-1791388396937-65d421d0de1aa-27e33cf7-fe91275b 200
[debug] [2026-10-07T15:53:19.255Z] <<< [apiv2][body] GET https://cloudfunctions.googleapis.com/v2/projects/linkifyurl/locations/us-central1/operations/operation-1791388396937-65d421d0de1aa-27e33cf7-fe91275b {"name":"projects/linkifyurl/locations/us-central1/operations/operation-1791388396937-65d421d0de1aa-27e33cf7-fe91275b","metadata":{"@type":"type.googleapis.com/google.cloud.functions.v2.OperationMetadata","createTime":"2026-10-07T15:53:17.813490665Z","target":"projects/linkifyurl/locations/us-central1/functions/callable_sendShortenedEmail","verb":"update","cancelRequested":false,"apiVersion":"v2","requestResource":{"@type":"type.googleapis.com/google.cloud.functions.v2.Function","name":"projects/linkifyurl/locations/us-central1/functions/callable_sendShortenedEmail","buildConfig":{"runtime":"nodejs20","entryPoint":"callable_sendShortenedEmail","source":{"storageSource":{"bucket":"gcf-v2-sources-296797983995-us-central1","object":"callable_sendShortenedEmail/function-source.zip","generation":"1791388397758775"}},"environmentVariables":{"GOOGLE_NODE_RUN_SCRIPTS":""},"dockerRepository":"projects/linkifyurl/locations/us-central1/repositories/gcf-artifacts","sourceProvenance":{"resolvedStorageSource":{"bucket":"gcf-v2-sources-296797983995-us-central1","object":"callable_sendShortenedEmail/function-source.zip","generation":"1778495414195727"}},"dockerRegistry":"ARTIFACT_REGISTRY","sourceToken":"Cldwcm9qZWN0cy8yOTY3OTc5ODM5OTUvbG9jYXRpb25zL3VzLWNlbnRyYWwxL2J1aWxkcy83NWExM2M4ZS01ZTg0LTQ1NTYtOGZiZS0xYjc1MDAyYzc2OWMSZHVzLWNlbnRyYWwxLWRvY2tlci5wa2cuZGV2L2xpbmtpZnl1cmwvZ2NmLWFydGlmYWN0cy9saW5raWZ5dXJsX191cy0tY2VudHJhbDFfX2hlYWx0aF9jaGVjazp2ZXJzaW9uXzEY+6mn1NEIIj9wcm9qZWN0cy9saW5raWZ5dXJsL2xvY2F0aW9ucy91cy1jZW50cmFsMS9mdW5jdGlvbnMvaGVhbHRoQ2hlY2sqCwjn1ZnWBhDo29sCMghub2RlanMyMDp2CiNnY3IuaW8vZ2FlLXJ1bnRpbWVzL25vZGVqczIwOnN0YWJsZRJPdXMtY2VudHJhbDEtZG9ja2VyLnBrZy5kZXYvc2VydmVybGVzcy1ydW50aW1lcy9nb29nbGUtMjItZnVsbC9ydW50aW1lcy9ub2RlanMyMEAB","serviceAccount":"projects/linkifyurl/serviceAccounts/296797983995-compute@developer.gserviceaccount.com","automaticUpdatePolicy":{}},"serviceConfig":{"service":"projects/linkifyurl/locations/us-central1/services/callable-sendshortenedemail","timeoutSeconds":60,"environmentVariables":{"FIREBASE_CONFIG":"{\"projectId\":\"linkifyurl\",\"storageBucket\":\"linkifyurl.firebasestorage.app\"}","GCLOUD_PROJECT":"linkifyurl","EVENTARC_CLOUD_EVENT_SOURCE":"projects/linkifyurl/locations/us-central1/services/callable_sendShortenedEmail","FUNCTION_TARGET":"callable_sendShortenedEmail","LOG_EXECUTION_ID":"true","FUNCTION_SIGNATURE_TYPE":"http"},"ingressSettings":"ALLOW_ALL","uri":"https://callable-sendshortenedemail-ck2bcwa72a-uc.a.run.app","serviceAccountEmail":"296797983995-compute@developer.gserviceaccount.com","availableMemory":"256Mi","allTrafficOnLatestRevision":true,"secretEnvironmentVariables":[{"key":"gmailUser","projectId":"linkifyurl","secret":"gmailUser","version":"1"},{"key":"gmailPass","projectId":"linkifyurl","secret":"gmailPass","version":"1"}],"revision":"callable-sendshortenedemail-00007-nuh","maxInstanceRequestConcurrency":80,"availableCpu":"1"},"state":"ACTIVE","labels":{"deployment-tool":"cli-firebase","deployment-callable":"true","firebase-functions-hash":"7871e1ab9823eae01c37484398d5895a889267f5"},"environment":"GEN_2","url":"https://us-central1-linkifyurl.cloudfunctions.net/callable_sendShortenedEmail","satisfiesPzi":true},"stages":[{"name":"BUILD","message":"Reusing build","state":"COMPLETE","resource":"projects/296797983995/locations/us-central1/builds/75a13c8e-5e84-4556-8fbe-1b75002c769c","stateMessages":[{"severity":"WARNING","type":"BuildAnalysisWarning","message":"Node.js 20 is no longer supported by the Node.js community as of 30 April, 2026. Node.js 20 will be decommissioned on 2026-10-30. As of 2026-10-30 you will no longer be able to deploy your Cloud Functions using nodejs20. We recommend you to upgrade to the latest version of Node.js as soon as possible."}]},{"name":"SERVICE","message":"Updating Cloud Run service","state":"IN_PROGRESS","resource":"projects/linkifyurl/locations/us-central1/services/callable-sendshortenedemail","resourceUri":"https://console.cloud.google.com/run/detail/us-central1/callable-sendshortenedemail?project=linkifyurl","stateMessages":[{"severity":"INFO","type":"CloudRunServiceNewRevisionTrafficInfo","message":"A new revision will be deployed serving with 100% traffic."}]}],"sourceToken":"Cldwcm9qZWN0cy8yOTY3OTc5ODM5OTUvbG9jYXRpb25zL3VzLWNlbnRyYWwxL2J1aWxkcy83NWExM2M4ZS01ZTg0LTQ1NTYtOGZiZS0xYjc1MDAyYzc2OWMSZHVzLWNlbnRyYWwxLWRvY2tlci5wa2cuZGV2L2xpbmtpZnl1cmwvZ2NmLWFydGlmYWN0cy9saW5raWZ5dXJsX191cy0tY2VudHJhbDFfX2hlYWx0aF9jaGVjazp2ZXJzaW9uXzEY+6mn1NEIIj9wcm9qZWN0cy9saW5raWZ5dXJsL2xvY2F0aW9ucy91cy1jZW50cmFsMS9mdW5jdGlvbnMvaGVhbHRoQ2hlY2sqCwjn1ZnWBhDo29sCMghub2RlanMyMDp2CiNnY3IuaW8vZ2FlLXJ1bnRpbWVzL25vZGVqczIwOnN0YWJsZRJPdXMtY2VudHJhbDEtZG9ja2VyLnBrZy5kZXYvc2VydmVybGVzcy1ydW50aW1lcy9nb29nbGUtMjItZnVsbC9ydW50aW1lcy9ub2RlanMyMEAB","operationType":"UPDATE_FUNCTION","buildName":"projects/296797983995/locations/us-central1/builds/75a13c8e-5e84-4556-8fbe-1b75002c769c"},"done":false}
[debug] [2026-10-07T15:53:19.255Z] Got source token Cldwcm9qZWN0cy8yOTY3OTc5ODM5OTUvbG9jYXRpb25zL3VzLWNlbnRyYWwxL2J1aWxkcy83NWExM2M4ZS01ZTg0LTQ1NTYtOGZiZS0xYjc1MDAyYzc2OWMSZHVzLWNlbnRyYWwxLWRvY2tlci5wa2cuZGV2L2xpbmtpZnl1cmwvZ2NmLWFydGlmYWN0cy9saW5raWZ5dXJsX191cy0tY2VudHJhbDFfX2hlYWx0aF9jaGVjazp2ZXJzaW9uXzEY+6mn1NEIIj9wcm9qZWN0cy9saW5raWZ5dXJsL2xvY2F0aW9ucy91cy1jZW50cmFsMS9mdW5jdGlvbnMvaGVhbHRoQ2hlY2sqCwjn1ZnWBhDo29sCMghub2RlanMyMDp2CiNnY3IuaW8vZ2FlLXJ1bnRpbWVzL25vZGVqczIwOnN0YWJsZRJPdXMtY2VudHJhbDEtZG9ja2VyLnBrZy5kZXYvc2VydmVybGVzcy1ydW50aW1lcy9nb29nbGUtMjItZnVsbC9ydW50aW1lcy9ub2RlanMyMEAB for region us-central1
[debug] [2026-10-07T15:53:19.285Z] [update-default-us-central1-trigger_onUrlShortened_Confirmation] Retrying task index 0
[debug] [2026-10-07T15:53:19.285Z] Checked if tokens are valid: true, expires at: 1791391707805
[debug] [2026-10-07T15:53:19.285Z] Checked if tokens are valid: true, expires at: 1791391707805
[debug] [2026-10-07T15:53:19.285Z] >>> [apiv2][query] GET https://cloudfunctions.googleapis.com/v2/projects/linkifyurl/locations/us-central1/operations/operation-1791388397303-65d421d137668-6bd487f9-66a48f71 [none]
[debug] [2026-10-07T15:53:19.598Z] [update-default-us-central1-callable_sendWelcomeEmail] Retrying task index 0
[debug] [2026-10-07T15:53:19.599Z] Checked if tokens are valid: true, expires at: 1791391707805
[debug] [2026-10-07T15:53:19.599Z] Checked if tokens are valid: true, expires at: 1791391707805
[debug] [2026-10-07T15:53:19.599Z] >>> [apiv2][query] GET https://cloudfunctions.googleapis.com/v2/projects/linkifyurl/locations/us-central1/operations/operation-1791388397329-65d421d13dd00-40242c60-8984130d [none]
[debug] [2026-10-07T15:53:19.609Z] <<< [apiv2][status] GET https://cloudfunctions.googleapis.com/v2/projects/linkifyurl/locations/us-central1/operations/operation-1791388397303-65d421d137668-6bd487f9-66a48f71 200
[debug] [2026-10-07T15:53:19.609Z] <<< [apiv2][body] GET https://cloudfunctions.googleapis.com/v2/projects/linkifyurl/locations/us-central1/operations/operation-1791388397303-65d421d137668-6bd487f9-66a48f71 {"name":"projects/linkifyurl/locations/us-central1/operations/operation-1791388397303-65d421d137668-6bd487f9-66a48f71","metadata":{"@type":"type.googleapis.com/google.cloud.functions.v2.OperationMetadata","createTime":"2026-10-07T15:53:18.227685369Z","target":"projects/linkifyurl/locations/us-central1/functions/trigger_onUrlShortened_Confirmation","verb":"update","cancelRequested":false,"apiVersion":"v2","requestResource":{"@type":"type.googleapis.com/google.cloud.functions.v2.Function","name":"projects/linkifyurl/locations/us-central1/functions/trigger_onUrlShortened_Confirmation","buildConfig":{"runtime":"nodejs20","entryPoint":"trigger_onUrlShortened_Confirmation","source":{"storageSource":{"bucket":"gcf-v2-sources-296797983995-us-central1","object":"trigger_onUrlShortened_Confirmation/function-source.zip","generation":"1791388398174235"}},"environmentVariables":{"GOOGLE_NODE_RUN_SCRIPTS":""},"dockerRepository":"projects/linkifyurl/locations/us-central1/repositories/gcf-artifacts","sourceProvenance":{"resolvedStorageSource":{"bucket":"gcf-v2-sources-296797983995-us-central1","object":"trigger_onUrlShortened_Confirmation/function-source.zip","generation":"1778495414577561"}},"dockerRegistry":"ARTIFACT_REGISTRY","sourceToken":"Cldwcm9qZWN0cy8yOTY3OTc5ODM5OTUvbG9jYXRpb25zL3VzLWNlbnRyYWwxL2J1aWxkcy83NWExM2M4ZS01ZTg0LTQ1NTYtOGZiZS0xYjc1MDAyYzc2OWMSZHVzLWNlbnRyYWwxLWRvY2tlci5wa2cuZGV2L2xpbmtpZnl1cmwvZ2NmLWFydGlmYWN0cy9saW5raWZ5dXJsX191cy0tY2VudHJhbDFfX2hlYWx0aF9jaGVjazp2ZXJzaW9uXzEY+6mn1NEIIj9wcm9qZWN0cy9saW5raWZ5dXJsL2xvY2F0aW9ucy91cy1jZW50cmFsMS9mdW5jdGlvbnMvaGVhbHRoQ2hlY2sqCwjn1ZnWBhDo29sCMghub2RlanMyMDp2CiNnY3IuaW8vZ2FlLXJ1bnRpbWVzL25vZGVqczIwOnN0YWJsZRJPdXMtY2VudHJhbDEtZG9ja2VyLnBrZy5kZXYvc2VydmVybGVzcy1ydW50aW1lcy9nb29nbGUtMjItZnVsbC9ydW50aW1lcy9ub2RlanMyMEAB","serviceAccount":"projects/linkifyurl/serviceAccounts/296797983995-compute@developer.gserviceaccount.com","automaticUpdatePolicy":{}},"serviceConfig":{"service":"projects/linkifyurl/locations/us-central1/services/trigger-onurlshortened-confirmation","timeoutSeconds":60,"environmentVariables":{"FIREBASE_CONFIG":"{\"projectId\":\"linkifyurl\",\"storageBucket\":\"linkifyurl.firebasestorage.app\"}","GCLOUD_PROJECT":"linkifyurl","EVENTARC_CLOUD_EVENT_SOURCE":"projects/linkifyurl/locations/us-central1/services/trigger_onUrlShortened_Confirmation","FUNCTION_SIGNATURE_TYPE":"cloudevent","FUNCTION_TARGET":"trigger_onUrlShortened_Confirmation","LOG_EXECUTION_ID":"true"},"ingressSettings":"ALLOW_ALL","uri":"https://trigger-onurlshortened-confirmation-ck2bcwa72a-uc.a.run.app","serviceAccountEmail":"296797983995-compute@developer.gserviceaccount.com","availableMemory":"256Mi","allTrafficOnLatestRevision":true,"secretEnvironmentVariables":[{"key":"gmailUser","projectId":"linkifyurl","secret":"gmailUser","version":"1"},{"key":"gmailPass","projectId":"linkifyurl","secret":"gmailPass","version":"1"}],"revision":"trigger-onurlshortened-confirmation-00007-bac","maxInstanceRequestConcurrency":80,"availableCpu":"1"},"eventTrigger":{"trigger":"projects/linkifyurl/locations/nam5/triggers/trigger-onurlshortened-confirmation-330601","triggerRegion":"nam5","eventType":"google.cloud.firestore.document.v1.created","eventFilters":[{"attribute":"database","value":"(default)"},{"attribute":"namespace","value":"(default)"},{"attribute":"document","value":"shortUrls/{shortCode}","operator":"match-path-pattern"}],"pubsubTopic":"projects/linkifyurl/topics/eventarc-nam5-trigger-onurlshortened-confirmation-330601-739","serviceAccountEmail":"296797983995-compute@developer.gserviceaccount.com","retryPolicy":"RETRY_POLICY_DO_NOT_RETRY"},"state":"ACTIVE","labels":{"deployment-tool":"cli-firebase","firebase-functions-hash":"7871e1ab9823eae01c37484398d5895a889267f5"},"environment":"GEN_2","url":"https://us-central1-linkifyurl.cloudfunctions.net/trigger_onUrlShortened_Confirmation","satisfiesPzi":true},"stages":[{"name":"BUILD","message":"Reusing build","state":"COMPLETE","resource":"projects/296797983995/locations/us-central1/builds/75a13c8e-5e84-4556-8fbe-1b75002c769c","stateMessages":[{"severity":"WARNING","type":"BuildAnalysisWarning","message":"Node.js 20 is no longer supported by the Node.js community as of 30 April, 2026. Node.js 20 will be decommissioned on 2026-10-30. As of 2026-10-30 you will no longer be able to deploy your Cloud Functions using nodejs20. We recommend you to upgrade to the latest version of Node.js as soon as possible."}]},{"name":"SERVICE","message":"Updating Cloud Run service","state":"IN_PROGRESS","resource":"projects/linkifyurl/locations/us-central1/services/trigger-onurlshortened-confirmation","resourceUri":"https://console.cloud.google.com/run/detail/us-central1/trigger-onurlshortened-confirmation?project=linkifyurl","stateMessages":[{"severity":"INFO","type":"CloudRunServiceNewRevisionTrafficInfo","message":"A new revision will be deployed serving with 100% traffic."}]},{"name":"TRIGGER","state":"NOT_STARTED"}],"sourceToken":"Cldwcm9qZWN0cy8yOTY3OTc5ODM5OTUvbG9jYXRpb25zL3VzLWNlbnRyYWwxL2J1aWxkcy83NWExM2M4ZS01ZTg0LTQ1NTYtOGZiZS0xYjc1MDAyYzc2OWMSZHVzLWNlbnRyYWwxLWRvY2tlci5wa2cuZGV2L2xpbmtpZnl1cmwvZ2NmLWFydGlmYWN0cy9saW5raWZ5dXJsX191cy0tY2VudHJhbDFfX2hlYWx0aF9jaGVjazp2ZXJzaW9uXzEY+6mn1NEIIj9wcm9qZWN0cy9saW5raWZ5dXJsL2xvY2F0aW9ucy91cy1jZW50cmFsMS9mdW5jdGlvbnMvaGVhbHRoQ2hlY2sqCwjn1ZnWBhDo29sCMghub2RlanMyMDp2CiNnY3IuaW8vZ2FlLXJ1bnRpbWVzL25vZGVqczIwOnN0YWJsZRJPdXMtY2VudHJhbDEtZG9ja2VyLnBrZy5kZXYvc2VydmVybGVzcy1ydW50aW1lcy9nb29nbGUtMjItZnVsbC9ydW50aW1lcy9ub2RlanMyMEAB","operationType":"UPDATE_FUNCTION","buildName":"projects/296797983995/locations/us-central1/builds/75a13c8e-5e84-4556-8fbe-1b75002c769c"},"done":false}
[debug] [2026-10-07T15:53:19.609Z] Got source token Cldwcm9qZWN0cy8yOTY3OTc5ODM5OTUvbG9jYXRpb25zL3VzLWNlbnRyYWwxL2J1aWxkcy83NWExM2M4ZS01ZTg0LTQ1NTYtOGZiZS0xYjc1MDAyYzc2OWMSZHVzLWNlbnRyYWwxLWRvY2tlci5wa2cuZGV2L2xpbmtpZnl1cmwvZ2NmLWFydGlmYWN0cy9saW5raWZ5dXJsX191cy0tY2VudHJhbDFfX2hlYWx0aF9jaGVjazp2ZXJzaW9uXzEY+6mn1NEIIj9wcm9qZWN0cy9saW5raWZ5dXJsL2xvY2F0aW9ucy91cy1jZW50cmFsMS9mdW5jdGlvbnMvaGVhbHRoQ2hlY2sqCwjn1ZnWBhDo29sCMghub2RlanMyMDp2CiNnY3IuaW8vZ2FlLXJ1bnRpbWVzL25vZGVqczIwOnN0YWJsZRJPdXMtY2VudHJhbDEtZG9ja2VyLnBrZy5kZXYvc2VydmVybGVzcy1ydW50aW1lcy9nb29nbGUtMjItZnVsbC9ydW50aW1lcy9ub2RlanMyMEAB for region us-central1
[debug] [2026-10-07T15:53:19.618Z] <<< [apiv2][status] GET https://cloudfunctions.googleapis.com/v2/projects/linkifyurl/locations/us-central1/operations/operation-1791388396770-65d421d0b543e-1e6c9f9d-eca263ae 200
[debug] [2026-10-07T15:53:19.619Z] <<< [apiv2][body] GET https://cloudfunctions.googleapis.com/v2/projects/linkifyurl/locations/us-central1/operations/operation-1791388396770-65d421d0b543e-1e6c9f9d-eca263ae {"name":"projects/linkifyurl/locations/us-central1/operations/operation-1791388396770-65d421d0b543e-1e6c9f9d-eca263ae","metadata":{"@type":"type.googleapis.com/google.cloud.functions.v2.OperationMetadata","createTime":"2026-10-07T15:53:17.688652443Z","target":"projects/linkifyurl/locations/us-central1/functions/onPlatformEvent_Aggregator","verb":"update","cancelRequested":false,"apiVersion":"v2","requestResource":{"@type":"type.googleapis.com/google.cloud.functions.v2.Function","name":"projects/linkifyurl/locations/us-central1/functions/onPlatformEvent_Aggregator","buildConfig":{"runtime":"nodejs20","entryPoint":"onPlatformEvent_Aggregator","source":{"storageSource":{"bucket":"gcf-v2-sources-296797983995-us-central1","object":"onPlatformEvent_Aggregator/function-source.zip","generation":"1791388397640489"}},"environmentVariables":{"GOOGLE_NODE_RUN_SCRIPTS":""},"dockerRepository":"projects/linkifyurl/locations/us-central1/repositories/gcf-artifacts","sourceProvenance":{"resolvedStorageSource":{"bucket":"gcf-v2-sources-296797983995-us-central1","object":"onPlatformEvent_Aggregator/function-source.zip","generation":"1778495414557412"}},"dockerRegistry":"ARTIFACT_REGISTRY","sourceToken":"Cldwcm9qZWN0cy8yOTY3OTc5ODM5OTUvbG9jYXRpb25zL3VzLWNlbnRyYWwxL2J1aWxkcy83NWExM2M4ZS01ZTg0LTQ1NTYtOGZiZS0xYjc1MDAyYzc2OWMSZHVzLWNlbnRyYWwxLWRvY2tlci5wa2cuZGV2L2xpbmtpZnl1cmwvZ2NmLWFydGlmYWN0cy9saW5raWZ5dXJsX191cy0tY2VudHJhbDFfX2hlYWx0aF9jaGVjazp2ZXJzaW9uXzEY+6mn1NEIIj9wcm9qZWN0cy9saW5raWZ5dXJsL2xvY2F0aW9ucy91cy1jZW50cmFsMS9mdW5jdGlvbnMvaGVhbHRoQ2hlY2sqCwjn1ZnWBhDo29sCMghub2RlanMyMDp2CiNnY3IuaW8vZ2FlLXJ1bnRpbWVzL25vZGVqczIwOnN0YWJsZRJPdXMtY2VudHJhbDEtZG9ja2VyLnBrZy5kZXYvc2VydmVybGVzcy1ydW50aW1lcy9nb29nbGUtMjItZnVsbC9ydW50aW1lcy9ub2RlanMyMEAB","serviceAccount":"projects/linkifyurl/serviceAccounts/296797983995-compute@developer.gserviceaccount.com","automaticUpdatePolicy":{}},"serviceConfig":{"service":"projects/linkifyurl/locations/us-central1/services/onplatformevent-aggregator","timeoutSeconds":60,"environmentVariables":{"FIREBASE_CONFIG":"{\"projectId\":\"linkifyurl\",\"storageBucket\":\"linkifyurl.firebasestorage.app\"}","GCLOUD_PROJECT":"linkifyurl","EVENTARC_CLOUD_EVENT_SOURCE":"projects/linkifyurl/locations/us-central1/services/onPlatformEvent_Aggregator","FUNCTION_SIGNATURE_TYPE":"cloudevent","FUNCTION_TARGET":"onPlatformEvent_Aggregator","LOG_EXECUTION_ID":"true"},"ingressSettings":"ALLOW_ALL","uri":"https://onplatformevent-aggregator-ck2bcwa72a-uc.a.run.app","serviceAccountEmail":"296797983995-compute@developer.gserviceaccount.com","availableMemory":"256Mi","allTrafficOnLatestRevision":true,"revision":"onplatformevent-aggregator-00011-yew","maxInstanceRequestConcurrency":80,"availableCpu":"1"},"eventTrigger":{"trigger":"projects/linkifyurl/locations/nam5/triggers/onplatformevent-aggregator-368816","triggerRegion":"nam5","eventType":"google.cloud.firestore.document.v1.created","eventFilters":[{"attribute":"database","value":"(default)"},{"attribute":"namespace","value":"(default)"},{"attribute":"document","value":"platformEvents/{eventId}","operator":"match-path-pattern"}],"pubsubTopic":"projects/linkifyurl/topics/eventarc-nam5-onplatformevent-aggregator-368816-724","serviceAccountEmail":"296797983995-compute@developer.gserviceaccount.com","retryPolicy":"RETRY_POLICY_DO_NOT_RETRY"},"state":"ACTIVE","labels":{"deployment-tool":"cli-firebase","firebase-functions-hash":"c65864b087821c1e69f48427bb4802a658056ea7"},"environment":"GEN_2","url":"https://us-central1-linkifyurl.cloudfunctions.net/onPlatformEvent_Aggregator","satisfiesPzi":true},"stages":[{"name":"BUILD","message":"Reusing build","state":"COMPLETE","resource":"projects/296797983995/locations/us-central1/builds/75a13c8e-5e84-4556-8fbe-1b75002c769c","stateMessages":[{"severity":"WARNING","type":"BuildAnalysisWarning","message":"Node.js 20 is no longer supported by the Node.js community as of 30 April, 2026. Node.js 20 will be decommissioned on 2026-10-30. As of 2026-10-30 you will no longer be able to deploy your Cloud Functions using nodejs20. We recommend you to upgrade to the latest version of Node.js as soon as possible."}]},{"name":"SERVICE","message":"Updating Cloud Run service","state":"IN_PROGRESS","resource":"projects/linkifyurl/locations/us-central1/services/onplatformevent-aggregator","resourceUri":"https://console.cloud.google.com/run/detail/us-central1/onplatformevent-aggregator?project=linkifyurl","stateMessages":[{"severity":"INFO","type":"CloudRunServiceNewRevisionTrafficInfo","message":"A new revision will be deployed serving with 100% traffic."}]},{"name":"TRIGGER","state":"NOT_STARTED"}],"sourceToken":"Cldwcm9qZWN0cy8yOTY3OTc5ODM5OTUvbG9jYXRpb25zL3VzLWNlbnRyYWwxL2J1aWxkcy83NWExM2M4ZS01ZTg0LTQ1NTYtOGZiZS0xYjc1MDAyYzc2OWMSZHVzLWNlbnRyYWwxLWRvY2tlci5wa2cuZGV2L2xpbmtpZnl1cmwvZ2NmLWFydGlmYWN0cy9saW5raWZ5dXJsX191cy0tY2VudHJhbDFfX2hlYWx0aF9jaGVjazp2ZXJzaW9uXzEY+6mn1NEIIj9wcm9qZWN0cy9saW5raWZ5dXJsL2xvY2F0aW9ucy91cy1jZW50cmFsMS9mdW5jdGlvbnMvaGVhbHRoQ2hlY2sqCwjn1ZnWBhDo29sCMghub2RlanMyMDp2CiNnY3IuaW8vZ2FlLXJ1bnRpbWVzL25vZGVqczIwOnN0YWJsZRJPdXMtY2VudHJhbDEtZG9ja2VyLnBrZy5kZXYvc2VydmVybGVzcy1ydW50aW1lcy9nb29nbGUtMjItZnVsbC9ydW50aW1lcy9ub2RlanMyMEAB","operationType":"UPDATE_FUNCTION","buildName":"projects/296797983995/locations/us-central1/builds/75a13c8e-5e84-4556-8fbe-1b75002c769c"},"done":false}
[debug] [2026-10-07T15:53:19.619Z] Got source token Cldwcm9qZWN0cy8yOTY3OTc5ODM5OTUvbG9jYXRpb25zL3VzLWNlbnRyYWwxL2J1aWxkcy83NWExM2M4ZS01ZTg0LTQ1NTYtOGZiZS0xYjc1MDAyYzc2OWMSZHVzLWNlbnRyYWwxLWRvY2tlci5wa2cuZGV2L2xpbmtpZnl1cmwvZ2NmLWFydGlmYWN0cy9saW5raWZ5dXJsX191cy0tY2VudHJhbDFfX2hlYWx0aF9jaGVjazp2ZXJzaW9uXzEY+6mn1NEIIj9wcm9qZWN0cy9saW5raWZ5dXJsL2xvY2F0aW9ucy91cy1jZW50cmFsMS9mdW5jdGlvbnMvaGVhbHRoQ2hlY2sqCwjn1ZnWBhDo29sCMghub2RlanMyMDp2CiNnY3IuaW8vZ2FlLXJ1bnRpbWVzL25vZGVqczIwOnN0YWJsZRJPdXMtY2VudHJhbDEtZG9ja2VyLnBrZy5kZXYvc2VydmVybGVzcy1ydW50aW1lcy9nb29nbGUtMjItZnVsbC9ydW50aW1lcy9ub2RlanMyMEAB for region us-central1
[debug] [2026-10-07T15:53:20.080Z] [update-default-us-central1-onClick_Aggregator] Retrying task index 0
[debug] [2026-10-07T15:53:20.080Z] Checked if tokens are valid: true, expires at: 1791391707805
[debug] [2026-10-07T15:53:20.080Z] Checked if tokens are valid: true, expires at: 1791391707805
[debug] [2026-10-07T15:53:20.080Z] >>> [apiv2][query] GET https://cloudfunctions.googleapis.com/v2/projects/linkifyurl/locations/us-central1/operations/operation-1791388396802-65d421d0bd2a0-0cfad7a3-71f0bb30 [none]
[debug] [2026-10-07T15:53:20.256Z] [update-default-us-central1-callable_sendShortenedEmail] Retrying task index 0
[debug] [2026-10-07T15:53:20.256Z] Checked if tokens are valid: true, expires at: 1791391707805
[debug] [2026-10-07T15:53:20.256Z] Checked if tokens are valid: true, expires at: 1791391707805
[debug] [2026-10-07T15:53:20.256Z] >>> [apiv2][query] GET https://cloudfunctions.googleapis.com/v2/projects/linkifyurl/locations/us-central1/operations/operation-1791388396937-65d421d0de1aa-27e33cf7-fe91275b [none]
[debug] [2026-10-07T15:53:20.391Z] <<< [apiv2][status] GET https://cloudfunctions.googleapis.com/v2/projects/linkifyurl/locations/us-central1/operations/operation-1791388396802-65d421d0bd2a0-0cfad7a3-71f0bb30 200
[debug] [2026-10-07T15:53:20.391Z] <<< [apiv2][body] GET https://cloudfunctions.googleapis.com/v2/projects/linkifyurl/locations/us-central1/operations/operation-1791388396802-65d421d0bd2a0-0cfad7a3-71f0bb30 {"name":"projects/linkifyurl/locations/us-central1/operations/operation-1791388396802-65d421d0bd2a0-0cfad7a3-71f0bb30","metadata":{"@type":"type.googleapis.com/google.cloud.functions.v2.OperationMetadata","createTime":"2026-10-07T15:53:17.753323327Z","target":"projects/linkifyurl/locations/us-central1/functions/onClick_Aggregator","verb":"update","cancelRequested":false,"apiVersion":"v2","requestResource":{"@type":"type.googleapis.com/google.cloud.functions.v2.Function","name":"projects/linkifyurl/locations/us-central1/functions/onClick_Aggregator","buildConfig":{"runtime":"nodejs20","entryPoint":"onClick_Aggregator","source":{"storageSource":{"bucket":"gcf-v2-sources-296797983995-us-central1","object":"onClick_Aggregator/function-source.zip","generation":"1791388397695975"}},"environmentVariables":{"GOOGLE_NODE_RUN_SCRIPTS":""},"dockerRepository":"projects/linkifyurl/locations/us-central1/repositories/gcf-artifacts","sourceProvenance":{"resolvedStorageSource":{"bucket":"gcf-v2-sources-296797983995-us-central1","object":"onClick_Aggregator/function-source.zip","generation":"1778495414502066"}},"dockerRegistry":"ARTIFACT_REGISTRY","sourceToken":"Cldwcm9qZWN0cy8yOTY3OTc5ODM5OTUvbG9jYXRpb25zL3VzLWNlbnRyYWwxL2J1aWxkcy83NWExM2M4ZS01ZTg0LTQ1NTYtOGZiZS0xYjc1MDAyYzc2OWMSZHVzLWNlbnRyYWwxLWRvY2tlci5wa2cuZGV2L2xpbmtpZnl1cmwvZ2NmLWFydGlmYWN0cy9saW5raWZ5dXJsX191cy0tY2VudHJhbDFfX2hlYWx0aF9jaGVjazp2ZXJzaW9uXzEY+6mn1NEIIj9wcm9qZWN0cy9saW5raWZ5dXJsL2xvY2F0aW9ucy91cy1jZW50cmFsMS9mdW5jdGlvbnMvaGVhbHRoQ2hlY2sqCwjn1ZnWBhDo29sCMghub2RlanMyMDp2CiNnY3IuaW8vZ2FlLXJ1bnRpbWVzL25vZGVqczIwOnN0YWJsZRJPdXMtY2VudHJhbDEtZG9ja2VyLnBrZy5kZXYvc2VydmVybGVzcy1ydW50aW1lcy9nb29nbGUtMjItZnVsbC9ydW50aW1lcy9ub2RlanMyMEAB","serviceAccount":"projects/linkifyurl/serviceAccounts/296797983995-compute@developer.gserviceaccount.com","automaticUpdatePolicy":{}},"serviceConfig":{"service":"projects/linkifyurl/locations/us-central1/services/onclick-aggregator","timeoutSeconds":60,"environmentVariables":{"FIREBASE_CONFIG":"{\"projectId\":\"linkifyurl\",\"storageBucket\":\"linkifyurl.firebasestorage.app\"}","GCLOUD_PROJECT":"linkifyurl","EVENTARC_CLOUD_EVENT_SOURCE":"projects/linkifyurl/locations/us-central1/services/onClick_Aggregator","FUNCTION_SIGNATURE_TYPE":"cloudevent","FUNCTION_TARGET":"onClick_Aggregator","LOG_EXECUTION_ID":"true"},"ingressSettings":"ALLOW_ALL","uri":"https://onclick-aggregator-ck2bcwa72a-uc.a.run.app","serviceAccountEmail":"296797983995-compute@developer.gserviceaccount.com","availableMemory":"256Mi","allTrafficOnLatestRevision":true,"revision":"onclick-aggregator-00007-zev","maxInstanceRequestConcurrency":80,"availableCpu":"1"},"eventTrigger":{"trigger":"projects/linkifyurl/locations/nam5/triggers/onclick-aggregator-919171","triggerRegion":"nam5","eventType":"google.cloud.firestore.document.v1.created","eventFilters":[{"attribute":"database","value":"(default)"},{"attribute":"namespace","value":"(default)"},{"attribute":"document","value":"shortUrls/{shortCode}/clicks/{clickId}","operator":"match-path-pattern"}],"pubsubTopic":"projects/linkifyurl/topics/eventarc-nam5-onclick-aggregator-919171-819","serviceAccountEmail":"296797983995-compute@developer.gserviceaccount.com","retryPolicy":"RETRY_POLICY_DO_NOT_RETRY"},"state":"ACTIVE","labels":{"deployment-tool":"cli-firebase","firebase-functions-hash":"c65864b087821c1e69f48427bb4802a658056ea7"},"environment":"GEN_2","url":"https://us-central1-linkifyurl.cloudfunctions.net/onClick_Aggregator","satisfiesPzi":true},"stages":[{"name":"BUILD","message":"Reusing build","state":"COMPLETE","resource":"projects/296797983995/locations/us-central1/builds/75a13c8e-5e84-4556-8fbe-1b75002c769c","stateMessages":[{"severity":"WARNING","type":"BuildAnalysisWarning","message":"Node.js 20 is no longer supported by the Node.js community as of 30 April, 2026. Node.js 20 will be decommissioned on 2026-10-30. As of 2026-10-30 you will no longer be able to deploy your Cloud Functions using nodejs20. We recommend you to upgrade to the latest version of Node.js as soon as possible."}]},{"name":"SERVICE","message":"Updating Cloud Run service","state":"IN_PROGRESS","resource":"projects/linkifyurl/locations/us-central1/services/onclick-aggregator","resourceUri":"https://console.cloud.google.com/run/detail/us-central1/onclick-aggregator?project=linkifyurl","stateMessages":[{"severity":"INFO","type":"CloudRunServiceNewRevisionTrafficInfo","message":"A new revision will be deployed serving with 100% traffic."}]},{"name":"TRIGGER","state":"NOT_STARTED"}],"sourceToken":"Cldwcm9qZWN0cy8yOTY3OTc5ODM5OTUvbG9jYXRpb25zL3VzLWNlbnRyYWwxL2J1aWxkcy83NWExM2M4ZS01ZTg0LTQ1NTYtOGZiZS0xYjc1MDAyYzc2OWMSZHVzLWNlbnRyYWwxLWRvY2tlci5wa2cuZGV2L2xpbmtpZnl1cmwvZ2NmLWFydGlmYWN0cy9saW5raWZ5dXJsX191cy0tY2VudHJhbDFfX2hlYWx0aF9jaGVjazp2ZXJzaW9uXzEY+6mn1NEIIj9wcm9qZWN0cy9saW5raWZ5dXJsL2xvY2F0aW9ucy91cy1jZW50cmFsMS9mdW5jdGlvbnMvaGVhbHRoQ2hlY2sqCwjn1ZnWBhDo29sCMghub2RlanMyMDp2CiNnY3IuaW8vZ2FlLXJ1bnRpbWVzL25vZGVqczIwOnN0YWJsZRJPdXMtY2VudHJhbDEtZG9ja2VyLnBrZy5kZXYvc2VydmVybGVzcy1ydW50aW1lcy9nb29nbGUtMjItZnVsbC9ydW50aW1lcy9ub2RlanMyMEAB","operationType":"UPDATE_FUNCTION","buildName":"projects/296797983995/locations/us-central1/builds/75a13c8e-5e84-4556-8fbe-1b75002c769c"},"done":false}
[debug] [2026-10-07T15:53:20.391Z] Got source token Cldwcm9qZWN0cy8yOTY3OTc5ODM5OTUvbG9jYXRpb25zL3VzLWNlbnRyYWwxL2J1aWxkcy83NWExM2M4ZS01ZTg0LTQ1NTYtOGZiZS0xYjc1MDAyYzc2OWMSZHVzLWNlbnRyYWwxLWRvY2tlci5wa2cuZGV2L2xpbmtpZnl1cmwvZ2NmLWFydGlmYWN0cy9saW5raWZ5dXJsX191cy0tY2VudHJhbDFfX2hlYWx0aF9jaGVjazp2ZXJzaW9uXzEY+6mn1NEIIj9wcm9qZWN0cy9saW5raWZ5dXJsL2xvY2F0aW9ucy91cy1jZW50cmFsMS9mdW5jdGlvbnMvaGVhbHRoQ2hlY2sqCwjn1ZnWBhDo29sCMghub2RlanMyMDp2CiNnY3IuaW8vZ2FlLXJ1bnRpbWVzL25vZGVqczIwOnN0YWJsZRJPdXMtY2VudHJhbDEtZG9ja2VyLnBrZy5kZXYvc2VydmVybGVzcy1ydW50aW1lcy9nb29nbGUtMjItZnVsbC9ydW50aW1lcy9ub2RlanMyMEAB for region us-central1
[debug] [2026-10-07T15:53:20.491Z] <<< [apiv2][status] GET https://cloudfunctions.googleapis.com/v2/projects/linkifyurl/locations/us-central1/operations/operation-1791388397329-65d421d13dd00-40242c60-8984130d 200
[debug] [2026-10-07T15:53:20.492Z] <<< [apiv2][body] GET https://cloudfunctions.googleapis.com/v2/projects/linkifyurl/locations/us-central1/operations/operation-1791388397329-65d421d13dd00-40242c60-8984130d {"name":"projects/linkifyurl/locations/us-central1/operations/operation-1791388397329-65d421d13dd00-40242c60-8984130d","metadata":{"@type":"type.googleapis.com/google.cloud.functions.v2.OperationMetadata","createTime":"2026-10-07T15:53:19.187441492Z","target":"projects/linkifyurl/locations/us-central1/functions/callable_sendWelcomeEmail","verb":"update","cancelRequested":false,"apiVersion":"v2","requestResource":{"@type":"type.googleapis.com/google.cloud.functions.v2.Function","name":"projects/linkifyurl/locations/us-central1/functions/callable_sendWelcomeEmail","buildConfig":{"runtime":"nodejs20","entryPoint":"callable_sendWelcomeEmail","source":{"storageSource":{"bucket":"gcf-v2-sources-296797983995-us-central1","object":"callable_sendWelcomeEmail/function-source.zip","generation":"1791388399137384"}},"environmentVariables":{"GOOGLE_NODE_RUN_SCRIPTS":""},"dockerRepository":"projects/linkifyurl/locations/us-central1/repositories/gcf-artifacts","sourceProvenance":{"resolvedStorageSource":{"bucket":"gcf-v2-sources-296797983995-us-central1","object":"callable_sendWelcomeEmail/function-source.zip","generation":"1778495414025323"}},"dockerRegistry":"ARTIFACT_REGISTRY","sourceToken":"Cldwcm9qZWN0cy8yOTY3OTc5ODM5OTUvbG9jYXRpb25zL3VzLWNlbnRyYWwxL2J1aWxkcy83NWExM2M4ZS01ZTg0LTQ1NTYtOGZiZS0xYjc1MDAyYzc2OWMSZHVzLWNlbnRyYWwxLWRvY2tlci5wa2cuZGV2L2xpbmtpZnl1cmwvZ2NmLWFydGlmYWN0cy9saW5raWZ5dXJsX191cy0tY2VudHJhbDFfX2hlYWx0aF9jaGVjazp2ZXJzaW9uXzEY+6mn1NEIIj9wcm9qZWN0cy9saW5raWZ5dXJsL2xvY2F0aW9ucy91cy1jZW50cmFsMS9mdW5jdGlvbnMvaGVhbHRoQ2hlY2sqCwjn1ZnWBhDo29sCMghub2RlanMyMDp2CiNnY3IuaW8vZ2FlLXJ1bnRpbWVzL25vZGVqczIwOnN0YWJsZRJPdXMtY2VudHJhbDEtZG9ja2VyLnBrZy5kZXYvc2VydmVybGVzcy1ydW50aW1lcy9nb29nbGUtMjItZnVsbC9ydW50aW1lcy9ub2RlanMyMEAB","serviceAccount":"projects/linkifyurl/serviceAccounts/296797983995-compute@developer.gserviceaccount.com","automaticUpdatePolicy":{}},"serviceConfig":{"service":"projects/linkifyurl/locations/us-central1/services/callable-sendwelcomeemail","timeoutSeconds":60,"environmentVariables":{"FIREBASE_CONFIG":"{\"projectId\":\"linkifyurl\",\"storageBucket\":\"linkifyurl.firebasestorage.app\"}","GCLOUD_PROJECT":"linkifyurl","EVENTARC_CLOUD_EVENT_SOURCE":"projects/linkifyurl/locations/us-central1/services/callable_sendWelcomeEmail","FUNCTION_TARGET":"callable_sendWelcomeEmail","LOG_EXECUTION_ID":"true","FUNCTION_SIGNATURE_TYPE":"http"},"ingressSettings":"ALLOW_ALL","uri":"https://callable-sendwelcomeemail-ck2bcwa72a-uc.a.run.app","serviceAccountEmail":"296797983995-compute@developer.gserviceaccount.com","availableMemory":"256Mi","allTrafficOnLatestRevision":true,"secretEnvironmentVariables":[{"key":"gmailUser","projectId":"linkifyurl","secret":"gmailUser","version":"1"},{"key":"gmailPass","projectId":"linkifyurl","secret":"gmailPass","version":"1"}],"revision":"callable-sendwelcomeemail-00007-cav","maxInstanceRequestConcurrency":80,"availableCpu":"1"},"state":"ACTIVE","labels":{"deployment-tool":"cli-firebase","deployment-callable":"true","firebase-functions-hash":"7871e1ab9823eae01c37484398d5895a889267f5"},"environment":"GEN_2","url":"https://us-central1-linkifyurl.cloudfunctions.net/callable_sendWelcomeEmail","satisfiesPzi":true},"stages":[{"name":"BUILD","message":"Reusing build","state":"COMPLETE","resource":"projects/296797983995/locations/us-central1/builds/75a13c8e-5e84-4556-8fbe-1b75002c769c","stateMessages":[{"severity":"WARNING","type":"BuildAnalysisWarning","message":"Node.js 20 is no longer supported by the Node.js community as of 30 April, 2026. Node.js 20 will be decommissioned on 2026-10-30. As of 2026-10-30 you will no longer be able to deploy your Cloud Functions using nodejs20. We recommend you to upgrade to the latest version of Node.js as soon as possible."}]},{"name":"SERVICE","message":"Updating Cloud Run service","state":"IN_PROGRESS","resource":"projects/linkifyurl/locations/us-central1/services/callable-sendwelcomeemail","resourceUri":"https://console.cloud.google.com/run/detail/us-central1/callable-sendwelcomeemail?project=linkifyurl","stateMessages":[{"severity":"INFO","type":"CloudRunServiceNewRevisionTrafficInfo","message":"A new revision will be deployed serving with 100% traffic."}]}],"sourceToken":"Cldwcm9qZWN0cy8yOTY3OTc5ODM5OTUvbG9jYXRpb25zL3VzLWNlbnRyYWwxL2J1aWxkcy83NWExM2M4ZS01ZTg0LTQ1NTYtOGZiZS0xYjc1MDAyYzc2OWMSZHVzLWNlbnRyYWwxLWRvY2tlci5wa2cuZGV2L2xpbmtpZnl1cmwvZ2NmLWFydGlmYWN0cy9saW5raWZ5dXJsX191cy0tY2VudHJhbDFfX2hlYWx0aF9jaGVjazp2ZXJzaW9uXzEY+6mn1NEIIj9wcm9qZWN0cy9saW5raWZ5dXJsL2xvY2F0aW9ucy91cy1jZW50cmFsMS9mdW5jdGlvbnMvaGVhbHRoQ2hlY2sqCwjn1ZnWBhDo29sCMghub2RlanMyMDp2CiNnY3IuaW8vZ2FlLXJ1bnRpbWVzL25vZGVqczIwOnN0YWJsZRJPdXMtY2VudHJhbDEtZG9ja2VyLnBrZy5kZXYvc2VydmVybGVzcy1ydW50aW1lcy9nb29nbGUtMjItZnVsbC9ydW50aW1lcy9ub2RlanMyMEAB","operationType":"UPDATE_FUNCTION","buildName":"projects/296797983995/locations/us-central1/builds/75a13c8e-5e84-4556-8fbe-1b75002c769c"},"done":false}
[debug] [2026-10-07T15:53:20.492Z] Got source token Cldwcm9qZWN0cy8yOTY3OTc5ODM5OTUvbG9jYXRpb25zL3VzLWNlbnRyYWwxL2J1aWxkcy83NWExM2M4ZS01ZTg0LTQ1NTYtOGZiZS0xYjc1MDAyYzc2OWMSZHVzLWNlbnRyYWwxLWRvY2tlci5wa2cuZGV2L2xpbmtpZnl1cmwvZ2NmLWFydGlmYWN0cy9saW5raWZ5dXJsX191cy0tY2VudHJhbDFfX2hlYWx0aF9jaGVjazp2ZXJzaW9uXzEY+6mn1NEIIj9wcm9qZWN0cy9saW5raWZ5dXJsL2xvY2F0aW9ucy91cy1jZW50cmFsMS9mdW5jdGlvbnMvaGVhbHRoQ2hlY2sqCwjn1ZnWBhDo29sCMghub2RlanMyMDp2CiNnY3IuaW8vZ2FlLXJ1bnRpbWVzL25vZGVqczIwOnN0YWJsZRJPdXMtY2VudHJhbDEtZG9ja2VyLnBrZy5kZXYvc2VydmVybGVzcy1ydW50aW1lcy9nb29nbGUtMjItZnVsbC9ydW50aW1lcy9ub2RlanMyMEAB for region us-central1
[debug] [2026-10-07T15:53:20.603Z] <<< [apiv2][status] GET https://cloudfunctions.googleapis.com/v2/projects/linkifyurl/locations/us-central1/operations/operation-1791388396937-65d421d0de1aa-27e33cf7-fe91275b 200
[debug] [2026-10-07T15:53:20.603Z] <<< [apiv2][body] GET https://cloudfunctions.googleapis.com/v2/projects/linkifyurl/locations/us-central1/operations/operation-1791388396937-65d421d0de1aa-27e33cf7-fe91275b {"name":"projects/linkifyurl/locations/us-central1/operations/operation-1791388396937-65d421d0de1aa-27e33cf7-fe91275b","metadata":{"@type":"type.googleapis.com/google.cloud.functions.v2.OperationMetadata","createTime":"2026-10-07T15:53:17.813490665Z","target":"projects/linkifyurl/locations/us-central1/functions/callable_sendShortenedEmail","verb":"update","cancelRequested":false,"apiVersion":"v2","requestResource":{"@type":"type.googleapis.com/google.cloud.functions.v2.Function","name":"projects/linkifyurl/locations/us-central1/functions/callable_sendShortenedEmail","buildConfig":{"runtime":"nodejs20","entryPoint":"callable_sendShortenedEmail","source":{"storageSource":{"bucket":"gcf-v2-sources-296797983995-us-central1","object":"callable_sendShortenedEmail/function-source.zip","generation":"1791388397758775"}},"environmentVariables":{"GOOGLE_NODE_RUN_SCRIPTS":""},"dockerRepository":"projects/linkifyurl/locations/us-central1/repositories/gcf-artifacts","sourceProvenance":{"resolvedStorageSource":{"bucket":"gcf-v2-sources-296797983995-us-central1","object":"callable_sendShortenedEmail/function-source.zip","generation":"1778495414195727"}},"dockerRegistry":"ARTIFACT_REGISTRY","sourceToken":"Cldwcm9qZWN0cy8yOTY3OTc5ODM5OTUvbG9jYXRpb25zL3VzLWNlbnRyYWwxL2J1aWxkcy83NWExM2M4ZS01ZTg0LTQ1NTYtOGZiZS0xYjc1MDAyYzc2OWMSZHVzLWNlbnRyYWwxLWRvY2tlci5wa2cuZGV2L2xpbmtpZnl1cmwvZ2NmLWFydGlmYWN0cy9saW5raWZ5dXJsX191cy0tY2VudHJhbDFfX2hlYWx0aF9jaGVjazp2ZXJzaW9uXzEY+6mn1NEIIj9wcm9qZWN0cy9saW5raWZ5dXJsL2xvY2F0aW9ucy91cy1jZW50cmFsMS9mdW5jdGlvbnMvaGVhbHRoQ2hlY2sqCwjn1ZnWBhDo29sCMghub2RlanMyMDp2CiNnY3IuaW8vZ2FlLXJ1bnRpbWVzL25vZGVqczIwOnN0YWJsZRJPdXMtY2VudHJhbDEtZG9ja2VyLnBrZy5kZXYvc2VydmVybGVzcy1ydW50aW1lcy9nb29nbGUtMjItZnVsbC9ydW50aW1lcy9ub2RlanMyMEAB","serviceAccount":"projects/linkifyurl/serviceAccounts/296797983995-compute@developer.gserviceaccount.com","automaticUpdatePolicy":{}},"serviceConfig":{"service":"projects/linkifyurl/locations/us-central1/services/callable-sendshortenedemail","timeoutSeconds":60,"environmentVariables":{"FIREBASE_CONFIG":"{\"projectId\":\"linkifyurl\",\"storageBucket\":\"linkifyurl.firebasestorage.app\"}","GCLOUD_PROJECT":"linkifyurl","EVENTARC_CLOUD_EVENT_SOURCE":"projects/linkifyurl/locations/us-central1/services/callable_sendShortenedEmail","FUNCTION_TARGET":"callable_sendShortenedEmail","LOG_EXECUTION_ID":"true","FUNCTION_SIGNATURE_TYPE":"http"},"ingressSettings":"ALLOW_ALL","uri":"https://callable-sendshortenedemail-ck2bcwa72a-uc.a.run.app","serviceAccountEmail":"296797983995-compute@developer.gserviceaccount.com","availableMemory":"256Mi","allTrafficOnLatestRevision":true,"secretEnvironmentVariables":[{"key":"gmailUser","projectId":"linkifyurl","secret":"gmailUser","version":"1"},{"key":"gmailPass","projectId":"linkifyurl","secret":"gmailPass","version":"1"}],"revision":"callable-sendshortenedemail-00007-nuh","maxInstanceRequestConcurrency":80,"availableCpu":"1"},"state":"ACTIVE","labels":{"deployment-tool":"cli-firebase","deployment-callable":"true","firebase-functions-hash":"7871e1ab9823eae01c37484398d5895a889267f5"},"environment":"GEN_2","url":"https://us-central1-linkifyurl.cloudfunctions.net/callable_sendShortenedEmail","satisfiesPzi":true},"stages":[{"name":"BUILD","message":"Reusing build","state":"COMPLETE","resource":"projects/296797983995/locations/us-central1/builds/75a13c8e-5e84-4556-8fbe-1b75002c769c","stateMessages":[{"severity":"WARNING","type":"BuildAnalysisWarning","message":"Node.js 20 is no longer supported by the Node.js community as of 30 April, 2026. Node.js 20 will be decommissioned on 2026-10-30. As of 2026-10-30 you will no longer be able to deploy your Cloud Functions using nodejs20. We recommend you to upgrade to the latest version of Node.js as soon as possible."}]},{"name":"SERVICE","message":"Updating Cloud Run service","state":"IN_PROGRESS","resource":"projects/linkifyurl/locations/us-central1/services/callable-sendshortenedemail","resourceUri":"https://console.cloud.google.com/run/detail/us-central1/callable-sendshortenedemail?project=linkifyurl","stateMessages":[{"severity":"INFO","type":"CloudRunServiceNewRevisionTrafficInfo","message":"A new revision will be deployed serving with 100% traffic."}]}],"sourceToken":"Cldwcm9qZWN0cy8yOTY3OTc5ODM5OTUvbG9jYXRpb25zL3VzLWNlbnRyYWwxL2J1aWxkcy83NWExM2M4ZS01ZTg0LTQ1NTYtOGZiZS0xYjc1MDAyYzc2OWMSZHVzLWNlbnRyYWwxLWRvY2tlci5wa2cuZGV2L2xpbmtpZnl1cmwvZ2NmLWFydGlmYWN0cy9saW5raWZ5dXJsX191cy0tY2VudHJhbDFfX2hlYWx0aF9jaGVjazp2ZXJzaW9uXzEY+6mn1NEIIj9wcm9qZWN0cy9saW5raWZ5dXJsL2xvY2F0aW9ucy91cy1jZW50cmFsMS9mdW5jdGlvbnMvaGVhbHRoQ2hlY2sqCwjn1ZnWBhDo29sCMghub2RlanMyMDp2CiNnY3IuaW8vZ2FlLXJ1bnRpbWVzL25vZGVqczIwOnN0YWJsZRJPdXMtY2VudHJhbDEtZG9ja2VyLnBrZy5kZXYvc2VydmVybGVzcy1ydW50aW1lcy9nb29nbGUtMjItZnVsbC9ydW50aW1lcy9ub2RlanMyMEAB","operationType":"UPDATE_FUNCTION","buildName":"projects/296797983995/locations/us-central1/builds/75a13c8e-5e84-4556-8fbe-1b75002c769c"},"done":false}
[debug] [2026-10-07T15:53:20.603Z] Got source token Cldwcm9qZWN0cy8yOTY3OTc5ODM5OTUvbG9jYXRpb25zL3VzLWNlbnRyYWwxL2J1aWxkcy83NWExM2M4ZS01ZTg0LTQ1NTYtOGZiZS0xYjc1MDAyYzc2OWMSZHVzLWNlbnRyYWwxLWRvY2tlci5wa2cuZGV2L2xpbmtpZnl1cmwvZ2NmLWFydGlmYWN0cy9saW5raWZ5dXJsX191cy0tY2VudHJhbDFfX2hlYWx0aF9jaGVjazp2ZXJzaW9uXzEY+6mn1NEIIj9wcm9qZWN0cy9saW5raWZ5dXJsL2xvY2F0aW9ucy91cy1jZW50cmFsMS9mdW5jdGlvbnMvaGVhbHRoQ2hlY2sqCwjn1ZnWBhDo29sCMghub2RlanMyMDp2CiNnY3IuaW8vZ2FlLXJ1bnRpbWVzL25vZGVqczIwOnN0YWJsZRJPdXMtY2VudHJhbDEtZG9ja2VyLnBrZy5kZXYvc2VydmVybGVzcy1ydW50aW1lcy9nb29nbGUtMjItZnVsbC9ydW50aW1lcy9ub2RlanMyMEAB for region us-central1
[debug] [2026-10-07T15:53:20.610Z] [update-default-us-central1-trigger_onUrlShortened_Confirmation] Retrying task index 0
[debug] [2026-10-07T15:53:20.610Z] Checked if tokens are valid: true, expires at: 1791391707805
[debug] [2026-10-07T15:53:20.610Z] Checked if tokens are valid: true, expires at: 1791391707805
[debug] [2026-10-07T15:53:20.610Z] >>> [apiv2][query] GET https://cloudfunctions.googleapis.com/v2/projects/linkifyurl/locations/us-central1/operations/operation-1791388397303-65d421d137668-6bd487f9-66a48f71 [none]
[debug] [2026-10-07T15:53:20.620Z] [update-default-us-central1-onPlatformEvent_Aggregator] Retrying task index 0
[debug] [2026-10-07T15:53:20.621Z] Checked if tokens are valid: true, expires at: 1791391707805
[debug] [2026-10-07T15:53:20.621Z] Checked if tokens are valid: true, expires at: 1791391707805
[debug] [2026-10-07T15:53:20.621Z] >>> [apiv2][query] GET https://cloudfunctions.googleapis.com/v2/projects/linkifyurl/locations/us-central1/operations/operation-1791388396770-65d421d0b543e-1e6c9f9d-eca263ae [none]
[debug] [2026-10-07T15:53:21.440Z] <<< [apiv2][status] GET https://cloudfunctions.googleapis.com/v2/projects/linkifyurl/locations/us-central1/operations/operation-1791388397303-65d421d137668-6bd487f9-66a48f71 200
[debug] [2026-10-07T15:53:21.440Z] <<< [apiv2][body] GET https://cloudfunctions.googleapis.com/v2/projects/linkifyurl/locations/us-central1/operations/operation-1791388397303-65d421d137668-6bd487f9-66a48f71 {"name":"projects/linkifyurl/locations/us-central1/operations/operation-1791388397303-65d421d137668-6bd487f9-66a48f71","metadata":{"@type":"type.googleapis.com/google.cloud.functions.v2.OperationMetadata","createTime":"2026-10-07T15:53:18.227685369Z","target":"projects/linkifyurl/locations/us-central1/functions/trigger_onUrlShortened_Confirmation","verb":"update","cancelRequested":false,"apiVersion":"v2","requestResource":{"@type":"type.googleapis.com/google.cloud.functions.v2.Function","name":"projects/linkifyurl/locations/us-central1/functions/trigger_onUrlShortened_Confirmation","buildConfig":{"runtime":"nodejs20","entryPoint":"trigger_onUrlShortened_Confirmation","source":{"storageSource":{"bucket":"gcf-v2-sources-296797983995-us-central1","object":"trigger_onUrlShortened_Confirmation/function-source.zip","generation":"1791388398174235"}},"environmentVariables":{"GOOGLE_NODE_RUN_SCRIPTS":""},"dockerRepository":"projects/linkifyurl/locations/us-central1/repositories/gcf-artifacts","sourceProvenance":{"resolvedStorageSource":{"bucket":"gcf-v2-sources-296797983995-us-central1","object":"trigger_onUrlShortened_Confirmation/function-source.zip","generation":"1778495414577561"}},"dockerRegistry":"ARTIFACT_REGISTRY","sourceToken":"Cldwcm9qZWN0cy8yOTY3OTc5ODM5OTUvbG9jYXRpb25zL3VzLWNlbnRyYWwxL2J1aWxkcy83NWExM2M4ZS01ZTg0LTQ1NTYtOGZiZS0xYjc1MDAyYzc2OWMSZHVzLWNlbnRyYWwxLWRvY2tlci5wa2cuZGV2L2xpbmtpZnl1cmwvZ2NmLWFydGlmYWN0cy9saW5raWZ5dXJsX191cy0tY2VudHJhbDFfX2hlYWx0aF9jaGVjazp2ZXJzaW9uXzEY+6mn1NEIIj9wcm9qZWN0cy9saW5raWZ5dXJsL2xvY2F0aW9ucy91cy1jZW50cmFsMS9mdW5jdGlvbnMvaGVhbHRoQ2hlY2sqCwjn1ZnWBhDo29sCMghub2RlanMyMDp2CiNnY3IuaW8vZ2FlLXJ1bnRpbWVzL25vZGVqczIwOnN0YWJsZRJPdXMtY2VudHJhbDEtZG9ja2VyLnBrZy5kZXYvc2VydmVybGVzcy1ydW50aW1lcy9nb29nbGUtMjItZnVsbC9ydW50aW1lcy9ub2RlanMyMEAB","serviceAccount":"projects/linkifyurl/serviceAccounts/296797983995-compute@developer.gserviceaccount.com","automaticUpdatePolicy":{}},"serviceConfig":{"service":"projects/linkifyurl/locations/us-central1/services/trigger-onurlshortened-confirmation","timeoutSeconds":60,"environmentVariables":{"FIREBASE_CONFIG":"{\"projectId\":\"linkifyurl\",\"storageBucket\":\"linkifyurl.firebasestorage.app\"}","GCLOUD_PROJECT":"linkifyurl","EVENTARC_CLOUD_EVENT_SOURCE":"projects/linkifyurl/locations/us-central1/services/trigger_onUrlShortened_Confirmation","FUNCTION_SIGNATURE_TYPE":"cloudevent","FUNCTION_TARGET":"trigger_onUrlShortened_Confirmation","LOG_EXECUTION_ID":"true"},"ingressSettings":"ALLOW_ALL","uri":"https://trigger-onurlshortened-confirmation-ck2bcwa72a-uc.a.run.app","serviceAccountEmail":"296797983995-compute@developer.gserviceaccount.com","availableMemory":"256Mi","allTrafficOnLatestRevision":true,"secretEnvironmentVariables":[{"key":"gmailUser","projectId":"linkifyurl","secret":"gmailUser","version":"1"},{"key":"gmailPass","projectId":"linkifyurl","secret":"gmailPass","version":"1"}],"revision":"trigger-onurlshortened-confirmation-00007-bac","maxInstanceRequestConcurrency":80,"availableCpu":"1"},"eventTrigger":{"trigger":"projects/linkifyurl/locations/nam5/triggers/trigger-onurlshortened-confirmation-330601","triggerRegion":"nam5","eventType":"google.cloud.firestore.document.v1.created","eventFilters":[{"attribute":"database","value":"(default)"},{"attribute":"namespace","value":"(default)"},{"attribute":"document","value":"shortUrls/{shortCode}","operator":"match-path-pattern"}],"pubsubTopic":"projects/linkifyurl/topics/eventarc-nam5-trigger-onurlshortened-confirmation-330601-739","serviceAccountEmail":"296797983995-compute@developer.gserviceaccount.com","retryPolicy":"RETRY_POLICY_DO_NOT_RETRY"},"state":"ACTIVE","labels":{"deployment-tool":"cli-firebase","firebase-functions-hash":"7871e1ab9823eae01c37484398d5895a889267f5"},"environment":"GEN_2","url":"https://us-central1-linkifyurl.cloudfunctions.net/trigger_onUrlShortened_Confirmation","satisfiesPzi":true},"stages":[{"name":"BUILD","message":"Reusing build","state":"COMPLETE","resource":"projects/296797983995/locations/us-central1/builds/75a13c8e-5e84-4556-8fbe-1b75002c769c","stateMessages":[{"severity":"WARNING","type":"BuildAnalysisWarning","message":"Node.js 20 is no longer supported by the Node.js community as of 30 April, 2026. Node.js 20 will be decommissioned on 2026-10-30. As of 2026-10-30 you will no longer be able to deploy your Cloud Functions using nodejs20. We recommend you to upgrade to the latest version of Node.js as soon as possible."}]},{"name":"SERVICE","message":"Updating Cloud Run service","state":"IN_PROGRESS","resource":"projects/linkifyurl/locations/us-central1/services/trigger-onurlshortened-confirmation","resourceUri":"https://console.cloud.google.com/run/detail/us-central1/trigger-onurlshortened-confirmation?project=linkifyurl","stateMessages":[{"severity":"INFO","type":"CloudRunServiceNewRevisionTrafficInfo","message":"A new revision will be deployed serving with 100% traffic."}]},{"name":"TRIGGER","state":"NOT_STARTED"}],"sourceToken":"Cldwcm9qZWN0cy8yOTY3OTc5ODM5OTUvbG9jYXRpb25zL3VzLWNlbnRyYWwxL2J1aWxkcy83NWExM2M4ZS01ZTg0LTQ1NTYtOGZiZS0xYjc1MDAyYzc2OWMSZHVzLWNlbnRyYWwxLWRvY2tlci5wa2cuZGV2L2xpbmtpZnl1cmwvZ2NmLWFydGlmYWN0cy9saW5raWZ5dXJsX191cy0tY2VudHJhbDFfX2hlYWx0aF9jaGVjazp2ZXJzaW9uXzEY+6mn1NEIIj9wcm9qZWN0cy9saW5raWZ5dXJsL2xvY2F0aW9ucy91cy1jZW50cmFsMS9mdW5jdGlvbnMvaGVhbHRoQ2hlY2sqCwjn1ZnWBhDo29sCMghub2RlanMyMDp2CiNnY3IuaW8vZ2FlLXJ1bnRpbWVzL25vZGVqczIwOnN0YWJsZRJPdXMtY2VudHJhbDEtZG9ja2VyLnBrZy5kZXYvc2VydmVybGVzcy1ydW50aW1lcy9nb29nbGUtMjItZnVsbC9ydW50aW1lcy9ub2RlanMyMEAB","operationType":"UPDATE_FUNCTION","buildName":"projects/296797983995/locations/us-central1/builds/75a13c8e-5e84-4556-8fbe-1b75002c769c"},"done":false}
[debug] [2026-10-07T15:53:21.440Z] Got source token Cldwcm9qZWN0cy8yOTY3OTc5ODM5OTUvbG9jYXRpb25zL3VzLWNlbnRyYWwxL2J1aWxkcy83NWExM2M4ZS01ZTg0LTQ1NTYtOGZiZS0xYjc1MDAyYzc2OWMSZHVzLWNlbnRyYWwxLWRvY2tlci5wa2cuZGV2L2xpbmtpZnl1cmwvZ2NmLWFydGlmYWN0cy9saW5raWZ5dXJsX191cy0tY2VudHJhbDFfX2hlYWx0aF9jaGVjazp2ZXJzaW9uXzEY+6mn1NEIIj9wcm9qZWN0cy9saW5raWZ5dXJsL2xvY2F0aW9ucy91cy1jZW50cmFsMS9mdW5jdGlvbnMvaGVhbHRoQ2hlY2sqCwjn1ZnWBhDo29sCMghub2RlanMyMDp2CiNnY3IuaW8vZ2FlLXJ1bnRpbWVzL25vZGVqczIwOnN0YWJsZRJPdXMtY2VudHJhbDEtZG9ja2VyLnBrZy5kZXYvc2VydmVybGVzcy1ydW50aW1lcy9nb29nbGUtMjItZnVsbC9ydW50aW1lcy9ub2RlanMyMEAB for region us-central1
[debug] [2026-10-07T15:53:21.493Z] [update-default-us-central1-callable_sendWelcomeEmail] Retrying task index 0
[debug] [2026-10-07T15:53:21.493Z] Checked if tokens are valid: true, expires at: 1791391707805
[debug] [2026-10-07T15:53:21.493Z] Checked if tokens are valid: true, expires at: 1791391707805
[debug] [2026-10-07T15:53:21.493Z] >>> [apiv2][query] GET https://cloudfunctions.googleapis.com/v2/projects/linkifyurl/locations/us-central1/operations/operation-1791388397329-65d421d13dd00-40242c60-8984130d [none]
[debug] [2026-10-07T15:53:21.539Z] <<< [apiv2][status] GET https://cloudfunctions.googleapis.com/v2/projects/linkifyurl/locations/us-central1/operations/operation-1791388396770-65d421d0b543e-1e6c9f9d-eca263ae 200
[debug] [2026-10-07T15:53:21.539Z] <<< [apiv2][body] GET https://cloudfunctions.googleapis.com/v2/projects/linkifyurl/locations/us-central1/operations/operation-1791388396770-65d421d0b543e-1e6c9f9d-eca263ae {"name":"projects/linkifyurl/locations/us-central1/operations/operation-1791388396770-65d421d0b543e-1e6c9f9d-eca263ae","metadata":{"@type":"type.googleapis.com/google.cloud.functions.v2.OperationMetadata","createTime":"2026-10-07T15:53:17.688652443Z","target":"projects/linkifyurl/locations/us-central1/functions/onPlatformEvent_Aggregator","verb":"update","cancelRequested":false,"apiVersion":"v2","requestResource":{"@type":"type.googleapis.com/google.cloud.functions.v2.Function","name":"projects/linkifyurl/locations/us-central1/functions/onPlatformEvent_Aggregator","buildConfig":{"runtime":"nodejs20","entryPoint":"onPlatformEvent_Aggregator","source":{"storageSource":{"bucket":"gcf-v2-sources-296797983995-us-central1","object":"onPlatformEvent_Aggregator/function-source.zip","generation":"1791388397640489"}},"environmentVariables":{"GOOGLE_NODE_RUN_SCRIPTS":""},"dockerRepository":"projects/linkifyurl/locations/us-central1/repositories/gcf-artifacts","sourceProvenance":{"resolvedStorageSource":{"bucket":"gcf-v2-sources-296797983995-us-central1","object":"onPlatformEvent_Aggregator/function-source.zip","generation":"1778495414557412"}},"dockerRegistry":"ARTIFACT_REGISTRY","sourceToken":"Cldwcm9qZWN0cy8yOTY3OTc5ODM5OTUvbG9jYXRpb25zL3VzLWNlbnRyYWwxL2J1aWxkcy83NWExM2M4ZS01ZTg0LTQ1NTYtOGZiZS0xYjc1MDAyYzc2OWMSZHVzLWNlbnRyYWwxLWRvY2tlci5wa2cuZGV2L2xpbmtpZnl1cmwvZ2NmLWFydGlmYWN0cy9saW5raWZ5dXJsX191cy0tY2VudHJhbDFfX2hlYWx0aF9jaGVjazp2ZXJzaW9uXzEY+6mn1NEIIj9wcm9qZWN0cy9saW5raWZ5dXJsL2xvY2F0aW9ucy91cy1jZW50cmFsMS9mdW5jdGlvbnMvaGVhbHRoQ2hlY2sqCwjn1ZnWBhDo29sCMghub2RlanMyMDp2CiNnY3IuaW8vZ2FlLXJ1bnRpbWVzL25vZGVqczIwOnN0YWJsZRJPdXMtY2VudHJhbDEtZG9ja2VyLnBrZy5kZXYvc2VydmVybGVzcy1ydW50aW1lcy9nb29nbGUtMjItZnVsbC9ydW50aW1lcy9ub2RlanMyMEAB","serviceAccount":"projects/linkifyurl/serviceAccounts/296797983995-compute@developer.gserviceaccount.com","automaticUpdatePolicy":{}},"serviceConfig":{"service":"projects/linkifyurl/locations/us-central1/services/onplatformevent-aggregator","timeoutSeconds":60,"environmentVariables":{"FIREBASE_CONFIG":"{\"projectId\":\"linkifyurl\",\"storageBucket\":\"linkifyurl.firebasestorage.app\"}","GCLOUD_PROJECT":"linkifyurl","EVENTARC_CLOUD_EVENT_SOURCE":"projects/linkifyurl/locations/us-central1/services/onPlatformEvent_Aggregator","FUNCTION_SIGNATURE_TYPE":"cloudevent","FUNCTION_TARGET":"onPlatformEvent_Aggregator","LOG_EXECUTION_ID":"true"},"ingressSettings":"ALLOW_ALL","uri":"https://onplatformevent-aggregator-ck2bcwa72a-uc.a.run.app","serviceAccountEmail":"296797983995-compute@developer.gserviceaccount.com","availableMemory":"256Mi","allTrafficOnLatestRevision":true,"revision":"onplatformevent-aggregator-00011-yew","maxInstanceRequestConcurrency":80,"availableCpu":"1"},"eventTrigger":{"trigger":"projects/linkifyurl/locations/nam5/triggers/onplatformevent-aggregator-368816","triggerRegion":"nam5","eventType":"google.cloud.firestore.document.v1.created","eventFilters":[{"attribute":"database","value":"(default)"},{"attribute":"namespace","value":"(default)"},{"attribute":"document","value":"platformEvents/{eventId}","operator":"match-path-pattern"}],"pubsubTopic":"projects/linkifyurl/topics/eventarc-nam5-onplatformevent-aggregator-368816-724","serviceAccountEmail":"296797983995-compute@developer.gserviceaccount.com","retryPolicy":"RETRY_POLICY_DO_NOT_RETRY"},"state":"ACTIVE","labels":{"deployment-tool":"cli-firebase","firebase-functions-hash":"c65864b087821c1e69f48427bb4802a658056ea7"},"environment":"GEN_2","url":"https://us-central1-linkifyurl.cloudfunctions.net/onPlatformEvent_Aggregator","satisfiesPzi":true},"stages":[{"name":"BUILD","message":"Reusing build","state":"COMPLETE","resource":"projects/296797983995/locations/us-central1/builds/75a13c8e-5e84-4556-8fbe-1b75002c769c","stateMessages":[{"severity":"WARNING","type":"BuildAnalysisWarning","message":"Node.js 20 is no longer supported by the Node.js community as of 30 April, 2026. Node.js 20 will be decommissioned on 2026-10-30. As of 2026-10-30 you will no longer be able to deploy your Cloud Functions using nodejs20. We recommend you to upgrade to the latest version of Node.js as soon as possible."}]},{"name":"SERVICE","message":"Updating Cloud Run service","state":"IN_PROGRESS","resource":"projects/linkifyurl/locations/us-central1/services/onplatformevent-aggregator","resourceUri":"https://console.cloud.google.com/run/detail/us-central1/onplatformevent-aggregator?project=linkifyurl","stateMessages":[{"severity":"INFO","type":"CloudRunServiceNewRevisionTrafficInfo","message":"A new revision will be deployed serving with 100% traffic."}]},{"name":"TRIGGER","state":"NOT_STARTED"}],"sourceToken":"Cldwcm9qZWN0cy8yOTY3OTc5ODM5OTUvbG9jYXRpb25zL3VzLWNlbnRyYWwxL2J1aWxkcy83NWExM2M4ZS01ZTg0LTQ1NTYtOGZiZS0xYjc1MDAyYzc2OWMSZHVzLWNlbnRyYWwxLWRvY2tlci5wa2cuZGV2L2xpbmtpZnl1cmwvZ2NmLWFydGlmYWN0cy9saW5raWZ5dXJsX191cy0tY2VudHJhbDFfX2hlYWx0aF9jaGVjazp2ZXJzaW9uXzEY+6mn1NEIIj9wcm9qZWN0cy9saW5raWZ5dXJsL2xvY2F0aW9ucy91cy1jZW50cmFsMS9mdW5jdGlvbnMvaGVhbHRoQ2hlY2sqCwjn1ZnWBhDo29sCMghub2RlanMyMDp2CiNnY3IuaW8vZ2FlLXJ1bnRpbWVzL25vZGVqczIwOnN0YWJsZRJPdXMtY2VudHJhbDEtZG9ja2VyLnBrZy5kZXYvc2VydmVybGVzcy1ydW50aW1lcy9nb29nbGUtMjItZnVsbC9ydW50aW1lcy9ub2RlanMyMEAB","operationType":"UPDATE_FUNCTION","buildName":"projects/296797983995/locations/us-central1/builds/75a13c8e-5e84-4556-8fbe-1b75002c769c"},"done":false}
[debug] [2026-10-07T15:53:21.539Z] Got source token Cldwcm9qZWN0cy8yOTY3OTc5ODM5OTUvbG9jYXRpb25zL3VzLWNlbnRyYWwxL2J1aWxkcy83NWExM2M4ZS01ZTg0LTQ1NTYtOGZiZS0xYjc1MDAyYzc2OWMSZHVzLWNlbnRyYWwxLWRvY2tlci5wa2cuZGV2L2xpbmtpZnl1cmwvZ2NmLWFydGlmYWN0cy9saW5raWZ5dXJsX191cy0tY2VudHJhbDFfX2hlYWx0aF9jaGVjazp2ZXJzaW9uXzEY+6mn1NEIIj9wcm9qZWN0cy9saW5raWZ5dXJsL2xvY2F0aW9ucy91cy1jZW50cmFsMS9mdW5jdGlvbnMvaGVhbHRoQ2hlY2sqCwjn1ZnWBhDo29sCMghub2RlanMyMDp2CiNnY3IuaW8vZ2FlLXJ1bnRpbWVzL25vZGVqczIwOnN0YWJsZRJPdXMtY2VudHJhbDEtZG9ja2VyLnBrZy5kZXYvc2VydmVybGVzcy1ydW50aW1lcy9nb29nbGUtMjItZnVsbC9ydW50aW1lcy9ub2RlanMyMEAB for region us-central1
[debug] [2026-10-07T15:53:22.386Z] <<< [apiv2][status] GET https://cloudfunctions.googleapis.com/v2/projects/linkifyurl/locations/us-central1/operations/operation-1791388397329-65d421d13dd00-40242c60-8984130d 200
[debug] [2026-10-07T15:53:22.386Z] <<< [apiv2][body] GET https://cloudfunctions.googleapis.com/v2/projects/linkifyurl/locations/us-central1/operations/operation-1791388397329-65d421d13dd00-40242c60-8984130d {"name":"projects/linkifyurl/locations/us-central1/operations/operation-1791388397329-65d421d13dd00-40242c60-8984130d","metadata":{"@type":"type.googleapis.com/google.cloud.functions.v2.OperationMetadata","createTime":"2026-10-07T15:53:19.187441492Z","target":"projects/linkifyurl/locations/us-central1/functions/callable_sendWelcomeEmail","verb":"update","cancelRequested":false,"apiVersion":"v2","requestResource":{"@type":"type.googleapis.com/google.cloud.functions.v2.Function","name":"projects/linkifyurl/locations/us-central1/functions/callable_sendWelcomeEmail","buildConfig":{"runtime":"nodejs20","entryPoint":"callable_sendWelcomeEmail","source":{"storageSource":{"bucket":"gcf-v2-sources-296797983995-us-central1","object":"callable_sendWelcomeEmail/function-source.zip","generation":"1791388399137384"}},"environmentVariables":{"GOOGLE_NODE_RUN_SCRIPTS":""},"dockerRepository":"projects/linkifyurl/locations/us-central1/repositories/gcf-artifacts","sourceProvenance":{"resolvedStorageSource":{"bucket":"gcf-v2-sources-296797983995-us-central1","object":"callable_sendWelcomeEmail/function-source.zip","generation":"1778495414025323"}},"dockerRegistry":"ARTIFACT_REGISTRY","sourceToken":"Cldwcm9qZWN0cy8yOTY3OTc5ODM5OTUvbG9jYXRpb25zL3VzLWNlbnRyYWwxL2J1aWxkcy83NWExM2M4ZS01ZTg0LTQ1NTYtOGZiZS0xYjc1MDAyYzc2OWMSZHVzLWNlbnRyYWwxLWRvY2tlci5wa2cuZGV2L2xpbmtpZnl1cmwvZ2NmLWFydGlmYWN0cy9saW5raWZ5dXJsX191cy0tY2VudHJhbDFfX2hlYWx0aF9jaGVjazp2ZXJzaW9uXzEY+6mn1NEIIj9wcm9qZWN0cy9saW5raWZ5dXJsL2xvY2F0aW9ucy91cy1jZW50cmFsMS9mdW5jdGlvbnMvaGVhbHRoQ2hlY2sqCwjn1ZnWBhDo29sCMghub2RlanMyMDp2CiNnY3IuaW8vZ2FlLXJ1bnRpbWVzL25vZGVqczIwOnN0YWJsZRJPdXMtY2VudHJhbDEtZG9ja2VyLnBrZy5kZXYvc2VydmVybGVzcy1ydW50aW1lcy9nb29nbGUtMjItZnVsbC9ydW50aW1lcy9ub2RlanMyMEAB","serviceAccount":"projects/linkifyurl/serviceAccounts/296797983995-compute@developer.gserviceaccount.com","automaticUpdatePolicy":{}},"serviceConfig":{"service":"projects/linkifyurl/locations/us-central1/services/callable-sendwelcomeemail","timeoutSeconds":60,"environmentVariables":{"FIREBASE_CONFIG":"{\"projectId\":\"linkifyurl\",\"storageBucket\":\"linkifyurl.firebasestorage.app\"}","GCLOUD_PROJECT":"linkifyurl","EVENTARC_CLOUD_EVENT_SOURCE":"projects/linkifyurl/locations/us-central1/services/callable_sendWelcomeEmail","FUNCTION_TARGET":"callable_sendWelcomeEmail","LOG_EXECUTION_ID":"true","FUNCTION_SIGNATURE_TYPE":"http"},"ingressSettings":"ALLOW_ALL","uri":"https://callable-sendwelcomeemail-ck2bcwa72a-uc.a.run.app","serviceAccountEmail":"296797983995-compute@developer.gserviceaccount.com","availableMemory":"256Mi","allTrafficOnLatestRevision":true,"secretEnvironmentVariables":[{"key":"gmailUser","projectId":"linkifyurl","secret":"gmailUser","version":"1"},{"key":"gmailPass","projectId":"linkifyurl","secret":"gmailPass","version":"1"}],"revision":"callable-sendwelcomeemail-00007-cav","maxInstanceRequestConcurrency":80,"availableCpu":"1"},"state":"ACTIVE","labels":{"deployment-tool":"cli-firebase","deployment-callable":"true","firebase-functions-hash":"7871e1ab9823eae01c37484398d5895a889267f5"},"environment":"GEN_2","url":"https://us-central1-linkifyurl.cloudfunctions.net/callable_sendWelcomeEmail","satisfiesPzi":true},"stages":[{"name":"BUILD","message":"Reusing build","state":"COMPLETE","resource":"projects/296797983995/locations/us-central1/builds/75a13c8e-5e84-4556-8fbe-1b75002c769c","stateMessages":[{"severity":"WARNING","type":"BuildAnalysisWarning","message":"Node.js 20 is no longer supported by the Node.js community as of 30 April, 2026. Node.js 20 will be decommissioned on 2026-10-30. As of 2026-10-30 you will no longer be able to deploy your Cloud Functions using nodejs20. We recommend you to upgrade to the latest version of Node.js as soon as possible."}]},{"name":"SERVICE","message":"Updating Cloud Run service","state":"IN_PROGRESS","resource":"projects/linkifyurl/locations/us-central1/services/callable-sendwelcomeemail","resourceUri":"https://console.cloud.google.com/run/detail/us-central1/callable-sendwelcomeemail?project=linkifyurl","stateMessages":[{"severity":"INFO","type":"CloudRunServiceNewRevisionTrafficInfo","message":"A new revision will be deployed serving with 100% traffic."}]}],"sourceToken":"Cldwcm9qZWN0cy8yOTY3OTc5ODM5OTUvbG9jYXRpb25zL3VzLWNlbnRyYWwxL2J1aWxkcy83NWExM2M4ZS01ZTg0LTQ1NTYtOGZiZS0xYjc1MDAyYzc2OWMSZHVzLWNlbnRyYWwxLWRvY2tlci5wa2cuZGV2L2xpbmtpZnl1cmwvZ2NmLWFydGlmYWN0cy9saW5raWZ5dXJsX191cy0tY2VudHJhbDFfX2hlYWx0aF9jaGVjazp2ZXJzaW9uXzEY+6mn1NEIIj9wcm9qZWN0cy9saW5raWZ5dXJsL2xvY2F0aW9ucy91cy1jZW50cmFsMS9mdW5jdGlvbnMvaGVhbHRoQ2hlY2sqCwjn1ZnWBhDo29sCMghub2RlanMyMDp2CiNnY3IuaW8vZ2FlLXJ1bnRpbWVzL25vZGVqczIwOnN0YWJsZRJPdXMtY2VudHJhbDEtZG9ja2VyLnBrZy5kZXYvc2VydmVybGVzcy1ydW50aW1lcy9nb29nbGUtMjItZnVsbC9ydW50aW1lcy9ub2RlanMyMEAB","operationType":"UPDATE_FUNCTION","buildName":"projects/296797983995/locations/us-central1/builds/75a13c8e-5e84-4556-8fbe-1b75002c769c"},"done":false}
[debug] [2026-10-07T15:53:22.386Z] Got source token Cldwcm9qZWN0cy8yOTY3OTc5ODM5OTUvbG9jYXRpb25zL3VzLWNlbnRyYWwxL2J1aWxkcy83NWExM2M4ZS01ZTg0LTQ1NTYtOGZiZS0xYjc1MDAyYzc2OWMSZHVzLWNlbnRyYWwxLWRvY2tlci5wa2cuZGV2L2xpbmtpZnl1cmwvZ2NmLWFydGlmYWN0cy9saW5raWZ5dXJsX191cy0tY2VudHJhbDFfX2hlYWx0aF9jaGVjazp2ZXJzaW9uXzEY+6mn1NEIIj9wcm9qZWN0cy9saW5raWZ5dXJsL2xvY2F0aW9ucy91cy1jZW50cmFsMS9mdW5jdGlvbnMvaGVhbHRoQ2hlY2sqCwjn1ZnWBhDo29sCMghub2RlanMyMDp2CiNnY3IuaW8vZ2FlLXJ1bnRpbWVzL25vZGVqczIwOnN0YWJsZRJPdXMtY2VudHJhbDEtZG9ja2VyLnBrZy5kZXYvc2VydmVybGVzcy1ydW50aW1lcy9nb29nbGUtMjItZnVsbC9ydW50aW1lcy9ub2RlanMyMEAB for region us-central1
[debug] [2026-10-07T15:53:22.390Z] [update-default-us-central1-onClick_Aggregator] Retrying task index 0
[debug] [2026-10-07T15:53:22.391Z] Checked if tokens are valid: true, expires at: 1791391707805
[debug] [2026-10-07T15:53:22.391Z] Checked if tokens are valid: true, expires at: 1791391707805
[debug] [2026-10-07T15:53:22.391Z] >>> [apiv2][query] GET https://cloudfunctions.googleapis.com/v2/projects/linkifyurl/locations/us-central1/operations/operation-1791388396802-65d421d0bd2a0-0cfad7a3-71f0bb30 [none]
[debug] [2026-10-07T15:53:22.603Z] [update-default-us-central1-callable_sendShortenedEmail] Retrying task index 0
[debug] [2026-10-07T15:53:22.603Z] Checked if tokens are valid: true, expires at: 1791391707805
[debug] [2026-10-07T15:53:22.603Z] Checked if tokens are valid: true, expires at: 1791391707805
[debug] [2026-10-07T15:53:22.603Z] >>> [apiv2][query] GET https://cloudfunctions.googleapis.com/v2/projects/linkifyurl/locations/us-central1/operations/operation-1791388396937-65d421d0de1aa-27e33cf7-fe91275b [none]
[debug] [2026-10-07T15:53:22.727Z] <<< [apiv2][status] GET https://cloudfunctions.googleapis.com/v2/projects/linkifyurl/locations/us-central1/operations/operation-1791388396802-65d421d0bd2a0-0cfad7a3-71f0bb30 200
[debug] [2026-10-07T15:53:22.727Z] <<< [apiv2][body] GET https://cloudfunctions.googleapis.com/v2/projects/linkifyurl/locations/us-central1/operations/operation-1791388396802-65d421d0bd2a0-0cfad7a3-71f0bb30 {"name":"projects/linkifyurl/locations/us-central1/operations/operation-1791388396802-65d421d0bd2a0-0cfad7a3-71f0bb30","metadata":{"@type":"type.googleapis.com/google.cloud.functions.v2.OperationMetadata","createTime":"2026-10-07T15:53:17.753323327Z","target":"projects/linkifyurl/locations/us-central1/functions/onClick_Aggregator","verb":"update","cancelRequested":false,"apiVersion":"v2","requestResource":{"@type":"type.googleapis.com/google.cloud.functions.v2.Function","name":"projects/linkifyurl/locations/us-central1/functions/onClick_Aggregator","buildConfig":{"runtime":"nodejs20","entryPoint":"onClick_Aggregator","source":{"storageSource":{"bucket":"gcf-v2-sources-296797983995-us-central1","object":"onClick_Aggregator/function-source.zip","generation":"1791388397695975"}},"environmentVariables":{"GOOGLE_NODE_RUN_SCRIPTS":""},"dockerRepository":"projects/linkifyurl/locations/us-central1/repositories/gcf-artifacts","sourceProvenance":{"resolvedStorageSource":{"bucket":"gcf-v2-sources-296797983995-us-central1","object":"onClick_Aggregator/function-source.zip","generation":"1778495414502066"}},"dockerRegistry":"ARTIFACT_REGISTRY","sourceToken":"Cldwcm9qZWN0cy8yOTY3OTc5ODM5OTUvbG9jYXRpb25zL3VzLWNlbnRyYWwxL2J1aWxkcy83NWExM2M4ZS01ZTg0LTQ1NTYtOGZiZS0xYjc1MDAyYzc2OWMSZHVzLWNlbnRyYWwxLWRvY2tlci5wa2cuZGV2L2xpbmtpZnl1cmwvZ2NmLWFydGlmYWN0cy9saW5raWZ5dXJsX191cy0tY2VudHJhbDFfX2hlYWx0aF9jaGVjazp2ZXJzaW9uXzEY+6mn1NEIIj9wcm9qZWN0cy9saW5raWZ5dXJsL2xvY2F0aW9ucy91cy1jZW50cmFsMS9mdW5jdGlvbnMvaGVhbHRoQ2hlY2sqCwjn1ZnWBhDo29sCMghub2RlanMyMDp2CiNnY3IuaW8vZ2FlLXJ1bnRpbWVzL25vZGVqczIwOnN0YWJsZRJPdXMtY2VudHJhbDEtZG9ja2VyLnBrZy5kZXYvc2VydmVybGVzcy1ydW50aW1lcy9nb29nbGUtMjItZnVsbC9ydW50aW1lcy9ub2RlanMyMEAB","serviceAccount":"projects/linkifyurl/serviceAccounts/296797983995-compute@developer.gserviceaccount.com","automaticUpdatePolicy":{}},"serviceConfig":{"service":"projects/linkifyurl/locations/us-central1/services/onclick-aggregator","timeoutSeconds":60,"environmentVariables":{"FIREBASE_CONFIG":"{\"projectId\":\"linkifyurl\",\"storageBucket\":\"linkifyurl.firebasestorage.app\"}","GCLOUD_PROJECT":"linkifyurl","EVENTARC_CLOUD_EVENT_SOURCE":"projects/linkifyurl/locations/us-central1/services/onClick_Aggregator","FUNCTION_SIGNATURE_TYPE":"cloudevent","FUNCTION_TARGET":"onClick_Aggregator","LOG_EXECUTION_ID":"true"},"ingressSettings":"ALLOW_ALL","uri":"https://onclick-aggregator-ck2bcwa72a-uc.a.run.app","serviceAccountEmail":"296797983995-compute@developer.gserviceaccount.com","availableMemory":"256Mi","allTrafficOnLatestRevision":true,"revision":"onclick-aggregator-00007-zev","maxInstanceRequestConcurrency":80,"availableCpu":"1"},"eventTrigger":{"trigger":"projects/linkifyurl/locations/nam5/triggers/onclick-aggregator-919171","triggerRegion":"nam5","eventType":"google.cloud.firestore.document.v1.created","eventFilters":[{"attribute":"database","value":"(default)"},{"attribute":"namespace","value":"(default)"},{"attribute":"document","value":"shortUrls/{shortCode}/clicks/{clickId}","operator":"match-path-pattern"}],"pubsubTopic":"projects/linkifyurl/topics/eventarc-nam5-onclick-aggregator-919171-819","serviceAccountEmail":"296797983995-compute@developer.gserviceaccount.com","retryPolicy":"RETRY_POLICY_DO_NOT_RETRY"},"state":"ACTIVE","labels":{"deployment-tool":"cli-firebase","firebase-functions-hash":"c65864b087821c1e69f48427bb4802a658056ea7"},"environment":"GEN_2","url":"https://us-central1-linkifyurl.cloudfunctions.net/onClick_Aggregator","satisfiesPzi":true},"stages":[{"name":"BUILD","message":"Reusing build","state":"COMPLETE","resource":"projects/296797983995/locations/us-central1/builds/75a13c8e-5e84-4556-8fbe-1b75002c769c","stateMessages":[{"severity":"WARNING","type":"BuildAnalysisWarning","message":"Node.js 20 is no longer supported by the Node.js community as of 30 April, 2026. Node.js 20 will be decommissioned on 2026-10-30. As of 2026-10-30 you will no longer be able to deploy your Cloud Functions using nodejs20. We recommend you to upgrade to the latest version of Node.js as soon as possible."}]},{"name":"SERVICE","message":"Updating Cloud Run service","state":"IN_PROGRESS","resource":"projects/linkifyurl/locations/us-central1/services/onclick-aggregator","resourceUri":"https://console.cloud.google.com/run/detail/us-central1/onclick-aggregator?project=linkifyurl","stateMessages":[{"severity":"INFO","type":"CloudRunServiceNewRevisionTrafficInfo","message":"A new revision will be deployed serving with 100% traffic."}]},{"name":"TRIGGER","state":"NOT_STARTED"}],"sourceToken":"Cldwcm9qZWN0cy8yOTY3OTc5ODM5OTUvbG9jYXRpb25zL3VzLWNlbnRyYWwxL2J1aWxkcy83NWExM2M4ZS01ZTg0LTQ1NTYtOGZiZS0xYjc1MDAyYzc2OWMSZHVzLWNlbnRyYWwxLWRvY2tlci5wa2cuZGV2L2xpbmtpZnl1cmwvZ2NmLWFydGlmYWN0cy9saW5raWZ5dXJsX191cy0tY2VudHJhbDFfX2hlYWx0aF9jaGVjazp2ZXJzaW9uXzEY+6mn1NEIIj9wcm9qZWN0cy9saW5raWZ5dXJsL2xvY2F0aW9ucy91cy1jZW50cmFsMS9mdW5jdGlvbnMvaGVhbHRoQ2hlY2sqCwjn1ZnWBhDo29sCMghub2RlanMyMDp2CiNnY3IuaW8vZ2FlLXJ1bnRpbWVzL25vZGVqczIwOnN0YWJsZRJPdXMtY2VudHJhbDEtZG9ja2VyLnBrZy5kZXYvc2VydmVybGVzcy1ydW50aW1lcy9nb29nbGUtMjItZnVsbC9ydW50aW1lcy9ub2RlanMyMEAB","operationType":"UPDATE_FUNCTION","buildName":"projects/296797983995/locations/us-central1/builds/75a13c8e-5e84-4556-8fbe-1b75002c769c"},"done":false}
[debug] [2026-10-07T15:53:22.727Z] Got source token Cldwcm9qZWN0cy8yOTY3OTc5ODM5OTUvbG9jYXRpb25zL3VzLWNlbnRyYWwxL2J1aWxkcy83NWExM2M4ZS01ZTg0LTQ1NTYtOGZiZS0xYjc1MDAyYzc2OWMSZHVzLWNlbnRyYWwxLWRvY2tlci5wa2cuZGV2L2xpbmtpZnl1cmwvZ2NmLWFydGlmYWN0cy9saW5raWZ5dXJsX191cy0tY2VudHJhbDFfX2hlYWx0aF9jaGVjazp2ZXJzaW9uXzEY+6mn1NEIIj9wcm9qZWN0cy9saW5raWZ5dXJsL2xvY2F0aW9ucy91cy1jZW50cmFsMS9mdW5jdGlvbnMvaGVhbHRoQ2hlY2sqCwjn1ZnWBhDo29sCMghub2RlanMyMDp2CiNnY3IuaW8vZ2FlLXJ1bnRpbWVzL25vZGVqczIwOnN0YWJsZRJPdXMtY2VudHJhbDEtZG9ja2VyLnBrZy5kZXYvc2VydmVybGVzcy1ydW50aW1lcy9nb29nbGUtMjItZnVsbC9ydW50aW1lcy9ub2RlanMyMEAB for region us-central1
[debug] [2026-10-07T15:53:23.441Z] [update-default-us-central1-trigger_onUrlShortened_Confirmation] Retrying task index 0
[debug] [2026-10-07T15:53:23.441Z] Checked if tokens are valid: true, expires at: 1791391707805
[debug] [2026-10-07T15:53:23.441Z] Checked if tokens are valid: true, expires at: 1791391707805
[debug] [2026-10-07T15:53:23.441Z] >>> [apiv2][query] GET https://cloudfunctions.googleapis.com/v2/projects/linkifyurl/locations/us-central1/operations/operation-1791388397303-65d421d137668-6bd487f9-66a48f71 [none]
[debug] [2026-10-07T15:53:23.478Z] <<< [apiv2][status] GET https://cloudfunctions.googleapis.com/v2/projects/linkifyurl/locations/us-central1/operations/operation-1791388396937-65d421d0de1aa-27e33cf7-fe91275b 200
[debug] [2026-10-07T15:53:23.478Z] <<< [apiv2][body] GET https://cloudfunctions.googleapis.com/v2/projects/linkifyurl/locations/us-central1/operations/operation-1791388396937-65d421d0de1aa-27e33cf7-fe91275b {"name":"projects/linkifyurl/locations/us-central1/operations/operation-1791388396937-65d421d0de1aa-27e33cf7-fe91275b","metadata":{"@type":"type.googleapis.com/google.cloud.functions.v2.OperationMetadata","createTime":"2026-10-07T15:53:17.813490665Z","target":"projects/linkifyurl/locations/us-central1/functions/callable_sendShortenedEmail","verb":"update","cancelRequested":false,"apiVersion":"v2","requestResource":{"@type":"type.googleapis.com/google.cloud.functions.v2.Function","name":"projects/linkifyurl/locations/us-central1/functions/callable_sendShortenedEmail","buildConfig":{"runtime":"nodejs20","entryPoint":"callable_sendShortenedEmail","source":{"storageSource":{"bucket":"gcf-v2-sources-296797983995-us-central1","object":"callable_sendShortenedEmail/function-source.zip","generation":"1791388397758775"}},"environmentVariables":{"GOOGLE_NODE_RUN_SCRIPTS":""},"dockerRepository":"projects/linkifyurl/locations/us-central1/repositories/gcf-artifacts","sourceProvenance":{"resolvedStorageSource":{"bucket":"gcf-v2-sources-296797983995-us-central1","object":"callable_sendShortenedEmail/function-source.zip","generation":"1778495414195727"}},"dockerRegistry":"ARTIFACT_REGISTRY","sourceToken":"Cldwcm9qZWN0cy8yOTY3OTc5ODM5OTUvbG9jYXRpb25zL3VzLWNlbnRyYWwxL2J1aWxkcy83NWExM2M4ZS01ZTg0LTQ1NTYtOGZiZS0xYjc1MDAyYzc2OWMSZHVzLWNlbnRyYWwxLWRvY2tlci5wa2cuZGV2L2xpbmtpZnl1cmwvZ2NmLWFydGlmYWN0cy9saW5raWZ5dXJsX191cy0tY2VudHJhbDFfX2hlYWx0aF9jaGVjazp2ZXJzaW9uXzEY+6mn1NEIIj9wcm9qZWN0cy9saW5raWZ5dXJsL2xvY2F0aW9ucy91cy1jZW50cmFsMS9mdW5jdGlvbnMvaGVhbHRoQ2hlY2sqCwjn1ZnWBhDo29sCMghub2RlanMyMDp2CiNnY3IuaW8vZ2FlLXJ1bnRpbWVzL25vZGVqczIwOnN0YWJsZRJPdXMtY2VudHJhbDEtZG9ja2VyLnBrZy5kZXYvc2VydmVybGVzcy1ydW50aW1lcy9nb29nbGUtMjItZnVsbC9ydW50aW1lcy9ub2RlanMyMEAB","serviceAccount":"projects/linkifyurl/serviceAccounts/296797983995-compute@developer.gserviceaccount.com","automaticUpdatePolicy":{}},"serviceConfig":{"service":"projects/linkifyurl/locations/us-central1/services/callable-sendshortenedemail","timeoutSeconds":60,"environmentVariables":{"FIREBASE_CONFIG":"{\"projectId\":\"linkifyurl\",\"storageBucket\":\"linkifyurl.firebasestorage.app\"}","GCLOUD_PROJECT":"linkifyurl","EVENTARC_CLOUD_EVENT_SOURCE":"projects/linkifyurl/locations/us-central1/services/callable_sendShortenedEmail","FUNCTION_TARGET":"callable_sendShortenedEmail","LOG_EXECUTION_ID":"true","FUNCTION_SIGNATURE_TYPE":"http"},"ingressSettings":"ALLOW_ALL","uri":"https://callable-sendshortenedemail-ck2bcwa72a-uc.a.run.app","serviceAccountEmail":"296797983995-compute@developer.gserviceaccount.com","availableMemory":"256Mi","allTrafficOnLatestRevision":true,"secretEnvironmentVariables":[{"key":"gmailUser","projectId":"linkifyurl","secret":"gmailUser","version":"1"},{"key":"gmailPass","projectId":"linkifyurl","secret":"gmailPass","version":"1"}],"revision":"callable-sendshortenedemail-00007-nuh","maxInstanceRequestConcurrency":80,"availableCpu":"1"},"state":"ACTIVE","labels":{"deployment-tool":"cli-firebase","deployment-callable":"true","firebase-functions-hash":"7871e1ab9823eae01c37484398d5895a889267f5"},"environment":"GEN_2","url":"https://us-central1-linkifyurl.cloudfunctions.net/callable_sendShortenedEmail","satisfiesPzi":true},"stages":[{"name":"BUILD","message":"Reusing build","state":"COMPLETE","resource":"projects/296797983995/locations/us-central1/builds/75a13c8e-5e84-4556-8fbe-1b75002c769c","stateMessages":[{"severity":"WARNING","type":"BuildAnalysisWarning","message":"Node.js 20 is no longer supported by the Node.js community as of 30 April, 2026. Node.js 20 will be decommissioned on 2026-10-30. As of 2026-10-30 you will no longer be able to deploy your Cloud Functions using nodejs20. We recommend you to upgrade to the latest version of Node.js as soon as possible."}]},{"name":"SERVICE","message":"Updating Cloud Run service","state":"IN_PROGRESS","resource":"projects/linkifyurl/locations/us-central1/services/callable-sendshortenedemail","resourceUri":"https://console.cloud.google.com/run/detail/us-central1/callable-sendshortenedemail?project=linkifyurl","stateMessages":[{"severity":"INFO","type":"CloudRunServiceNewRevisionTrafficInfo","message":"A new revision will be deployed serving with 100% traffic."}]}],"sourceToken":"Cldwcm9qZWN0cy8yOTY3OTc5ODM5OTUvbG9jYXRpb25zL3VzLWNlbnRyYWwxL2J1aWxkcy83NWExM2M4ZS01ZTg0LTQ1NTYtOGZiZS0xYjc1MDAyYzc2OWMSZHVzLWNlbnRyYWwxLWRvY2tlci5wa2cuZGV2L2xpbmtpZnl1cmwvZ2NmLWFydGlmYWN0cy9saW5raWZ5dXJsX191cy0tY2VudHJhbDFfX2hlYWx0aF9jaGVjazp2ZXJzaW9uXzEY+6mn1NEIIj9wcm9qZWN0cy9saW5raWZ5dXJsL2xvY2F0aW9ucy91cy1jZW50cmFsMS9mdW5jdGlvbnMvaGVhbHRoQ2hlY2sqCwjn1ZnWBhDo29sCMghub2RlanMyMDp2CiNnY3IuaW8vZ2FlLXJ1bnRpbWVzL25vZGVqczIwOnN0YWJsZRJPdXMtY2VudHJhbDEtZG9ja2VyLnBrZy5kZXYvc2VydmVybGVzcy1ydW50aW1lcy9nb29nbGUtMjItZnVsbC9ydW50aW1lcy9ub2RlanMyMEAB","operationType":"UPDATE_FUNCTION","buildName":"projects/296797983995/locations/us-central1/builds/75a13c8e-5e84-4556-8fbe-1b75002c769c"},"done":false}
[debug] [2026-10-07T15:53:23.478Z] Got source token Cldwcm9qZWN0cy8yOTY3OTc5ODM5OTUvbG9jYXRpb25zL3VzLWNlbnRyYWwxL2J1aWxkcy83NWExM2M4ZS01ZTg0LTQ1NTYtOGZiZS0xYjc1MDAyYzc2OWMSZHVzLWNlbnRyYWwxLWRvY2tlci5wa2cuZGV2L2xpbmtpZnl1cmwvZ2NmLWFydGlmYWN0cy9saW5raWZ5dXJsX191cy0tY2VudHJhbDFfX2hlYWx0aF9jaGVjazp2ZXJzaW9uXzEY+6mn1NEIIj9wcm9qZWN0cy9saW5raWZ5dXJsL2xvY2F0aW9ucy91cy1jZW50cmFsMS9mdW5jdGlvbnMvaGVhbHRoQ2hlY2sqCwjn1ZnWBhDo29sCMghub2RlanMyMDp2CiNnY3IuaW8vZ2FlLXJ1bnRpbWVzL25vZGVqczIwOnN0YWJsZRJPdXMtY2VudHJhbDEtZG9ja2VyLnBrZy5kZXYvc2VydmVybGVzcy1ydW50aW1lcy9nb29nbGUtMjItZnVsbC9ydW50aW1lcy9ub2RlanMyMEAB for region us-central1
[debug] [2026-10-07T15:53:23.539Z] [update-default-us-central1-onPlatformEvent_Aggregator] Retrying task index 0
[debug] [2026-10-07T15:53:23.539Z] Checked if tokens are valid: true, expires at: 1791391707805
[debug] [2026-10-07T15:53:23.539Z] Checked if tokens are valid: true, expires at: 1791391707805
[debug] [2026-10-07T15:53:23.539Z] >>> [apiv2][query] GET https://cloudfunctions.googleapis.com/v2/projects/linkifyurl/locations/us-central1/operations/operation-1791388396770-65d421d0b543e-1e6c9f9d-eca263ae [none]
[debug] [2026-10-07T15:53:23.772Z] <<< [apiv2][status] GET https://cloudfunctions.googleapis.com/v2/projects/linkifyurl/locations/us-central1/operations/operation-1791388397303-65d421d137668-6bd487f9-66a48f71 200
[debug] [2026-10-07T15:53:23.772Z] <<< [apiv2][body] GET https://cloudfunctions.googleapis.com/v2/projects/linkifyurl/locations/us-central1/operations/operation-1791388397303-65d421d137668-6bd487f9-66a48f71 {"name":"projects/linkifyurl/locations/us-central1/operations/operation-1791388397303-65d421d137668-6bd487f9-66a48f71","metadata":{"@type":"type.googleapis.com/google.cloud.functions.v2.OperationMetadata","createTime":"2026-10-07T15:53:18.227685369Z","target":"projects/linkifyurl/locations/us-central1/functions/trigger_onUrlShortened_Confirmation","verb":"update","cancelRequested":false,"apiVersion":"v2","requestResource":{"@type":"type.googleapis.com/google.cloud.functions.v2.Function","name":"projects/linkifyurl/locations/us-central1/functions/trigger_onUrlShortened_Confirmation","buildConfig":{"runtime":"nodejs20","entryPoint":"trigger_onUrlShortened_Confirmation","source":{"storageSource":{"bucket":"gcf-v2-sources-296797983995-us-central1","object":"trigger_onUrlShortened_Confirmation/function-source.zip","generation":"1791388398174235"}},"environmentVariables":{"GOOGLE_NODE_RUN_SCRIPTS":""},"dockerRepository":"projects/linkifyurl/locations/us-central1/repositories/gcf-artifacts","sourceProvenance":{"resolvedStorageSource":{"bucket":"gcf-v2-sources-296797983995-us-central1","object":"trigger_onUrlShortened_Confirmation/function-source.zip","generation":"1778495414577561"}},"dockerRegistry":"ARTIFACT_REGISTRY","sourceToken":"Cldwcm9qZWN0cy8yOTY3OTc5ODM5OTUvbG9jYXRpb25zL3VzLWNlbnRyYWwxL2J1aWxkcy83NWExM2M4ZS01ZTg0LTQ1NTYtOGZiZS0xYjc1MDAyYzc2OWMSZHVzLWNlbnRyYWwxLWRvY2tlci5wa2cuZGV2L2xpbmtpZnl1cmwvZ2NmLWFydGlmYWN0cy9saW5raWZ5dXJsX191cy0tY2VudHJhbDFfX2hlYWx0aF9jaGVjazp2ZXJzaW9uXzEY+6mn1NEIIj9wcm9qZWN0cy9saW5raWZ5dXJsL2xvY2F0aW9ucy91cy1jZW50cmFsMS9mdW5jdGlvbnMvaGVhbHRoQ2hlY2sqCwjn1ZnWBhDo29sCMghub2RlanMyMDp2CiNnY3IuaW8vZ2FlLXJ1bnRpbWVzL25vZGVqczIwOnN0YWJsZRJPdXMtY2VudHJhbDEtZG9ja2VyLnBrZy5kZXYvc2VydmVybGVzcy1ydW50aW1lcy9nb29nbGUtMjItZnVsbC9ydW50aW1lcy9ub2RlanMyMEAB","serviceAccount":"projects/linkifyurl/serviceAccounts/296797983995-compute@developer.gserviceaccount.com","automaticUpdatePolicy":{}},"serviceConfig":{"service":"projects/linkifyurl/locations/us-central1/services/trigger-onurlshortened-confirmation","timeoutSeconds":60,"environmentVariables":{"FIREBASE_CONFIG":"{\"projectId\":\"linkifyurl\",\"storageBucket\":\"linkifyurl.firebasestorage.app\"}","GCLOUD_PROJECT":"linkifyurl","EVENTARC_CLOUD_EVENT_SOURCE":"projects/linkifyurl/locations/us-central1/services/trigger_onUrlShortened_Confirmation","FUNCTION_SIGNATURE_TYPE":"cloudevent","FUNCTION_TARGET":"trigger_onUrlShortened_Confirmation","LOG_EXECUTION_ID":"true"},"ingressSettings":"ALLOW_ALL","uri":"https://trigger-onurlshortened-confirmation-ck2bcwa72a-uc.a.run.app","serviceAccountEmail":"296797983995-compute@developer.gserviceaccount.com","availableMemory":"256Mi","allTrafficOnLatestRevision":true,"secretEnvironmentVariables":[{"key":"gmailUser","projectId":"linkifyurl","secret":"gmailUser","version":"1"},{"key":"gmailPass","projectId":"linkifyurl","secret":"gmailPass","version":"1"}],"revision":"trigger-onurlshortened-confirmation-00007-bac","maxInstanceRequestConcurrency":80,"availableCpu":"1"},"eventTrigger":{"trigger":"projects/linkifyurl/locations/nam5/triggers/trigger-onurlshortened-confirmation-330601","triggerRegion":"nam5","eventType":"google.cloud.firestore.document.v1.created","eventFilters":[{"attribute":"database","value":"(default)"},{"attribute":"namespace","value":"(default)"},{"attribute":"document","value":"shortUrls/{shortCode}","operator":"match-path-pattern"}],"pubsubTopic":"projects/linkifyurl/topics/eventarc-nam5-trigger-onurlshortened-confirmation-330601-739","serviceAccountEmail":"296797983995-compute@developer.gserviceaccount.com","retryPolicy":"RETRY_POLICY_DO_NOT_RETRY"},"state":"ACTIVE","labels":{"deployment-tool":"cli-firebase","firebase-functions-hash":"7871e1ab9823eae01c37484398d5895a889267f5"},"environment":"GEN_2","url":"https://us-central1-linkifyurl.cloudfunctions.net/trigger_onUrlShortened_Confirmation","satisfiesPzi":true},"stages":[{"name":"BUILD","message":"Reusing build","state":"COMPLETE","resource":"projects/296797983995/locations/us-central1/builds/75a13c8e-5e84-4556-8fbe-1b75002c769c","stateMessages":[{"severity":"WARNING","type":"BuildAnalysisWarning","message":"Node.js 20 is no longer supported by the Node.js community as of 30 April, 2026. Node.js 20 will be decommissioned on 2026-10-30. As of 2026-10-30 you will no longer be able to deploy your Cloud Functions using nodejs20. We recommend you to upgrade to the latest version of Node.js as soon as possible."}]},{"name":"SERVICE","message":"Updating Cloud Run service","state":"IN_PROGRESS","resource":"projects/linkifyurl/locations/us-central1/services/trigger-onurlshortened-confirmation","resourceUri":"https://console.cloud.google.com/run/detail/us-central1/trigger-onurlshortened-confirmation?project=linkifyurl","stateMessages":[{"severity":"INFO","type":"CloudRunServiceNewRevisionTrafficInfo","message":"A new revision will be deployed serving with 100% traffic."}]},{"name":"TRIGGER","state":"NOT_STARTED"}],"sourceToken":"Cldwcm9qZWN0cy8yOTY3OTc5ODM5OTUvbG9jYXRpb25zL3VzLWNlbnRyYWwxL2J1aWxkcy83NWExM2M4ZS01ZTg0LTQ1NTYtOGZiZS0xYjc1MDAyYzc2OWMSZHVzLWNlbnRyYWwxLWRvY2tlci5wa2cuZGV2L2xpbmtpZnl1cmwvZ2NmLWFydGlmYWN0cy9saW5raWZ5dXJsX191cy0tY2VudHJhbDFfX2hlYWx0aF9jaGVjazp2ZXJzaW9uXzEY+6mn1NEIIj9wcm9qZWN0cy9saW5raWZ5dXJsL2xvY2F0aW9ucy91cy1jZW50cmFsMS9mdW5jdGlvbnMvaGVhbHRoQ2hlY2sqCwjn1ZnWBhDo29sCMghub2RlanMyMDp2CiNnY3IuaW8vZ2FlLXJ1bnRpbWVzL25vZGVqczIwOnN0YWJsZRJPdXMtY2VudHJhbDEtZG9ja2VyLnBrZy5kZXYvc2VydmVybGVzcy1ydW50aW1lcy9nb29nbGUtMjItZnVsbC9ydW50aW1lcy9ub2RlanMyMEAB","operationType":"UPDATE_FUNCTION","buildName":"projects/296797983995/locations/us-central1/builds/75a13c8e-5e84-4556-8fbe-1b75002c769c"},"done":false}
[debug] [2026-10-07T15:53:23.772Z] Got source token Cldwcm9qZWN0cy8yOTY3OTc5ODM5OTUvbG9jYXRpb25zL3VzLWNlbnRyYWwxL2J1aWxkcy83NWExM2M4ZS01ZTg0LTQ1NTYtOGZiZS0xYjc1MDAyYzc2OWMSZHVzLWNlbnRyYWwxLWRvY2tlci5wa2cuZGV2L2xpbmtpZnl1cmwvZ2NmLWFydGlmYWN0cy9saW5raWZ5dXJsX191cy0tY2VudHJhbDFfX2hlYWx0aF9jaGVjazp2ZXJzaW9uXzEY+6mn1NEIIj9wcm9qZWN0cy9saW5raWZ5dXJsL2xvY2F0aW9ucy91cy1jZW50cmFsMS9mdW5jdGlvbnMvaGVhbHRoQ2hlY2sqCwjn1ZnWBhDo29sCMghub2RlanMyMDp2CiNnY3IuaW8vZ2FlLXJ1bnRpbWVzL25vZGVqczIwOnN0YWJsZRJPdXMtY2VudHJhbDEtZG9ja2VyLnBrZy5kZXYvc2VydmVybGVzcy1ydW50aW1lcy9nb29nbGUtMjItZnVsbC9ydW50aW1lcy9ub2RlanMyMEAB for region us-central1
[debug] [2026-10-07T15:53:23.842Z] <<< [apiv2][status] GET https://cloudfunctions.googleapis.com/v2/projects/linkifyurl/locations/us-central1/operations/operation-1791388396770-65d421d0b543e-1e6c9f9d-eca263ae 200
[debug] [2026-10-07T15:53:23.842Z] <<< [apiv2][body] GET https://cloudfunctions.googleapis.com/v2/projects/linkifyurl/locations/us-central1/operations/operation-1791388396770-65d421d0b543e-1e6c9f9d-eca263ae {"name":"projects/linkifyurl/locations/us-central1/operations/operation-1791388396770-65d421d0b543e-1e6c9f9d-eca263ae","metadata":{"@type":"type.googleapis.com/google.cloud.functions.v2.OperationMetadata","createTime":"2026-10-07T15:53:17.688652443Z","target":"projects/linkifyurl/locations/us-central1/functions/onPlatformEvent_Aggregator","verb":"update","cancelRequested":false,"apiVersion":"v2","requestResource":{"@type":"type.googleapis.com/google.cloud.functions.v2.Function","name":"projects/linkifyurl/locations/us-central1/functions/onPlatformEvent_Aggregator","buildConfig":{"runtime":"nodejs20","entryPoint":"onPlatformEvent_Aggregator","source":{"storageSource":{"bucket":"gcf-v2-sources-296797983995-us-central1","object":"onPlatformEvent_Aggregator/function-source.zip","generation":"1791388397640489"}},"environmentVariables":{"GOOGLE_NODE_RUN_SCRIPTS":""},"dockerRepository":"projects/linkifyurl/locations/us-central1/repositories/gcf-artifacts","sourceProvenance":{"resolvedStorageSource":{"bucket":"gcf-v2-sources-296797983995-us-central1","object":"onPlatformEvent_Aggregator/function-source.zip","generation":"1778495414557412"}},"dockerRegistry":"ARTIFACT_REGISTRY","sourceToken":"Cldwcm9qZWN0cy8yOTY3OTc5ODM5OTUvbG9jYXRpb25zL3VzLWNlbnRyYWwxL2J1aWxkcy83NWExM2M4ZS01ZTg0LTQ1NTYtOGZiZS0xYjc1MDAyYzc2OWMSZHVzLWNlbnRyYWwxLWRvY2tlci5wa2cuZGV2L2xpbmtpZnl1cmwvZ2NmLWFydGlmYWN0cy9saW5raWZ5dXJsX191cy0tY2VudHJhbDFfX2hlYWx0aF9jaGVjazp2ZXJzaW9uXzEY+6mn1NEIIj9wcm9qZWN0cy9saW5raWZ5dXJsL2xvY2F0aW9ucy91cy1jZW50cmFsMS9mdW5jdGlvbnMvaGVhbHRoQ2hlY2sqCwjn1ZnWBhDo29sCMghub2RlanMyMDp2CiNnY3IuaW8vZ2FlLXJ1bnRpbWVzL25vZGVqczIwOnN0YWJsZRJPdXMtY2VudHJhbDEtZG9ja2VyLnBrZy5kZXYvc2VydmVybGVzcy1ydW50aW1lcy9nb29nbGUtMjItZnVsbC9ydW50aW1lcy9ub2RlanMyMEAB","serviceAccount":"projects/linkifyurl/serviceAccounts/296797983995-compute@developer.gserviceaccount.com","automaticUpdatePolicy":{}},"serviceConfig":{"service":"projects/linkifyurl/locations/us-central1/services/onplatformevent-aggregator","timeoutSeconds":60,"environmentVariables":{"FIREBASE_CONFIG":"{\"projectId\":\"linkifyurl\",\"storageBucket\":\"linkifyurl.firebasestorage.app\"}","GCLOUD_PROJECT":"linkifyurl","EVENTARC_CLOUD_EVENT_SOURCE":"projects/linkifyurl/locations/us-central1/services/onPlatformEvent_Aggregator","FUNCTION_SIGNATURE_TYPE":"cloudevent","FUNCTION_TARGET":"onPlatformEvent_Aggregator","LOG_EXECUTION_ID":"true"},"ingressSettings":"ALLOW_ALL","uri":"https://onplatformevent-aggregator-ck2bcwa72a-uc.a.run.app","serviceAccountEmail":"296797983995-compute@developer.gserviceaccount.com","availableMemory":"256Mi","allTrafficOnLatestRevision":true,"revision":"onplatformevent-aggregator-00011-yew","maxInstanceRequestConcurrency":80,"availableCpu":"1"},"eventTrigger":{"trigger":"projects/linkifyurl/locations/nam5/triggers/onplatformevent-aggregator-368816","triggerRegion":"nam5","eventType":"google.cloud.firestore.document.v1.created","eventFilters":[{"attribute":"database","value":"(default)"},{"attribute":"namespace","value":"(default)"},{"attribute":"document","value":"platformEvents/{eventId}","operator":"match-path-pattern"}],"pubsubTopic":"projects/linkifyurl/topics/eventarc-nam5-onplatformevent-aggregator-368816-724","serviceAccountEmail":"296797983995-compute@developer.gserviceaccount.com","retryPolicy":"RETRY_POLICY_DO_NOT_RETRY"},"state":"ACTIVE","labels":{"deployment-tool":"cli-firebase","firebase-functions-hash":"c65864b087821c1e69f48427bb4802a658056ea7"},"environment":"GEN_2","url":"https://us-central1-linkifyurl.cloudfunctions.net/onPlatformEvent_Aggregator","satisfiesPzi":true},"stages":[{"name":"BUILD","message":"Reusing build","state":"COMPLETE","resource":"projects/296797983995/locations/us-central1/builds/75a13c8e-5e84-4556-8fbe-1b75002c769c","stateMessages":[{"severity":"WARNING","type":"BuildAnalysisWarning","message":"Node.js 20 is no longer supported by the Node.js community as of 30 April, 2026. Node.js 20 will be decommissioned on 2026-10-30. As of 2026-10-30 you will no longer be able to deploy your Cloud Functions using nodejs20. We recommend you to upgrade to the latest version of Node.js as soon as possible."}]},{"name":"SERVICE","message":"Updating Cloud Run service","state":"IN_PROGRESS","resource":"projects/linkifyurl/locations/us-central1/services/onplatformevent-aggregator","resourceUri":"https://console.cloud.google.com/run/detail/us-central1/onplatformevent-aggregator?project=linkifyurl","stateMessages":[{"severity":"INFO","type":"CloudRunServiceNewRevisionTrafficInfo","message":"A new revision will be deployed serving with 100% traffic."}]},{"name":"TRIGGER","state":"NOT_STARTED"}],"sourceToken":"Cldwcm9qZWN0cy8yOTY3OTc5ODM5OTUvbG9jYXRpb25zL3VzLWNlbnRyYWwxL2J1aWxkcy83NWExM2M4ZS01ZTg0LTQ1NTYtOGZiZS0xYjc1MDAyYzc2OWMSZHVzLWNlbnRyYWwxLWRvY2tlci5wa2cuZGV2L2xpbmtpZnl1cmwvZ2NmLWFydGlmYWN0cy9saW5raWZ5dXJsX191cy0tY2VudHJhbDFfX2hlYWx0aF9jaGVjazp2ZXJzaW9uXzEY+6mn1NEIIj9wcm9qZWN0cy9saW5raWZ5dXJsL2xvY2F0aW9ucy91cy1jZW50cmFsMS9mdW5jdGlvbnMvaGVhbHRoQ2hlY2sqCwjn1ZnWBhDo29sCMghub2RlanMyMDp2CiNnY3IuaW8vZ2FlLXJ1bnRpbWVzL25vZGVqczIwOnN0YWJsZRJPdXMtY2VudHJhbDEtZG9ja2VyLnBrZy5kZXYvc2VydmVybGVzcy1ydW50aW1lcy9nb29nbGUtMjItZnVsbC9ydW50aW1lcy9ub2RlanMyMEAB","operationType":"UPDATE_FUNCTION","buildName":"projects/296797983995/locations/us-central1/builds/75a13c8e-5e84-4556-8fbe-1b75002c769c"},"done":false}
[debug] [2026-10-07T15:53:23.842Z] Got source token Cldwcm9qZWN0cy8yOTY3OTc5ODM5OTUvbG9jYXRpb25zL3VzLWNlbnRyYWwxL2J1aWxkcy83NWExM2M4ZS01ZTg0LTQ1NTYtOGZiZS0xYjc1MDAyYzc2OWMSZHVzLWNlbnRyYWwxLWRvY2tlci5wa2cuZGV2L2xpbmtpZnl1cmwvZ2NmLWFydGlmYWN0cy9saW5raWZ5dXJsX191cy0tY2VudHJhbDFfX2hlYWx0aF9jaGVjazp2ZXJzaW9uXzEY+6mn1NEIIj9wcm9qZWN0cy9saW5raWZ5dXJsL2xvY2F0aW9ucy91cy1jZW50cmFsMS9mdW5jdGlvbnMvaGVhbHRoQ2hlY2sqCwjn1ZnWBhDo29sCMghub2RlanMyMDp2CiNnY3IuaW8vZ2FlLXJ1bnRpbWVzL25vZGVqczIwOnN0YWJsZRJPdXMtY2VudHJhbDEtZG9ja2VyLnBrZy5kZXYvc2VydmVybGVzcy1ydW50aW1lcy9nb29nbGUtMjItZnVsbC9ydW50aW1lcy9ub2RlanMyMEAB for region us-central1
[debug] [2026-10-07T15:53:24.386Z] [update-default-us-central1-callable_sendWelcomeEmail] Retrying task index 0
[debug] [2026-10-07T15:53:24.386Z] Checked if tokens are valid: true, expires at: 1791391707805
[debug] [2026-10-07T15:53:24.386Z] Checked if tokens are valid: true, expires at: 1791391707805
[debug] [2026-10-07T15:53:24.386Z] >>> [apiv2][query] GET https://cloudfunctions.googleapis.com/v2/projects/linkifyurl/locations/us-central1/operations/operation-1791388397329-65d421d13dd00-40242c60-8984130d [none]
[debug] [2026-10-07T15:53:25.234Z] <<< [apiv2][status] GET https://cloudfunctions.googleapis.com/v2/projects/linkifyurl/locations/us-central1/operations/operation-1791388397329-65d421d13dd00-40242c60-8984130d 200
[debug] [2026-10-07T15:53:25.234Z] <<< [apiv2][body] GET https://cloudfunctions.googleapis.com/v2/projects/linkifyurl/locations/us-central1/operations/operation-1791388397329-65d421d13dd00-40242c60-8984130d {"name":"projects/linkifyurl/locations/us-central1/operations/operation-1791388397329-65d421d13dd00-40242c60-8984130d","metadata":{"@type":"type.googleapis.com/google.cloud.functions.v2.OperationMetadata","createTime":"2026-10-07T15:53:19.187441492Z","target":"projects/linkifyurl/locations/us-central1/functions/callable_sendWelcomeEmail","verb":"update","cancelRequested":false,"apiVersion":"v2","requestResource":{"@type":"type.googleapis.com/google.cloud.functions.v2.Function","name":"projects/linkifyurl/locations/us-central1/functions/callable_sendWelcomeEmail","buildConfig":{"runtime":"nodejs20","entryPoint":"callable_sendWelcomeEmail","source":{"storageSource":{"bucket":"gcf-v2-sources-296797983995-us-central1","object":"callable_sendWelcomeEmail/function-source.zip","generation":"1791388399137384"}},"environmentVariables":{"GOOGLE_NODE_RUN_SCRIPTS":""},"dockerRepository":"projects/linkifyurl/locations/us-central1/repositories/gcf-artifacts","sourceProvenance":{"resolvedStorageSource":{"bucket":"gcf-v2-sources-296797983995-us-central1","object":"callable_sendWelcomeEmail/function-source.zip","generation":"1778495414025323"}},"dockerRegistry":"ARTIFACT_REGISTRY","sourceToken":"Cldwcm9qZWN0cy8yOTY3OTc5ODM5OTUvbG9jYXRpb25zL3VzLWNlbnRyYWwxL2J1aWxkcy83NWExM2M4ZS01ZTg0LTQ1NTYtOGZiZS0xYjc1MDAyYzc2OWMSZHVzLWNlbnRyYWwxLWRvY2tlci5wa2cuZGV2L2xpbmtpZnl1cmwvZ2NmLWFydGlmYWN0cy9saW5raWZ5dXJsX191cy0tY2VudHJhbDFfX2hlYWx0aF9jaGVjazp2ZXJzaW9uXzEY+6mn1NEIIj9wcm9qZWN0cy9saW5raWZ5dXJsL2xvY2F0aW9ucy91cy1jZW50cmFsMS9mdW5jdGlvbnMvaGVhbHRoQ2hlY2sqCwjn1ZnWBhDo29sCMghub2RlanMyMDp2CiNnY3IuaW8vZ2FlLXJ1bnRpbWVzL25vZGVqczIwOnN0YWJsZRJPdXMtY2VudHJhbDEtZG9ja2VyLnBrZy5kZXYvc2VydmVybGVzcy1ydW50aW1lcy9nb29nbGUtMjItZnVsbC9ydW50aW1lcy9ub2RlanMyMEAB","serviceAccount":"projects/linkifyurl/serviceAccounts/296797983995-compute@developer.gserviceaccount.com","automaticUpdatePolicy":{}},"serviceConfig":{"service":"projects/linkifyurl/locations/us-central1/services/callable-sendwelcomeemail","timeoutSeconds":60,"environmentVariables":{"FIREBASE_CONFIG":"{\"projectId\":\"linkifyurl\",\"storageBucket\":\"linkifyurl.firebasestorage.app\"}","GCLOUD_PROJECT":"linkifyurl","EVENTARC_CLOUD_EVENT_SOURCE":"projects/linkifyurl/locations/us-central1/services/callable_sendWelcomeEmail","FUNCTION_TARGET":"callable_sendWelcomeEmail","LOG_EXECUTION_ID":"true","FUNCTION_SIGNATURE_TYPE":"http"},"ingressSettings":"ALLOW_ALL","uri":"https://callable-sendwelcomeemail-ck2bcwa72a-uc.a.run.app","serviceAccountEmail":"296797983995-compute@developer.gserviceaccount.com","availableMemory":"256Mi","allTrafficOnLatestRevision":true,"secretEnvironmentVariables":[{"key":"gmailUser","projectId":"linkifyurl","secret":"gmailUser","version":"1"},{"key":"gmailPass","projectId":"linkifyurl","secret":"gmailPass","version":"1"}],"revision":"callable-sendwelcomeemail-00007-cav","maxInstanceRequestConcurrency":80,"availableCpu":"1"},"state":"ACTIVE","labels":{"deployment-tool":"cli-firebase","deployment-callable":"true","firebase-functions-hash":"7871e1ab9823eae01c37484398d5895a889267f5"},"environment":"GEN_2","url":"https://us-central1-linkifyurl.cloudfunctions.net/callable_sendWelcomeEmail","satisfiesPzi":true},"stages":[{"name":"BUILD","message":"Reusing build","state":"COMPLETE","resource":"projects/296797983995/locations/us-central1/builds/75a13c8e-5e84-4556-8fbe-1b75002c769c","stateMessages":[{"severity":"WARNING","type":"BuildAnalysisWarning","message":"Node.js 20 is no longer supported by the Node.js community as of 30 April, 2026. Node.js 20 will be decommissioned on 2026-10-30. As of 2026-10-30 you will no longer be able to deploy your Cloud Functions using nodejs20. We recommend you to upgrade to the latest version of Node.js as soon as possible."}]},{"name":"SERVICE","message":"Updating Cloud Run service","state":"IN_PROGRESS","resource":"projects/linkifyurl/locations/us-central1/services/callable-sendwelcomeemail","resourceUri":"https://console.cloud.google.com/run/detail/us-central1/callable-sendwelcomeemail?project=linkifyurl","stateMessages":[{"severity":"INFO","type":"CloudRunServiceNewRevisionTrafficInfo","message":"A new revision will be deployed serving with 100% traffic."}]}],"sourceToken":"Cldwcm9qZWN0cy8yOTY3OTc5ODM5OTUvbG9jYXRpb25zL3VzLWNlbnRyYWwxL2J1aWxkcy83NWExM2M4ZS01ZTg0LTQ1NTYtOGZiZS0xYjc1MDAyYzc2OWMSZHVzLWNlbnRyYWwxLWRvY2tlci5wa2cuZGV2L2xpbmtpZnl1cmwvZ2NmLWFydGlmYWN0cy9saW5raWZ5dXJsX191cy0tY2VudHJhbDFfX2hlYWx0aF9jaGVjazp2ZXJzaW9uXzEY+6mn1NEIIj9wcm9qZWN0cy9saW5raWZ5dXJsL2xvY2F0aW9ucy91cy1jZW50cmFsMS9mdW5jdGlvbnMvaGVhbHRoQ2hlY2sqCwjn1ZnWBhDo29sCMghub2RlanMyMDp2CiNnY3IuaW8vZ2FlLXJ1bnRpbWVzL25vZGVqczIwOnN0YWJsZRJPdXMtY2VudHJhbDEtZG9ja2VyLnBrZy5kZXYvc2VydmVybGVzcy1ydW50aW1lcy9nb29nbGUtMjItZnVsbC9ydW50aW1lcy9ub2RlanMyMEAB","operationType":"UPDATE_FUNCTION","buildName":"projects/296797983995/locations/us-central1/builds/75a13c8e-5e84-4556-8fbe-1b75002c769c"},"done":false}
[debug] [2026-10-07T15:53:25.234Z] Got source token Cldwcm9qZWN0cy8yOTY3OTc5ODM5OTUvbG9jYXRpb25zL3VzLWNlbnRyYWwxL2J1aWxkcy83NWExM2M4ZS01ZTg0LTQ1NTYtOGZiZS0xYjc1MDAyYzc2OWMSZHVzLWNlbnRyYWwxLWRvY2tlci5wa2cuZGV2L2xpbmtpZnl1cmwvZ2NmLWFydGlmYWN0cy9saW5raWZ5dXJsX191cy0tY2VudHJhbDFfX2hlYWx0aF9jaGVjazp2ZXJzaW9uXzEY+6mn1NEIIj9wcm9qZWN0cy9saW5raWZ5dXJsL2xvY2F0aW9ucy91cy1jZW50cmFsMS9mdW5jdGlvbnMvaGVhbHRoQ2hlY2sqCwjn1ZnWBhDo29sCMghub2RlanMyMDp2CiNnY3IuaW8vZ2FlLXJ1bnRpbWVzL25vZGVqczIwOnN0YWJsZRJPdXMtY2VudHJhbDEtZG9ja2VyLnBrZy5kZXYvc2VydmVybGVzcy1ydW50aW1lcy9nb29nbGUtMjItZnVsbC9ydW50aW1lcy9ub2RlanMyMEAB for region us-central1
[debug] [2026-10-07T15:53:25.636Z] [update-default-us-central1-healthCheck] Retrying task index 0
[debug] [2026-10-07T15:53:25.637Z] Checked if tokens are valid: true, expires at: 1791391707805
[debug] [2026-10-07T15:53:25.637Z] Checked if tokens are valid: true, expires at: 1791391707805
[debug] [2026-10-07T15:53:25.637Z] >>> [apiv2][query] GET https://cloudfunctions.googleapis.com/v2/projects/linkifyurl/locations/us-central1/operations/operation-1791388241016-65d4213c2b5eb-e5a156fc-79aba313 [none]
[debug] [2026-10-07T15:53:26.481Z] <<< [apiv2][status] GET https://cloudfunctions.googleapis.com/v2/projects/linkifyurl/locations/us-central1/operations/operation-1791388241016-65d4213c2b5eb-e5a156fc-79aba313 200
[debug] [2026-10-07T15:53:26.481Z] <<< [apiv2][body] GET https://cloudfunctions.googleapis.com/v2/projects/linkifyurl/locations/us-central1/operations/operation-1791388241016-65d4213c2b5eb-e5a156fc-79aba313 {"name":"projects/linkifyurl/locations/us-central1/operations/operation-1791388241016-65d4213c2b5eb-e5a156fc-79aba313","metadata":{"@type":"type.googleapis.com/google.cloud.functions.v2.OperationMetadata","createTime":"2026-10-07T15:50:42.230161497Z","target":"projects/linkifyurl/locations/us-central1/functions/healthCheck","verb":"update","cancelRequested":false,"apiVersion":"v2","requestResource":{"@type":"type.googleapis.com/google.cloud.functions.v2.Function","name":"projects/linkifyurl/locations/us-central1/functions/healthCheck","buildConfig":{"runtime":"nodejs20","entryPoint":"healthCheck","source":{"storageSource":{"bucket":"gcf-v2-sources-296797983995-us-central1","object":"healthCheck/function-source.zip","generation":"1791388242170165"}},"environmentVariables":{"GOOGLE_NODE_RUN_SCRIPTS":""},"dockerRepository":"projects/linkifyurl/locations/us-central1/repositories/gcf-artifacts","sourceProvenance":{"resolvedStorageSource":{"bucket":"gcf-v2-sources-296797983995-us-central1","object":"healthCheck/function-source.zip","generation":"1778495315446897"}},"dockerRegistry":"ARTIFACT_REGISTRY","serviceAccount":"projects/linkifyurl/serviceAccounts/296797983995-compute@developer.gserviceaccount.com","automaticUpdatePolicy":{}},"serviceConfig":{"service":"projects/linkifyurl/locations/us-central1/services/healthcheck","timeoutSeconds":60,"environmentVariables":{"FIREBASE_CONFIG":"{\"projectId\":\"linkifyurl\",\"storageBucket\":\"linkifyurl.firebasestorage.app\"}","GCLOUD_PROJECT":"linkifyurl","EVENTARC_CLOUD_EVENT_SOURCE":"projects/linkifyurl/locations/us-central1/services/healthCheck","FUNCTION_TARGET":"healthCheck","LOG_EXECUTION_ID":"true"},"ingressSettings":"ALLOW_ALL","uri":"https://healthcheck-ck2bcwa72a-uc.a.run.app","serviceAccountEmail":"296797983995-compute@developer.gserviceaccount.com","availableMemory":"256Mi","allTrafficOnLatestRevision":true,"revision":"healthcheck-00007-rax","maxInstanceRequestConcurrency":80,"availableCpu":"1"},"state":"ACTIVE","labels":{"deployment-tool":"cli-firebase","firebase-functions-hash":"c65864b087821c1e69f48427bb4802a658056ea7"},"environment":"GEN_2","url":"https://us-central1-linkifyurl.cloudfunctions.net/healthCheck","satisfiesPzi":true},"stages":[{"name":"BUILD","message":"Build finished","state":"COMPLETE","resource":"projects/296797983995/locations/us-central1/builds/75a13c8e-5e84-4556-8fbe-1b75002c769c","resourceUri":"https://console.cloud.google.com/cloud-build/builds;region=us-central1/75a13c8e-5e84-4556-8fbe-1b75002c769c?project=296797983995","stateMessages":[{"severity":"WARNING","type":"BuildAnalysisWarning","message":"*** Improve build performance by generating and committing package-lock.json."}]},{"name":"SERVICE","message":"Updating Cloud Run service","state":"IN_PROGRESS","resource":"projects/linkifyurl/locations/us-central1/services/healthcheck","resourceUri":"https://console.cloud.google.com/run/detail/us-central1/healthcheck?project=linkifyurl","stateMessages":[{"severity":"INFO","type":"CloudRunServiceNewRevisionTrafficInfo","message":"A new revision will be deployed serving with 100% traffic."}]}],"sourceToken":"Cldwcm9qZWN0cy8yOTY3OTc5ODM5OTUvbG9jYXRpb25zL3VzLWNlbnRyYWwxL2J1aWxkcy83NWExM2M4ZS01ZTg0LTQ1NTYtOGZiZS0xYjc1MDAyYzc2OWMSZHVzLWNlbnRyYWwxLWRvY2tlci5wa2cuZGV2L2xpbmtpZnl1cmwvZ2NmLWFydGlmYWN0cy9saW5raWZ5dXJsX191cy0tY2VudHJhbDFfX2hlYWx0aF9jaGVjazp2ZXJzaW9uXzEY+6mn1NEIIj9wcm9qZWN0cy9saW5raWZ5dXJsL2xvY2F0aW9ucy91cy1jZW50cmFsMS9mdW5jdGlvbnMvaGVhbHRoQ2hlY2sqCwjn1ZnWBhDo29sCMghub2RlanMyMDp2CiNnY3IuaW8vZ2FlLXJ1bnRpbWVzL25vZGVqczIwOnN0YWJsZRJPdXMtY2VudHJhbDEtZG9ja2VyLnBrZy5kZXYvc2VydmVybGVzcy1ydW50aW1lcy9nb29nbGUtMjItZnVsbC9ydW50aW1lcy9ub2RlanMyMEAB","operationType":"UPDATE_FUNCTION","buildName":"projects/296797983995/locations/us-central1/builds/75a13c8e-5e84-4556-8fbe-1b75002c769c"},"done":false}
[debug] [2026-10-07T15:53:26.481Z] Got source token Cldwcm9qZWN0cy8yOTY3OTc5ODM5OTUvbG9jYXRpb25zL3VzLWNlbnRyYWwxL2J1aWxkcy83NWExM2M4ZS01ZTg0LTQ1NTYtOGZiZS0xYjc1MDAyYzc2OWMSZHVzLWNlbnRyYWwxLWRvY2tlci5wa2cuZGV2L2xpbmtpZnl1cmwvZ2NmLWFydGlmYWN0cy9saW5raWZ5dXJsX191cy0tY2VudHJhbDFfX2hlYWx0aF9jaGVjazp2ZXJzaW9uXzEY+6mn1NEIIj9wcm9qZWN0cy9saW5raWZ5dXJsL2xvY2F0aW9ucy91cy1jZW50cmFsMS9mdW5jdGlvbnMvaGVhbHRoQ2hlY2sqCwjn1ZnWBhDo29sCMghub2RlanMyMDp2CiNnY3IuaW8vZ2FlLXJ1bnRpbWVzL25vZGVqczIwOnN0YWJsZRJPdXMtY2VudHJhbDEtZG9ja2VyLnBrZy5kZXYvc2VydmVybGVzcy1ydW50aW1lcy9nb29nbGUtMjItZnVsbC9ydW50aW1lcy9ub2RlanMyMEAB for region us-central1
[debug] [2026-10-07T15:53:26.728Z] [update-default-us-central1-onClick_Aggregator] Retrying task index 0
[debug] [2026-10-07T15:53:26.728Z] Checked if tokens are valid: true, expires at: 1791391707805
[debug] [2026-10-07T15:53:26.728Z] Checked if tokens are valid: true, expires at: 1791391707805
[debug] [2026-10-07T15:53:26.728Z] >>> [apiv2][query] GET https://cloudfunctions.googleapis.com/v2/projects/linkifyurl/locations/us-central1/operations/operation-1791388396802-65d421d0bd2a0-0cfad7a3-71f0bb30 [none]
[debug] [2026-10-07T15:53:27.195Z] <<< [apiv2][status] GET https://cloudfunctions.googleapis.com/v2/projects/linkifyurl/locations/us-central1/operations/operation-1791388396802-65d421d0bd2a0-0cfad7a3-71f0bb30 200
[debug] [2026-10-07T15:53:27.195Z] <<< [apiv2][body] GET https://cloudfunctions.googleapis.com/v2/projects/linkifyurl/locations/us-central1/operations/operation-1791388396802-65d421d0bd2a0-0cfad7a3-71f0bb30 {"name":"projects/linkifyurl/locations/us-central1/operations/operation-1791388396802-65d421d0bd2a0-0cfad7a3-71f0bb30","metadata":{"@type":"type.googleapis.com/google.cloud.functions.v2.OperationMetadata","createTime":"2026-10-07T15:53:17.753323327Z","target":"projects/linkifyurl/locations/us-central1/functions/onClick_Aggregator","verb":"update","cancelRequested":false,"apiVersion":"v2","requestResource":{"@type":"type.googleapis.com/google.cloud.functions.v2.Function","name":"projects/linkifyurl/locations/us-central1/functions/onClick_Aggregator","buildConfig":{"runtime":"nodejs20","entryPoint":"onClick_Aggregator","source":{"storageSource":{"bucket":"gcf-v2-sources-296797983995-us-central1","object":"onClick_Aggregator/function-source.zip","generation":"1791388397695975"}},"environmentVariables":{"GOOGLE_NODE_RUN_SCRIPTS":""},"dockerRepository":"projects/linkifyurl/locations/us-central1/repositories/gcf-artifacts","sourceProvenance":{"resolvedStorageSource":{"bucket":"gcf-v2-sources-296797983995-us-central1","object":"onClick_Aggregator/function-source.zip","generation":"1778495414502066"}},"dockerRegistry":"ARTIFACT_REGISTRY","sourceToken":"Cldwcm9qZWN0cy8yOTY3OTc5ODM5OTUvbG9jYXRpb25zL3VzLWNlbnRyYWwxL2J1aWxkcy83NWExM2M4ZS01ZTg0LTQ1NTYtOGZiZS0xYjc1MDAyYzc2OWMSZHVzLWNlbnRyYWwxLWRvY2tlci5wa2cuZGV2L2xpbmtpZnl1cmwvZ2NmLWFydGlmYWN0cy9saW5raWZ5dXJsX191cy0tY2VudHJhbDFfX2hlYWx0aF9jaGVjazp2ZXJzaW9uXzEY+6mn1NEIIj9wcm9qZWN0cy9saW5raWZ5dXJsL2xvY2F0aW9ucy91cy1jZW50cmFsMS9mdW5jdGlvbnMvaGVhbHRoQ2hlY2sqCwjn1ZnWBhDo29sCMghub2RlanMyMDp2CiNnY3IuaW8vZ2FlLXJ1bnRpbWVzL25vZGVqczIwOnN0YWJsZRJPdXMtY2VudHJhbDEtZG9ja2VyLnBrZy5kZXYvc2VydmVybGVzcy1ydW50aW1lcy9nb29nbGUtMjItZnVsbC9ydW50aW1lcy9ub2RlanMyMEAB","serviceAccount":"projects/linkifyurl/serviceAccounts/296797983995-compute@developer.gserviceaccount.com","automaticUpdatePolicy":{}},"serviceConfig":{"service":"projects/linkifyurl/locations/us-central1/services/onclick-aggregator","timeoutSeconds":60,"environmentVariables":{"FIREBASE_CONFIG":"{\"projectId\":\"linkifyurl\",\"storageBucket\":\"linkifyurl.firebasestorage.app\"}","GCLOUD_PROJECT":"linkifyurl","EVENTARC_CLOUD_EVENT_SOURCE":"projects/linkifyurl/locations/us-central1/services/onClick_Aggregator","FUNCTION_SIGNATURE_TYPE":"cloudevent","FUNCTION_TARGET":"onClick_Aggregator","LOG_EXECUTION_ID":"true"},"ingressSettings":"ALLOW_ALL","uri":"https://onclick-aggregator-ck2bcwa72a-uc.a.run.app","serviceAccountEmail":"296797983995-compute@developer.gserviceaccount.com","availableMemory":"256Mi","allTrafficOnLatestRevision":true,"revision":"onclick-aggregator-00007-zev","maxInstanceRequestConcurrency":80,"availableCpu":"1"},"eventTrigger":{"trigger":"projects/linkifyurl/locations/nam5/triggers/onclick-aggregator-919171","triggerRegion":"nam5","eventType":"google.cloud.firestore.document.v1.created","eventFilters":[{"attribute":"database","value":"(default)"},{"attribute":"namespace","value":"(default)"},{"attribute":"document","value":"shortUrls/{shortCode}/clicks/{clickId}","operator":"match-path-pattern"}],"pubsubTopic":"projects/linkifyurl/topics/eventarc-nam5-onclick-aggregator-919171-819","serviceAccountEmail":"296797983995-compute@developer.gserviceaccount.com","retryPolicy":"RETRY_POLICY_DO_NOT_RETRY"},"state":"ACTIVE","labels":{"deployment-tool":"cli-firebase","firebase-functions-hash":"c65864b087821c1e69f48427bb4802a658056ea7"},"environment":"GEN_2","url":"https://us-central1-linkifyurl.cloudfunctions.net/onClick_Aggregator","satisfiesPzi":true},"stages":[{"name":"BUILD","message":"Reusing build","state":"COMPLETE","resource":"projects/296797983995/locations/us-central1/builds/75a13c8e-5e84-4556-8fbe-1b75002c769c","stateMessages":[{"severity":"WARNING","type":"BuildAnalysisWarning","message":"Node.js 20 is no longer supported by the Node.js community as of 30 April, 2026. Node.js 20 will be decommissioned on 2026-10-30. As of 2026-10-30 you will no longer be able to deploy your Cloud Functions using nodejs20. We recommend you to upgrade to the latest version of Node.js as soon as possible."}]},{"name":"SERVICE","message":"Updating Cloud Run service","state":"IN_PROGRESS","resource":"projects/linkifyurl/locations/us-central1/services/onclick-aggregator","resourceUri":"https://console.cloud.google.com/run/detail/us-central1/onclick-aggregator?project=linkifyurl","stateMessages":[{"severity":"INFO","type":"CloudRunServiceNewRevisionTrafficInfo","message":"A new revision will be deployed serving with 100% traffic."}]},{"name":"TRIGGER","state":"NOT_STARTED"}],"sourceToken":"Cldwcm9qZWN0cy8yOTY3OTc5ODM5OTUvbG9jYXRpb25zL3VzLWNlbnRyYWwxL2J1aWxkcy83NWExM2M4ZS01ZTg0LTQ1NTYtOGZiZS0xYjc1MDAyYzc2OWMSZHVzLWNlbnRyYWwxLWRvY2tlci5wa2cuZGV2L2xpbmtpZnl1cmwvZ2NmLWFydGlmYWN0cy9saW5raWZ5dXJsX191cy0tY2VudHJhbDFfX2hlYWx0aF9jaGVjazp2ZXJzaW9uXzEY+6mn1NEIIj9wcm9qZWN0cy9saW5raWZ5dXJsL2xvY2F0aW9ucy91cy1jZW50cmFsMS9mdW5jdGlvbnMvaGVhbHRoQ2hlY2sqCwjn1ZnWBhDo29sCMghub2RlanMyMDp2CiNnY3IuaW8vZ2FlLXJ1bnRpbWVzL25vZGVqczIwOnN0YWJsZRJPdXMtY2VudHJhbDEtZG9ja2VyLnBrZy5kZXYvc2VydmVybGVzcy1ydW50aW1lcy9nb29nbGUtMjItZnVsbC9ydW50aW1lcy9ub2RlanMyMEAB","operationType":"UPDATE_FUNCTION","buildName":"projects/296797983995/locations/us-central1/builds/75a13c8e-5e84-4556-8fbe-1b75002c769c"},"done":false}
[debug] [2026-10-07T15:53:27.195Z] Got source token Cldwcm9qZWN0cy8yOTY3OTc5ODM5OTUvbG9jYXRpb25zL3VzLWNlbnRyYWwxL2J1aWxkcy83NWExM2M4ZS01ZTg0LTQ1NTYtOGZiZS0xYjc1MDAyYzc2OWMSZHVzLWNlbnRyYWwxLWRvY2tlci5wa2cuZGV2L2xpbmtpZnl1cmwvZ2NmLWFydGlmYWN0cy9saW5raWZ5dXJsX191cy0tY2VudHJhbDFfX2hlYWx0aF9jaGVjazp2ZXJzaW9uXzEY+6mn1NEIIj9wcm9qZWN0cy9saW5raWZ5dXJsL2xvY2F0aW9ucy91cy1jZW50cmFsMS9mdW5jdGlvbnMvaGVhbHRoQ2hlY2sqCwjn1ZnWBhDo29sCMghub2RlanMyMDp2CiNnY3IuaW8vZ2FlLXJ1bnRpbWVzL25vZGVqczIwOnN0YWJsZRJPdXMtY2VudHJhbDEtZG9ja2VyLnBrZy5kZXYvc2VydmVybGVzcy1ydW50aW1lcy9nb29nbGUtMjItZnVsbC9ydW50aW1lcy9ub2RlanMyMEAB for region us-central1
[debug] [2026-10-07T15:53:27.298Z] <<< [apiv2][status] PATCH https://cloudfunctions.googleapis.com/v2/projects/linkifyurl/locations/us-central1/functions/trigger_onUserCreated_Welcome 200
[debug] [2026-10-07T15:53:27.298Z] <<< [apiv2][body] PATCH https://cloudfunctions.googleapis.com/v2/projects/linkifyurl/locations/us-central1/functions/trigger_onUserCreated_Welcome {"name":"projects/linkifyurl/locations/us-central1/operations/operation-1791388397318-65d421d13b0d6-d63befe1-5fce8960","metadata":{"@type":"type.googleapis.com/google.cloud.functions.v2.OperationMetadata","createTime":"2026-10-07T15:53:27.672069055Z","target":"projects/linkifyurl/locations/us-central1/functions/trigger_onUserCreated_Welcome","verb":"update","cancelRequested":false,"apiVersion":"v2"},"done":false}
[debug] [2026-10-07T15:53:27.299Z] Checked if tokens are valid: true, expires at: 1791391707805
[debug] [2026-10-07T15:53:27.299Z] Checked if tokens are valid: true, expires at: 1791391707805
[debug] [2026-10-07T15:53:27.299Z] >>> [apiv2][query] GET https://cloudfunctions.googleapis.com/v2/projects/linkifyurl/locations/us-central1/operations/operation-1791388397318-65d421d13b0d6-d63befe1-5fce8960 [none]
[debug] [2026-10-07T15:53:27.478Z] [update-default-us-central1-callable_sendShortenedEmail] Retrying task index 0
[debug] [2026-10-07T15:53:27.478Z] Checked if tokens are valid: true, expires at: 1791391707805
[debug] [2026-10-07T15:53:27.478Z] Checked if tokens are valid: true, expires at: 1791391707805
[debug] [2026-10-07T15:53:27.478Z] >>> [apiv2][query] GET https://cloudfunctions.googleapis.com/v2/projects/linkifyurl/locations/us-central1/operations/operation-1791388396937-65d421d0de1aa-27e33cf7-fe91275b [none]
[debug] [2026-10-07T15:53:27.775Z] [update-default-us-central1-trigger_onUrlShortened_Confirmation] Retrying task index 0
[debug] [2026-10-07T15:53:27.775Z] Checked if tokens are valid: true, expires at: 1791391707805
[debug] [2026-10-07T15:53:27.775Z] Checked if tokens are valid: true, expires at: 1791391707805
[debug] [2026-10-07T15:53:27.776Z] >>> [apiv2][query] GET https://cloudfunctions.googleapis.com/v2/projects/linkifyurl/locations/us-central1/operations/operation-1791388397303-65d421d137668-6bd487f9-66a48f71 [none]
[debug] [2026-10-07T15:53:27.843Z] [update-default-us-central1-onPlatformEvent_Aggregator] Retrying task index 0
[debug] [2026-10-07T15:53:27.843Z] Checked if tokens are valid: true, expires at: 1791391707805
[debug] [2026-10-07T15:53:27.843Z] Checked if tokens are valid: true, expires at: 1791391707805
[debug] [2026-10-07T15:53:27.843Z] >>> [apiv2][query] GET https://cloudfunctions.googleapis.com/v2/projects/linkifyurl/locations/us-central1/operations/operation-1791388396770-65d421d0b543e-1e6c9f9d-eca263ae [none]
[debug] [2026-10-07T15:53:28.221Z] <<< [apiv2][status] GET https://cloudfunctions.googleapis.com/v2/projects/linkifyurl/locations/us-central1/operations/operation-1791388397318-65d421d13b0d6-d63befe1-5fce8960 200
[debug] [2026-10-07T15:53:28.221Z] <<< [apiv2][body] GET https://cloudfunctions.googleapis.com/v2/projects/linkifyurl/locations/us-central1/operations/operation-1791388397318-65d421d13b0d6-d63befe1-5fce8960 {"name":"projects/linkifyurl/locations/us-central1/operations/operation-1791388397318-65d421d13b0d6-d63befe1-5fce8960","metadata":{"@type":"type.googleapis.com/google.cloud.functions.v2.OperationMetadata","createTime":"2026-10-07T15:53:27.672069055Z","target":"projects/linkifyurl/locations/us-central1/functions/trigger_onUserCreated_Welcome","verb":"update","cancelRequested":false,"apiVersion":"v2","requestResource":{"@type":"type.googleapis.com/google.cloud.functions.v2.Function","name":"projects/linkifyurl/locations/us-central1/functions/trigger_onUserCreated_Welcome","buildConfig":{"runtime":"nodejs20","entryPoint":"trigger_onUserCreated_Welcome","source":{"storageSource":{"bucket":"gcf-v2-sources-296797983995-us-central1","object":"trigger_onUserCreated_Welcome/function-source.zip","generation":"1791388407614237"}},"environmentVariables":{"GOOGLE_NODE_RUN_SCRIPTS":""},"dockerRepository":"projects/linkifyurl/locations/us-central1/repositories/gcf-artifacts","sourceProvenance":{"resolvedStorageSource":{"bucket":"gcf-v2-sources-296797983995-us-central1","object":"trigger_onUserCreated_Welcome/function-source.zip","generation":"1778495414510794"}},"dockerRegistry":"ARTIFACT_REGISTRY","sourceToken":"Cldwcm9qZWN0cy8yOTY3OTc5ODM5OTUvbG9jYXRpb25zL3VzLWNlbnRyYWwxL2J1aWxkcy83NWExM2M4ZS01ZTg0LTQ1NTYtOGZiZS0xYjc1MDAyYzc2OWMSZHVzLWNlbnRyYWwxLWRvY2tlci5wa2cuZGV2L2xpbmtpZnl1cmwvZ2NmLWFydGlmYWN0cy9saW5raWZ5dXJsX191cy0tY2VudHJhbDFfX2hlYWx0aF9jaGVjazp2ZXJzaW9uXzEY+6mn1NEIIj9wcm9qZWN0cy9saW5raWZ5dXJsL2xvY2F0aW9ucy91cy1jZW50cmFsMS9mdW5jdGlvbnMvaGVhbHRoQ2hlY2sqCwjn1ZnWBhDo29sCMghub2RlanMyMDp2CiNnY3IuaW8vZ2FlLXJ1bnRpbWVzL25vZGVqczIwOnN0YWJsZRJPdXMtY2VudHJhbDEtZG9ja2VyLnBrZy5kZXYvc2VydmVybGVzcy1ydW50aW1lcy9nb29nbGUtMjItZnVsbC9ydW50aW1lcy9ub2RlanMyMEAB","serviceAccount":"projects/linkifyurl/serviceAccounts/296797983995-compute@developer.gserviceaccount.com","automaticUpdatePolicy":{}},"serviceConfig":{"service":"projects/linkifyurl/locations/us-central1/services/trigger-onusercreated-welcome","timeoutSeconds":60,"environmentVariables":{"FIREBASE_CONFIG":"{\"projectId\":\"linkifyurl\",\"storageBucket\":\"linkifyurl.firebasestorage.app\"}","GCLOUD_PROJECT":"linkifyurl","EVENTARC_CLOUD_EVENT_SOURCE":"projects/linkifyurl/locations/us-central1/services/trigger_onUserCreated_Welcome","FUNCTION_SIGNATURE_TYPE":"cloudevent","FUNCTION_TARGET":"trigger_onUserCreated_Welcome","LOG_EXECUTION_ID":"true"},"ingressSettings":"ALLOW_ALL","uri":"https://trigger-onusercreated-welcome-ck2bcwa72a-uc.a.run.app","serviceAccountEmail":"296797983995-compute@developer.gserviceaccount.com","availableMemory":"256Mi","allTrafficOnLatestRevision":true,"secretEnvironmentVariables":[{"key":"gmailUser","projectId":"linkifyurl","secret":"gmailUser","version":"1"},{"key":"gmailPass","projectId":"linkifyurl","secret":"gmailPass","version":"1"}],"revision":"trigger-onusercreated-welcome-00007-mug","maxInstanceRequestConcurrency":80,"availableCpu":"1"},"eventTrigger":{"trigger":"projects/linkifyurl/locations/nam5/triggers/trigger-onusercreated-welcome-570184","triggerRegion":"nam5","eventType":"google.cloud.firestore.document.v1.created","eventFilters":[{"attribute":"database","value":"(default)"},{"attribute":"namespace","value":"(default)"},{"attribute":"document","value":"users/{userId}","operator":"match-path-pattern"}],"pubsubTopic":"projects/linkifyurl/topics/eventarc-nam5-trigger-onusercreated-welcome-570184-323","serviceAccountEmail":"296797983995-compute@developer.gserviceaccount.com","retryPolicy":"RETRY_POLICY_DO_NOT_RETRY"},"state":"ACTIVE","labels":{"deployment-tool":"cli-firebase","firebase-functions-hash":"7871e1ab9823eae01c37484398d5895a889267f5"},"environment":"GEN_2","url":"https://us-central1-linkifyurl.cloudfunctions.net/trigger_onUserCreated_Welcome","satisfiesPzi":true},"stages":[{"name":"BUILD","message":"Reusing build","state":"COMPLETE","resource":"projects/296797983995/locations/us-central1/builds/75a13c8e-5e84-4556-8fbe-1b75002c769c","stateMessages":[{"severity":"WARNING","type":"BuildAnalysisWarning","message":"Node.js 20 is no longer supported by the Node.js community as of 30 April, 2026. Node.js 20 will be decommissioned on 2026-10-30. As of 2026-10-30 you will no longer be able to deploy your Cloud Functions using nodejs20. We recommend you to upgrade to the latest version of Node.js as soon as possible."}]},{"name":"SERVICE","message":"Updating Cloud Run service","state":"IN_PROGRESS","resource":"projects/linkifyurl/locations/us-central1/services/trigger-onusercreated-welcome","resourceUri":"https://console.cloud.google.com/run/detail/us-central1/trigger-onusercreated-welcome?project=linkifyurl","stateMessages":[{"severity":"INFO","type":"CloudRunServiceNewRevisionTrafficInfo","message":"A new revision will be deployed serving with 100% traffic."}]},{"name":"TRIGGER","state":"NOT_STARTED"}],"sourceToken":"Cldwcm9qZWN0cy8yOTY3OTc5ODM5OTUvbG9jYXRpb25zL3VzLWNlbnRyYWwxL2J1aWxkcy83NWExM2M4ZS01ZTg0LTQ1NTYtOGZiZS0xYjc1MDAyYzc2OWMSZHVzLWNlbnRyYWwxLWRvY2tlci5wa2cuZGV2L2xpbmtpZnl1cmwvZ2NmLWFydGlmYWN0cy9saW5raWZ5dXJsX191cy0tY2VudHJhbDFfX2hlYWx0aF9jaGVjazp2ZXJzaW9uXzEY+6mn1NEIIj9wcm9qZWN0cy9saW5raWZ5dXJsL2xvY2F0aW9ucy91cy1jZW50cmFsMS9mdW5jdGlvbnMvaGVhbHRoQ2hlY2sqCwjn1ZnWBhDo29sCMghub2RlanMyMDp2CiNnY3IuaW8vZ2FlLXJ1bnRpbWVzL25vZGVqczIwOnN0YWJsZRJPdXMtY2VudHJhbDEtZG9ja2VyLnBrZy5kZXYvc2VydmVybGVzcy1ydW50aW1lcy9nb29nbGUtMjItZnVsbC9ydW50aW1lcy9ub2RlanMyMEAB","operationType":"UPDATE_FUNCTION","buildName":"projects/296797983995/locations/us-central1/builds/75a13c8e-5e84-4556-8fbe-1b75002c769c"},"done":false}
[debug] [2026-10-07T15:53:28.221Z] Got source token Cldwcm9qZWN0cy8yOTY3OTc5ODM5OTUvbG9jYXRpb25zL3VzLWNlbnRyYWwxL2J1aWxkcy83NWExM2M4ZS01ZTg0LTQ1NTYtOGZiZS0xYjc1MDAyYzc2OWMSZHVzLWNlbnRyYWwxLWRvY2tlci5wa2cuZGV2L2xpbmtpZnl1cmwvZ2NmLWFydGlmYWN0cy9saW5raWZ5dXJsX191cy0tY2VudHJhbDFfX2hlYWx0aF9jaGVjazp2ZXJzaW9uXzEY+6mn1NEIIj9wcm9qZWN0cy9saW5raWZ5dXJsL2xvY2F0aW9ucy91cy1jZW50cmFsMS9mdW5jdGlvbnMvaGVhbHRoQ2hlY2sqCwjn1ZnWBhDo29sCMghub2RlanMyMDp2CiNnY3IuaW8vZ2FlLXJ1bnRpbWVzL25vZGVqczIwOnN0YWJsZRJPdXMtY2VudHJhbDEtZG9ja2VyLnBrZy5kZXYvc2VydmVybGVzcy1ydW50aW1lcy9nb29nbGUtMjItZnVsbC9ydW50aW1lcy9ub2RlanMyMEAB for region us-central1
[debug] [2026-10-07T15:53:28.354Z] <<< [apiv2][status] GET https://cloudfunctions.googleapis.com/v2/projects/linkifyurl/locations/us-central1/operations/operation-1791388396937-65d421d0de1aa-27e33cf7-fe91275b 200
[debug] [2026-10-07T15:53:28.354Z] <<< [apiv2][body] GET https://cloudfunctions.googleapis.com/v2/projects/linkifyurl/locations/us-central1/operations/operation-1791388396937-65d421d0de1aa-27e33cf7-fe91275b {"name":"projects/linkifyurl/locations/us-central1/operations/operation-1791388396937-65d421d0de1aa-27e33cf7-fe91275b","metadata":{"@type":"type.googleapis.com/google.cloud.functions.v2.OperationMetadata","createTime":"2026-10-07T15:53:17.813490665Z","target":"projects/linkifyurl/locations/us-central1/functions/callable_sendShortenedEmail","verb":"update","cancelRequested":false,"apiVersion":"v2","requestResource":{"@type":"type.googleapis.com/google.cloud.functions.v2.Function","name":"projects/linkifyurl/locations/us-central1/functions/callable_sendShortenedEmail","buildConfig":{"runtime":"nodejs20","entryPoint":"callable_sendShortenedEmail","source":{"storageSource":{"bucket":"gcf-v2-sources-296797983995-us-central1","object":"callable_sendShortenedEmail/function-source.zip","generation":"1791388397758775"}},"environmentVariables":{"GOOGLE_NODE_RUN_SCRIPTS":""},"dockerRepository":"projects/linkifyurl/locations/us-central1/repositories/gcf-artifacts","sourceProvenance":{"resolvedStorageSource":{"bucket":"gcf-v2-sources-296797983995-us-central1","object":"callable_sendShortenedEmail/function-source.zip","generation":"1778495414195727"}},"dockerRegistry":"ARTIFACT_REGISTRY","sourceToken":"Cldwcm9qZWN0cy8yOTY3OTc5ODM5OTUvbG9jYXRpb25zL3VzLWNlbnRyYWwxL2J1aWxkcy83NWExM2M4ZS01ZTg0LTQ1NTYtOGZiZS0xYjc1MDAyYzc2OWMSZHVzLWNlbnRyYWwxLWRvY2tlci5wa2cuZGV2L2xpbmtpZnl1cmwvZ2NmLWFydGlmYWN0cy9saW5raWZ5dXJsX191cy0tY2VudHJhbDFfX2hlYWx0aF9jaGVjazp2ZXJzaW9uXzEY+6mn1NEIIj9wcm9qZWN0cy9saW5raWZ5dXJsL2xvY2F0aW9ucy91cy1jZW50cmFsMS9mdW5jdGlvbnMvaGVhbHRoQ2hlY2sqCwjn1ZnWBhDo29sCMghub2RlanMyMDp2CiNnY3IuaW8vZ2FlLXJ1bnRpbWVzL25vZGVqczIwOnN0YWJsZRJPdXMtY2VudHJhbDEtZG9ja2VyLnBrZy5kZXYvc2VydmVybGVzcy1ydW50aW1lcy9nb29nbGUtMjItZnVsbC9ydW50aW1lcy9ub2RlanMyMEAB","serviceAccount":"projects/linkifyurl/serviceAccounts/296797983995-compute@developer.gserviceaccount.com","automaticUpdatePolicy":{}},"serviceConfig":{"service":"projects/linkifyurl/locations/us-central1/services/callable-sendshortenedemail","timeoutSeconds":60,"environmentVariables":{"FIREBASE_CONFIG":"{\"projectId\":\"linkifyurl\",\"storageBucket\":\"linkifyurl.firebasestorage.app\"}","GCLOUD_PROJECT":"linkifyurl","EVENTARC_CLOUD_EVENT_SOURCE":"projects/linkifyurl/locations/us-central1/services/callable_sendShortenedEmail","FUNCTION_TARGET":"callable_sendShortenedEmail","LOG_EXECUTION_ID":"true","FUNCTION_SIGNATURE_TYPE":"http"},"ingressSettings":"ALLOW_ALL","uri":"https://callable-sendshortenedemail-ck2bcwa72a-uc.a.run.app","serviceAccountEmail":"296797983995-compute@developer.gserviceaccount.com","availableMemory":"256Mi","allTrafficOnLatestRevision":true,"secretEnvironmentVariables":[{"key":"gmailUser","projectId":"linkifyurl","secret":"gmailUser","version":"1"},{"key":"gmailPass","projectId":"linkifyurl","secret":"gmailPass","version":"1"}],"revision":"callable-sendshortenedemail-00007-nuh","maxInstanceRequestConcurrency":80,"availableCpu":"1"},"state":"ACTIVE","labels":{"deployment-tool":"cli-firebase","deployment-callable":"true","firebase-functions-hash":"7871e1ab9823eae01c37484398d5895a889267f5"},"environment":"GEN_2","url":"https://us-central1-linkifyurl.cloudfunctions.net/callable_sendShortenedEmail","satisfiesPzi":true},"stages":[{"name":"BUILD","message":"Reusing build","state":"COMPLETE","resource":"projects/296797983995/locations/us-central1/builds/75a13c8e-5e84-4556-8fbe-1b75002c769c","stateMessages":[{"severity":"WARNING","type":"BuildAnalysisWarning","message":"Node.js 20 is no longer supported by the Node.js community as of 30 April, 2026. Node.js 20 will be decommissioned on 2026-10-30. As of 2026-10-30 you will no longer be able to deploy your Cloud Functions using nodejs20. We recommend you to upgrade to the latest version of Node.js as soon as possible."}]},{"name":"SERVICE","message":"Updating Cloud Run service","state":"IN_PROGRESS","resource":"projects/linkifyurl/locations/us-central1/services/callable-sendshortenedemail","resourceUri":"https://console.cloud.google.com/run/detail/us-central1/callable-sendshortenedemail?project=linkifyurl","stateMessages":[{"severity":"INFO","type":"CloudRunServiceNewRevisionTrafficInfo","message":"A new revision will be deployed serving with 100% traffic."}]}],"sourceToken":"Cldwcm9qZWN0cy8yOTY3OTc5ODM5OTUvbG9jYXRpb25zL3VzLWNlbnRyYWwxL2J1aWxkcy83NWExM2M4ZS01ZTg0LTQ1NTYtOGZiZS0xYjc1MDAyYzc2OWMSZHVzLWNlbnRyYWwxLWRvY2tlci5wa2cuZGV2L2xpbmtpZnl1cmwvZ2NmLWFydGlmYWN0cy9saW5raWZ5dXJsX191cy0tY2VudHJhbDFfX2hlYWx0aF9jaGVjazp2ZXJzaW9uXzEY+6mn1NEIIj9wcm9qZWN0cy9saW5raWZ5dXJsL2xvY2F0aW9ucy91cy1jZW50cmFsMS9mdW5jdGlvbnMvaGVhbHRoQ2hlY2sqCwjn1ZnWBhDo29sCMghub2RlanMyMDp2CiNnY3IuaW8vZ2FlLXJ1bnRpbWVzL25vZGVqczIwOnN0YWJsZRJPdXMtY2VudHJhbDEtZG9ja2VyLnBrZy5kZXYvc2VydmVybGVzcy1ydW50aW1lcy9nb29nbGUtMjItZnVsbC9ydW50aW1lcy9ub2RlanMyMEAB","operationType":"UPDATE_FUNCTION","buildName":"projects/296797983995/locations/us-central1/builds/75a13c8e-5e84-4556-8fbe-1b75002c769c"},"done":false}
[debug] [2026-10-07T15:53:28.354Z] Got source token Cldwcm9qZWN0cy8yOTY3OTc5ODM5OTUvbG9jYXRpb25zL3VzLWNlbnRyYWwxL2J1aWxkcy83NWExM2M4ZS01ZTg0LTQ1NTYtOGZiZS0xYjc1MDAyYzc2OWMSZHVzLWNlbnRyYWwxLWRvY2tlci5wa2cuZGV2L2xpbmtpZnl1cmwvZ2NmLWFydGlmYWN0cy9saW5raWZ5dXJsX191cy0tY2VudHJhbDFfX2hlYWx0aF9jaGVjazp2ZXJzaW9uXzEY+6mn1NEIIj9wcm9qZWN0cy9saW5raWZ5dXJsL2xvY2F0aW9ucy91cy1jZW50cmFsMS9mdW5jdGlvbnMvaGVhbHRoQ2hlY2sqCwjn1ZnWBhDo29sCMghub2RlanMyMDp2CiNnY3IuaW8vZ2FlLXJ1bnRpbWVzL25vZGVqczIwOnN0YWJsZRJPdXMtY2VudHJhbDEtZG9ja2VyLnBrZy5kZXYvc2VydmVybGVzcy1ydW50aW1lcy9nb29nbGUtMjItZnVsbC9ydW50aW1lcy9ub2RlanMyMEAB for region us-central1
[debug] [2026-10-07T15:53:28.683Z] <<< [apiv2][status] GET https://cloudfunctions.googleapis.com/v2/projects/linkifyurl/locations/us-central1/operations/operation-1791388397303-65d421d137668-6bd487f9-66a48f71 200
[debug] [2026-10-07T15:53:28.683Z] <<< [apiv2][body] GET https://cloudfunctions.googleapis.com/v2/projects/linkifyurl/locations/us-central1/operations/operation-1791388397303-65d421d137668-6bd487f9-66a48f71 {"name":"projects/linkifyurl/locations/us-central1/operations/operation-1791388397303-65d421d137668-6bd487f9-66a48f71","metadata":{"@type":"type.googleapis.com/google.cloud.functions.v2.OperationMetadata","createTime":"2026-10-07T15:53:18.227685369Z","target":"projects/linkifyurl/locations/us-central1/functions/trigger_onUrlShortened_Confirmation","verb":"update","cancelRequested":false,"apiVersion":"v2","requestResource":{"@type":"type.googleapis.com/google.cloud.functions.v2.Function","name":"projects/linkifyurl/locations/us-central1/functions/trigger_onUrlShortened_Confirmation","buildConfig":{"runtime":"nodejs20","entryPoint":"trigger_onUrlShortened_Confirmation","source":{"storageSource":{"bucket":"gcf-v2-sources-296797983995-us-central1","object":"trigger_onUrlShortened_Confirmation/function-source.zip","generation":"1791388398174235"}},"environmentVariables":{"GOOGLE_NODE_RUN_SCRIPTS":""},"dockerRepository":"projects/linkifyurl/locations/us-central1/repositories/gcf-artifacts","sourceProvenance":{"resolvedStorageSource":{"bucket":"gcf-v2-sources-296797983995-us-central1","object":"trigger_onUrlShortened_Confirmation/function-source.zip","generation":"1778495414577561"}},"dockerRegistry":"ARTIFACT_REGISTRY","sourceToken":"Cldwcm9qZWN0cy8yOTY3OTc5ODM5OTUvbG9jYXRpb25zL3VzLWNlbnRyYWwxL2J1aWxkcy83NWExM2M4ZS01ZTg0LTQ1NTYtOGZiZS0xYjc1MDAyYzc2OWMSZHVzLWNlbnRyYWwxLWRvY2tlci5wa2cuZGV2L2xpbmtpZnl1cmwvZ2NmLWFydGlmYWN0cy9saW5raWZ5dXJsX191cy0tY2VudHJhbDFfX2hlYWx0aF9jaGVjazp2ZXJzaW9uXzEY+6mn1NEIIj9wcm9qZWN0cy9saW5raWZ5dXJsL2xvY2F0aW9ucy91cy1jZW50cmFsMS9mdW5jdGlvbnMvaGVhbHRoQ2hlY2sqCwjn1ZnWBhDo29sCMghub2RlanMyMDp2CiNnY3IuaW8vZ2FlLXJ1bnRpbWVzL25vZGVqczIwOnN0YWJsZRJPdXMtY2VudHJhbDEtZG9ja2VyLnBrZy5kZXYvc2VydmVybGVzcy1ydW50aW1lcy9nb29nbGUtMjItZnVsbC9ydW50aW1lcy9ub2RlanMyMEAB","serviceAccount":"projects/linkifyurl/serviceAccounts/296797983995-compute@developer.gserviceaccount.com","automaticUpdatePolicy":{}},"serviceConfig":{"service":"projects/linkifyurl/locations/us-central1/services/trigger-onurlshortened-confirmation","timeoutSeconds":60,"environmentVariables":{"FIREBASE_CONFIG":"{\"projectId\":\"linkifyurl\",\"storageBucket\":\"linkifyurl.firebasestorage.app\"}","GCLOUD_PROJECT":"linkifyurl","EVENTARC_CLOUD_EVENT_SOURCE":"projects/linkifyurl/locations/us-central1/services/trigger_onUrlShortened_Confirmation","FUNCTION_SIGNATURE_TYPE":"cloudevent","FUNCTION_TARGET":"trigger_onUrlShortened_Confirmation","LOG_EXECUTION_ID":"true"},"ingressSettings":"ALLOW_ALL","uri":"https://trigger-onurlshortened-confirmation-ck2bcwa72a-uc.a.run.app","serviceAccountEmail":"296797983995-compute@developer.gserviceaccount.com","availableMemory":"256Mi","allTrafficOnLatestRevision":true,"secretEnvironmentVariables":[{"key":"gmailUser","projectId":"linkifyurl","secret":"gmailUser","version":"1"},{"key":"gmailPass","projectId":"linkifyurl","secret":"gmailPass","version":"1"}],"revision":"trigger-onurlshortened-confirmation-00007-bac","maxInstanceRequestConcurrency":80,"availableCpu":"1"},"eventTrigger":{"trigger":"projects/linkifyurl/locations/nam5/triggers/trigger-onurlshortened-confirmation-330601","triggerRegion":"nam5","eventType":"google.cloud.firestore.document.v1.created","eventFilters":[{"attribute":"database","value":"(default)"},{"attribute":"namespace","value":"(default)"},{"attribute":"document","value":"shortUrls/{shortCode}","operator":"match-path-pattern"}],"pubsubTopic":"projects/linkifyurl/topics/eventarc-nam5-trigger-onurlshortened-confirmation-330601-739","serviceAccountEmail":"296797983995-compute@developer.gserviceaccount.com","retryPolicy":"RETRY_POLICY_DO_NOT_RETRY"},"state":"ACTIVE","labels":{"deployment-tool":"cli-firebase","firebase-functions-hash":"7871e1ab9823eae01c37484398d5895a889267f5"},"environment":"GEN_2","url":"https://us-central1-linkifyurl.cloudfunctions.net/trigger_onUrlShortened_Confirmation","satisfiesPzi":true},"stages":[{"name":"BUILD","message":"Reusing build","state":"COMPLETE","resource":"projects/296797983995/locations/us-central1/builds/75a13c8e-5e84-4556-8fbe-1b75002c769c","stateMessages":[{"severity":"WARNING","type":"BuildAnalysisWarning","message":"Node.js 20 is no longer supported by the Node.js community as of 30 April, 2026. Node.js 20 will be decommissioned on 2026-10-30. As of 2026-10-30 you will no longer be able to deploy your Cloud Functions using nodejs20. We recommend you to upgrade to the latest version of Node.js as soon as possible."}]},{"name":"SERVICE","message":"Updating Cloud Run service","state":"IN_PROGRESS","resource":"projects/linkifyurl/locations/us-central1/services/trigger-onurlshortened-confirmation","resourceUri":"https://console.cloud.google.com/run/detail/us-central1/trigger-onurlshortened-confirmation?project=linkifyurl","stateMessages":[{"severity":"INFO","type":"CloudRunServiceNewRevisionTrafficInfo","message":"A new revision will be deployed serving with 100% traffic."}]},{"name":"TRIGGER","state":"NOT_STARTED"}],"sourceToken":"Cldwcm9qZWN0cy8yOTY3OTc5ODM5OTUvbG9jYXRpb25zL3VzLWNlbnRyYWwxL2J1aWxkcy83NWExM2M4ZS01ZTg0LTQ1NTYtOGZiZS0xYjc1MDAyYzc2OWMSZHVzLWNlbnRyYWwxLWRvY2tlci5wa2cuZGV2L2xpbmtpZnl1cmwvZ2NmLWFydGlmYWN0cy9saW5raWZ5dXJsX191cy0tY2VudHJhbDFfX2hlYWx0aF9jaGVjazp2ZXJzaW9uXzEY+6mn1NEIIj9wcm9qZWN0cy9saW5raWZ5dXJsL2xvY2F0aW9ucy91cy1jZW50cmFsMS9mdW5jdGlvbnMvaGVhbHRoQ2hlY2sqCwjn1ZnWBhDo29sCMghub2RlanMyMDp2CiNnY3IuaW8vZ2FlLXJ1bnRpbWVzL25vZGVqczIwOnN0YWJsZRJPdXMtY2VudHJhbDEtZG9ja2VyLnBrZy5kZXYvc2VydmVybGVzcy1ydW50aW1lcy9nb29nbGUtMjItZnVsbC9ydW50aW1lcy9ub2RlanMyMEAB","operationType":"UPDATE_FUNCTION","buildName":"projects/296797983995/locations/us-central1/builds/75a13c8e-5e84-4556-8fbe-1b75002c769c"},"done":false}
[debug] [2026-10-07T15:53:28.683Z] Got source token Cldwcm9qZWN0cy8yOTY3OTc5ODM5OTUvbG9jYXRpb25zL3VzLWNlbnRyYWwxL2J1aWxkcy83NWExM2M4ZS01ZTg0LTQ1NTYtOGZiZS0xYjc1MDAyYzc2OWMSZHVzLWNlbnRyYWwxLWRvY2tlci5wa2cuZGV2L2xpbmtpZnl1cmwvZ2NmLWFydGlmYWN0cy9saW5raWZ5dXJsX191cy0tY2VudHJhbDFfX2hlYWx0aF9jaGVjazp2ZXJzaW9uXzEY+6mn1NEIIj9wcm9qZWN0cy9saW5raWZ5dXJsL2xvY2F0aW9ucy91cy1jZW50cmFsMS9mdW5jdGlvbnMvaGVhbHRoQ2hlY2sqCwjn1ZnWBhDo29sCMghub2RlanMyMDp2CiNnY3IuaW8vZ2FlLXJ1bnRpbWVzL25vZGVqczIwOnN0YWJsZRJPdXMtY2VudHJhbDEtZG9ja2VyLnBrZy5kZXYvc2VydmVybGVzcy1ydW50aW1lcy9nb29nbGUtMjItZnVsbC9ydW50aW1lcy9ub2RlanMyMEAB for region us-central1
[debug] [2026-10-07T15:53:28.722Z] [update-default-us-central1-trigger_onUserCreated_Welcome] Retrying task index 0
[debug] [2026-10-07T15:53:28.722Z] Checked if tokens are valid: true, expires at: 1791391707805
[debug] [2026-10-07T15:53:28.722Z] Checked if tokens are valid: true, expires at: 1791391707805
[debug] [2026-10-07T15:53:28.722Z] >>> [apiv2][query] GET https://cloudfunctions.googleapis.com/v2/projects/linkifyurl/locations/us-central1/operations/operation-1791388397318-65d421d13b0d6-d63befe1-5fce8960 [none]
[debug] [2026-10-07T15:53:29.002Z] <<< [apiv2][status] GET https://cloudfunctions.googleapis.com/v2/projects/linkifyurl/locations/us-central1/operations/operation-1791388396770-65d421d0b543e-1e6c9f9d-eca263ae 200
[debug] [2026-10-07T15:53:29.002Z] <<< [apiv2][body] GET https://cloudfunctions.googleapis.com/v2/projects/linkifyurl/locations/us-central1/operations/operation-1791388396770-65d421d0b543e-1e6c9f9d-eca263ae {"name":"projects/linkifyurl/locations/us-central1/operations/operation-1791388396770-65d421d0b543e-1e6c9f9d-eca263ae","metadata":{"@type":"type.googleapis.com/google.cloud.functions.v2.OperationMetadata","createTime":"2026-10-07T15:53:17.688652443Z","target":"projects/linkifyurl/locations/us-central1/functions/onPlatformEvent_Aggregator","verb":"update","cancelRequested":false,"apiVersion":"v2","requestResource":{"@type":"type.googleapis.com/google.cloud.functions.v2.Function","name":"projects/linkifyurl/locations/us-central1/functions/onPlatformEvent_Aggregator","buildConfig":{"runtime":"nodejs20","entryPoint":"onPlatformEvent_Aggregator","source":{"storageSource":{"bucket":"gcf-v2-sources-296797983995-us-central1","object":"onPlatformEvent_Aggregator/function-source.zip","generation":"1791388397640489"}},"environmentVariables":{"GOOGLE_NODE_RUN_SCRIPTS":""},"dockerRepository":"projects/linkifyurl/locations/us-central1/repositories/gcf-artifacts","sourceProvenance":{"resolvedStorageSource":{"bucket":"gcf-v2-sources-296797983995-us-central1","object":"onPlatformEvent_Aggregator/function-source.zip","generation":"1778495414557412"}},"dockerRegistry":"ARTIFACT_REGISTRY","sourceToken":"Cldwcm9qZWN0cy8yOTY3OTc5ODM5OTUvbG9jYXRpb25zL3VzLWNlbnRyYWwxL2J1aWxkcy83NWExM2M4ZS01ZTg0LTQ1NTYtOGZiZS0xYjc1MDAyYzc2OWMSZHVzLWNlbnRyYWwxLWRvY2tlci5wa2cuZGV2L2xpbmtpZnl1cmwvZ2NmLWFydGlmYWN0cy9saW5raWZ5dXJsX191cy0tY2VudHJhbDFfX2hlYWx0aF9jaGVjazp2ZXJzaW9uXzEY+6mn1NEIIj9wcm9qZWN0cy9saW5raWZ5dXJsL2xvY2F0aW9ucy91cy1jZW50cmFsMS9mdW5jdGlvbnMvaGVhbHRoQ2hlY2sqCwjn1ZnWBhDo29sCMghub2RlanMyMDp2CiNnY3IuaW8vZ2FlLXJ1bnRpbWVzL25vZGVqczIwOnN0YWJsZRJPdXMtY2VudHJhbDEtZG9ja2VyLnBrZy5kZXYvc2VydmVybGVzcy1ydW50aW1lcy9nb29nbGUtMjItZnVsbC9ydW50aW1lcy9ub2RlanMyMEAB","serviceAccount":"projects/linkifyurl/serviceAccounts/296797983995-compute@developer.gserviceaccount.com","automaticUpdatePolicy":{}},"serviceConfig":{"service":"projects/linkifyurl/locations/us-central1/services/onplatformevent-aggregator","timeoutSeconds":60,"environmentVariables":{"FIREBASE_CONFIG":"{\"projectId\":\"linkifyurl\",\"storageBucket\":\"linkifyurl.firebasestorage.app\"}","GCLOUD_PROJECT":"linkifyurl","EVENTARC_CLOUD_EVENT_SOURCE":"projects/linkifyurl/locations/us-central1/services/onPlatformEvent_Aggregator","FUNCTION_SIGNATURE_TYPE":"cloudevent","FUNCTION_TARGET":"onPlatformEvent_Aggregator","LOG_EXECUTION_ID":"true"},"ingressSettings":"ALLOW_ALL","uri":"https://onplatformevent-aggregator-ck2bcwa72a-uc.a.run.app","serviceAccountEmail":"296797983995-compute@developer.gserviceaccount.com","availableMemory":"256Mi","allTrafficOnLatestRevision":true,"revision":"onplatformevent-aggregator-00011-yew","maxInstanceRequestConcurrency":80,"availableCpu":"1"},"eventTrigger":{"trigger":"projects/linkifyurl/locations/nam5/triggers/onplatformevent-aggregator-368816","triggerRegion":"nam5","eventType":"google.cloud.firestore.document.v1.created","eventFilters":[{"attribute":"database","value":"(default)"},{"attribute":"namespace","value":"(default)"},{"attribute":"document","value":"platformEvents/{eventId}","operator":"match-path-pattern"}],"pubsubTopic":"projects/linkifyurl/topics/eventarc-nam5-onplatformevent-aggregator-368816-724","serviceAccountEmail":"296797983995-compute@developer.gserviceaccount.com","retryPolicy":"RETRY_POLICY_DO_NOT_RETRY"},"state":"ACTIVE","labels":{"deployment-tool":"cli-firebase","firebase-functions-hash":"c65864b087821c1e69f48427bb4802a658056ea7"},"environment":"GEN_2","url":"https://us-central1-linkifyurl.cloudfunctions.net/onPlatformEvent_Aggregator","satisfiesPzi":true},"stages":[{"name":"BUILD","message":"Reusing build","state":"COMPLETE","resource":"projects/296797983995/locations/us-central1/builds/75a13c8e-5e84-4556-8fbe-1b75002c769c","stateMessages":[{"severity":"WARNING","type":"BuildAnalysisWarning","message":"Node.js 20 is no longer supported by the Node.js community as of 30 April, 2026. Node.js 20 will be decommissioned on 2026-10-30. As of 2026-10-30 you will no longer be able to deploy your Cloud Functions using nodejs20. We recommend you to upgrade to the latest version of Node.js as soon as possible."}]},{"name":"SERVICE","message":"Updating Cloud Run service","state":"IN_PROGRESS","resource":"projects/linkifyurl/locations/us-central1/services/onplatformevent-aggregator","resourceUri":"https://console.cloud.google.com/run/detail/us-central1/onplatformevent-aggregator?project=linkifyurl","stateMessages":[{"severity":"INFO","type":"CloudRunServiceNewRevisionTrafficInfo","message":"A new revision will be deployed serving with 100% traffic."}]},{"name":"TRIGGER","state":"NOT_STARTED"}],"sourceToken":"Cldwcm9qZWN0cy8yOTY3OTc5ODM5OTUvbG9jYXRpb25zL3VzLWNlbnRyYWwxL2J1aWxkcy83NWExM2M4ZS01ZTg0LTQ1NTYtOGZiZS0xYjc1MDAyYzc2OWMSZHVzLWNlbnRyYWwxLWRvY2tlci5wa2cuZGV2L2xpbmtpZnl1cmwvZ2NmLWFydGlmYWN0cy9saW5raWZ5dXJsX191cy0tY2VudHJhbDFfX2hlYWx0aF9jaGVjazp2ZXJzaW9uXzEY+6mn1NEIIj9wcm9qZWN0cy9saW5raWZ5dXJsL2xvY2F0aW9ucy91cy1jZW50cmFsMS9mdW5jdGlvbnMvaGVhbHRoQ2hlY2sqCwjn1ZnWBhDo29sCMghub2RlanMyMDp2CiNnY3IuaW8vZ2FlLXJ1bnRpbWVzL25vZGVqczIwOnN0YWJsZRJPdXMtY2VudHJhbDEtZG9ja2VyLnBrZy5kZXYvc2VydmVybGVzcy1ydW50aW1lcy9nb29nbGUtMjItZnVsbC9ydW50aW1lcy9ub2RlanMyMEAB","operationType":"UPDATE_FUNCTION","buildName":"projects/296797983995/locations/us-central1/builds/75a13c8e-5e84-4556-8fbe-1b75002c769c"},"done":false}
[debug] [2026-10-07T15:53:29.002Z] Got source token Cldwcm9qZWN0cy8yOTY3OTc5ODM5OTUvbG9jYXRpb25zL3VzLWNlbnRyYWwxL2J1aWxkcy83NWExM2M4ZS01ZTg0LTQ1NTYtOGZiZS0xYjc1MDAyYzc2OWMSZHVzLWNlbnRyYWwxLWRvY2tlci5wa2cuZGV2L2xpbmtpZnl1cmwvZ2NmLWFydGlmYWN0cy9saW5raWZ5dXJsX191cy0tY2VudHJhbDFfX2hlYWx0aF9jaGVjazp2ZXJzaW9uXzEY+6mn1NEIIj9wcm9qZWN0cy9saW5raWZ5dXJsL2xvY2F0aW9ucy91cy1jZW50cmFsMS9mdW5jdGlvbnMvaGVhbHRoQ2hlY2sqCwjn1ZnWBhDo29sCMghub2RlanMyMDp2CiNnY3IuaW8vZ2FlLXJ1bnRpbWVzL25vZGVqczIwOnN0YWJsZRJPdXMtY2VudHJhbDEtZG9ja2VyLnBrZy5kZXYvc2VydmVybGVzcy1ydW50aW1lcy9nb29nbGUtMjItZnVsbC9ydW50aW1lcy9ub2RlanMyMEAB for region us-central1
[debug] [2026-10-07T15:53:29.234Z] [update-default-us-central1-callable_sendWelcomeEmail] Retrying task index 0
[debug] [2026-10-07T15:53:29.235Z] Checked if tokens are valid: true, expires at: 1791391707805
[debug] [2026-10-07T15:53:29.235Z] Checked if tokens are valid: true, expires at: 1791391707805
[debug] [2026-10-07T15:53:29.235Z] >>> [apiv2][query] GET https://cloudfunctions.googleapis.com/v2/projects/linkifyurl/locations/us-central1/operations/operation-1791388397329-65d421d13dd00-40242c60-8984130d [none]
[debug] [2026-10-07T15:53:29.575Z] <<< [apiv2][status] GET https://cloudfunctions.googleapis.com/v2/projects/linkifyurl/locations/us-central1/operations/operation-1791388397318-65d421d13b0d6-d63befe1-5fce8960 200
[debug] [2026-10-07T15:53:29.575Z] <<< [apiv2][body] GET https://cloudfunctions.googleapis.com/v2/projects/linkifyurl/locations/us-central1/operations/operation-1791388397318-65d421d13b0d6-d63befe1-5fce8960 {"name":"projects/linkifyurl/locations/us-central1/operations/operation-1791388397318-65d421d13b0d6-d63befe1-5fce8960","metadata":{"@type":"type.googleapis.com/google.cloud.functions.v2.OperationMetadata","createTime":"2026-10-07T15:53:27.672069055Z","target":"projects/linkifyurl/locations/us-central1/functions/trigger_onUserCreated_Welcome","verb":"update","cancelRequested":false,"apiVersion":"v2","requestResource":{"@type":"type.googleapis.com/google.cloud.functions.v2.Function","name":"projects/linkifyurl/locations/us-central1/functions/trigger_onUserCreated_Welcome","buildConfig":{"runtime":"nodejs20","entryPoint":"trigger_onUserCreated_Welcome","source":{"storageSource":{"bucket":"gcf-v2-sources-296797983995-us-central1","object":"trigger_onUserCreated_Welcome/function-source.zip","generation":"1791388407614237"}},"environmentVariables":{"GOOGLE_NODE_RUN_SCRIPTS":""},"dockerRepository":"projects/linkifyurl/locations/us-central1/repositories/gcf-artifacts","sourceProvenance":{"resolvedStorageSource":{"bucket":"gcf-v2-sources-296797983995-us-central1","object":"trigger_onUserCreated_Welcome/function-source.zip","generation":"1778495414510794"}},"dockerRegistry":"ARTIFACT_REGISTRY","sourceToken":"Cldwcm9qZWN0cy8yOTY3OTc5ODM5OTUvbG9jYXRpb25zL3VzLWNlbnRyYWwxL2J1aWxkcy83NWExM2M4ZS01ZTg0LTQ1NTYtOGZiZS0xYjc1MDAyYzc2OWMSZHVzLWNlbnRyYWwxLWRvY2tlci5wa2cuZGV2L2xpbmtpZnl1cmwvZ2NmLWFydGlmYWN0cy9saW5raWZ5dXJsX191cy0tY2VudHJhbDFfX2hlYWx0aF9jaGVjazp2ZXJzaW9uXzEY+6mn1NEIIj9wcm9qZWN0cy9saW5raWZ5dXJsL2xvY2F0aW9ucy91cy1jZW50cmFsMS9mdW5jdGlvbnMvaGVhbHRoQ2hlY2sqCwjn1ZnWBhDo29sCMghub2RlanMyMDp2CiNnY3IuaW8vZ2FlLXJ1bnRpbWVzL25vZGVqczIwOnN0YWJsZRJPdXMtY2VudHJhbDEtZG9ja2VyLnBrZy5kZXYvc2VydmVybGVzcy1ydW50aW1lcy9nb29nbGUtMjItZnVsbC9ydW50aW1lcy9ub2RlanMyMEAB","serviceAccount":"projects/linkifyurl/serviceAccounts/296797983995-compute@developer.gserviceaccount.com","automaticUpdatePolicy":{}},"serviceConfig":{"service":"projects/linkifyurl/locations/us-central1/services/trigger-onusercreated-welcome","timeoutSeconds":60,"environmentVariables":{"FIREBASE_CONFIG":"{\"projectId\":\"linkifyurl\",\"storageBucket\":\"linkifyurl.firebasestorage.app\"}","GCLOUD_PROJECT":"linkifyurl","EVENTARC_CLOUD_EVENT_SOURCE":"projects/linkifyurl/locations/us-central1/services/trigger_onUserCreated_Welcome","FUNCTION_SIGNATURE_TYPE":"cloudevent","FUNCTION_TARGET":"trigger_onUserCreated_Welcome","LOG_EXECUTION_ID":"true"},"ingressSettings":"ALLOW_ALL","uri":"https://trigger-onusercreated-welcome-ck2bcwa72a-uc.a.run.app","serviceAccountEmail":"296797983995-compute@developer.gserviceaccount.com","availableMemory":"256Mi","allTrafficOnLatestRevision":true,"secretEnvironmentVariables":[{"key":"gmailUser","projectId":"linkifyurl","secret":"gmailUser","version":"1"},{"key":"gmailPass","projectId":"linkifyurl","secret":"gmailPass","version":"1"}],"revision":"trigger-onusercreated-welcome-00007-mug","maxInstanceRequestConcurrency":80,"availableCpu":"1"},"eventTrigger":{"trigger":"projects/linkifyurl/locations/nam5/triggers/trigger-onusercreated-welcome-570184","triggerRegion":"nam5","eventType":"google.cloud.firestore.document.v1.created","eventFilters":[{"attribute":"database","value":"(default)"},{"attribute":"namespace","value":"(default)"},{"attribute":"document","value":"users/{userId}","operator":"match-path-pattern"}],"pubsubTopic":"projects/linkifyurl/topics/eventarc-nam5-trigger-onusercreated-welcome-570184-323","serviceAccountEmail":"296797983995-compute@developer.gserviceaccount.com","retryPolicy":"RETRY_POLICY_DO_NOT_RETRY"},"state":"ACTIVE","labels":{"deployment-tool":"cli-firebase","firebase-functions-hash":"7871e1ab9823eae01c37484398d5895a889267f5"},"environment":"GEN_2","url":"https://us-central1-linkifyurl.cloudfunctions.net/trigger_onUserCreated_Welcome","satisfiesPzi":true},"stages":[{"name":"BUILD","message":"Reusing build","state":"COMPLETE","resource":"projects/296797983995/locations/us-central1/builds/75a13c8e-5e84-4556-8fbe-1b75002c769c","stateMessages":[{"severity":"WARNING","type":"BuildAnalysisWarning","message":"Node.js 20 is no longer supported by the Node.js community as of 30 April, 2026. Node.js 20 will be decommissioned on 2026-10-30. As of 2026-10-30 you will no longer be able to deploy your Cloud Functions using nodejs20. We recommend you to upgrade to the latest version of Node.js as soon as possible."}]},{"name":"SERVICE","message":"Updating Cloud Run service","state":"IN_PROGRESS","resource":"projects/linkifyurl/locations/us-central1/services/trigger-onusercreated-welcome","resourceUri":"https://console.cloud.google.com/run/detail/us-central1/trigger-onusercreated-welcome?project=linkifyurl","stateMessages":[{"severity":"INFO","type":"CloudRunServiceNewRevisionTrafficInfo","message":"A new revision will be deployed serving with 100% traffic."}]},{"name":"TRIGGER","state":"NOT_STARTED"}],"sourceToken":"Cldwcm9qZWN0cy8yOTY3OTc5ODM5OTUvbG9jYXRpb25zL3VzLWNlbnRyYWwxL2J1aWxkcy83NWExM2M4ZS01ZTg0LTQ1NTYtOGZiZS0xYjc1MDAyYzc2OWMSZHVzLWNlbnRyYWwxLWRvY2tlci5wa2cuZGV2L2xpbmtpZnl1cmwvZ2NmLWFydGlmYWN0cy9saW5raWZ5dXJsX191cy0tY2VudHJhbDFfX2hlYWx0aF9jaGVjazp2ZXJzaW9uXzEY+6mn1NEIIj9wcm9qZWN0cy9saW5raWZ5dXJsL2xvY2F0aW9ucy91cy1jZW50cmFsMS9mdW5jdGlvbnMvaGVhbHRoQ2hlY2sqCwjn1ZnWBhDo29sCMghub2RlanMyMDp2CiNnY3IuaW8vZ2FlLXJ1bnRpbWVzL25vZGVqczIwOnN0YWJsZRJPdXMtY2VudHJhbDEtZG9ja2VyLnBrZy5kZXYvc2VydmVybGVzcy1ydW50aW1lcy9nb29nbGUtMjItZnVsbC9ydW50aW1lcy9ub2RlanMyMEAB","operationType":"UPDATE_FUNCTION","buildName":"projects/296797983995/locations/us-central1/builds/75a13c8e-5e84-4556-8fbe-1b75002c769c"},"done":false}
[debug] [2026-10-07T15:53:29.575Z] Got source token Cldwcm9qZWN0cy8yOTY3OTc5ODM5OTUvbG9jYXRpb25zL3VzLWNlbnRyYWwxL2J1aWxkcy83NWExM2M4ZS01ZTg0LTQ1NTYtOGZiZS0xYjc1MDAyYzc2OWMSZHVzLWNlbnRyYWwxLWRvY2tlci5wa2cuZGV2L2xpbmtpZnl1cmwvZ2NmLWFydGlmYWN0cy9saW5raWZ5dXJsX191cy0tY2VudHJhbDFfX2hlYWx0aF9jaGVjazp2ZXJzaW9uXzEY+6mn1NEIIj9wcm9qZWN0cy9saW5raWZ5dXJsL2xvY2F0aW9ucy91cy1jZW50cmFsMS9mdW5jdGlvbnMvaGVhbHRoQ2hlY2sqCwjn1ZnWBhDo29sCMghub2RlanMyMDp2CiNnY3IuaW8vZ2FlLXJ1bnRpbWVzL25vZGVqczIwOnN0YWJsZRJPdXMtY2VudHJhbDEtZG9ja2VyLnBrZy5kZXYvc2VydmVybGVzcy1ydW50aW1lcy9nb29nbGUtMjItZnVsbC9ydW50aW1lcy9ub2RlanMyMEAB for region us-central1
[debug] [2026-10-07T15:53:29.650Z] <<< [apiv2][status] GET https://cloudfunctions.googleapis.com/v2/projects/linkifyurl/locations/us-central1/operations/operation-1791388397329-65d421d13dd00-40242c60-8984130d 200
[debug] [2026-10-07T15:53:29.650Z] <<< [apiv2][body] GET https://cloudfunctions.googleapis.com/v2/projects/linkifyurl/locations/us-central1/operations/operation-1791388397329-65d421d13dd00-40242c60-8984130d {"name":"projects/linkifyurl/locations/us-central1/operations/operation-1791388397329-65d421d13dd00-40242c60-8984130d","metadata":{"@type":"type.googleapis.com/google.cloud.functions.v2.OperationMetadata","createTime":"2026-10-07T15:53:19.187441492Z","target":"projects/linkifyurl/locations/us-central1/functions/callable_sendWelcomeEmail","verb":"update","cancelRequested":false,"apiVersion":"v2","requestResource":{"@type":"type.googleapis.com/google.cloud.functions.v2.Function","name":"projects/linkifyurl/locations/us-central1/functions/callable_sendWelcomeEmail","buildConfig":{"runtime":"nodejs20","entryPoint":"callable_sendWelcomeEmail","source":{"storageSource":{"bucket":"gcf-v2-sources-296797983995-us-central1","object":"callable_sendWelcomeEmail/function-source.zip","generation":"1791388399137384"}},"environmentVariables":{"GOOGLE_NODE_RUN_SCRIPTS":""},"dockerRepository":"projects/linkifyurl/locations/us-central1/repositories/gcf-artifacts","sourceProvenance":{"resolvedStorageSource":{"bucket":"gcf-v2-sources-296797983995-us-central1","object":"callable_sendWelcomeEmail/function-source.zip","generation":"1778495414025323"}},"dockerRegistry":"ARTIFACT_REGISTRY","sourceToken":"Cldwcm9qZWN0cy8yOTY3OTc5ODM5OTUvbG9jYXRpb25zL3VzLWNlbnRyYWwxL2J1aWxkcy83NWExM2M4ZS01ZTg0LTQ1NTYtOGZiZS0xYjc1MDAyYzc2OWMSZHVzLWNlbnRyYWwxLWRvY2tlci5wa2cuZGV2L2xpbmtpZnl1cmwvZ2NmLWFydGlmYWN0cy9saW5raWZ5dXJsX191cy0tY2VudHJhbDFfX2hlYWx0aF9jaGVjazp2ZXJzaW9uXzEY+6mn1NEIIj9wcm9qZWN0cy9saW5raWZ5dXJsL2xvY2F0aW9ucy91cy1jZW50cmFsMS9mdW5jdGlvbnMvaGVhbHRoQ2hlY2sqCwjn1ZnWBhDo29sCMghub2RlanMyMDp2CiNnY3IuaW8vZ2FlLXJ1bnRpbWVzL25vZGVqczIwOnN0YWJsZRJPdXMtY2VudHJhbDEtZG9ja2VyLnBrZy5kZXYvc2VydmVybGVzcy1ydW50aW1lcy9nb29nbGUtMjItZnVsbC9ydW50aW1lcy9ub2RlanMyMEAB","serviceAccount":"projects/linkifyurl/serviceAccounts/296797983995-compute@developer.gserviceaccount.com","automaticUpdatePolicy":{}},"serviceConfig":{"service":"projects/linkifyurl/locations/us-central1/services/callable-sendwelcomeemail","timeoutSeconds":60,"environmentVariables":{"FIREBASE_CONFIG":"{\"projectId\":\"linkifyurl\",\"storageBucket\":\"linkifyurl.firebasestorage.app\"}","GCLOUD_PROJECT":"linkifyurl","EVENTARC_CLOUD_EVENT_SOURCE":"projects/linkifyurl/locations/us-central1/services/callable_sendWelcomeEmail","FUNCTION_TARGET":"callable_sendWelcomeEmail","LOG_EXECUTION_ID":"true","FUNCTION_SIGNATURE_TYPE":"http"},"ingressSettings":"ALLOW_ALL","uri":"https://callable-sendwelcomeemail-ck2bcwa72a-uc.a.run.app","serviceAccountEmail":"296797983995-compute@developer.gserviceaccount.com","availableMemory":"256Mi","allTrafficOnLatestRevision":true,"secretEnvironmentVariables":[{"key":"gmailUser","projectId":"linkifyurl","secret":"gmailUser","version":"1"},{"key":"gmailPass","projectId":"linkifyurl","secret":"gmailPass","version":"1"}],"revision":"callable-sendwelcomeemail-00007-cav","maxInstanceRequestConcurrency":80,"availableCpu":"1"},"state":"ACTIVE","labels":{"deployment-tool":"cli-firebase","deployment-callable":"true","firebase-functions-hash":"7871e1ab9823eae01c37484398d5895a889267f5"},"environment":"GEN_2","url":"https://us-central1-linkifyurl.cloudfunctions.net/callable_sendWelcomeEmail","satisfiesPzi":true},"stages":[{"name":"BUILD","message":"Reusing build","state":"COMPLETE","resource":"projects/296797983995/locations/us-central1/builds/75a13c8e-5e84-4556-8fbe-1b75002c769c","stateMessages":[{"severity":"WARNING","type":"BuildAnalysisWarning","message":"Node.js 20 is no longer supported by the Node.js community as of 30 April, 2026. Node.js 20 will be decommissioned on 2026-10-30. As of 2026-10-30 you will no longer be able to deploy your Cloud Functions using nodejs20. We recommend you to upgrade to the latest version of Node.js as soon as possible."}]},{"name":"SERVICE","message":"Updating Cloud Run service","state":"IN_PROGRESS","resource":"projects/linkifyurl/locations/us-central1/services/callable-sendwelcomeemail","resourceUri":"https://console.cloud.google.com/run/detail/us-central1/callable-sendwelcomeemail?project=linkifyurl","stateMessages":[{"severity":"INFO","type":"CloudRunServiceNewRevisionTrafficInfo","message":"A new revision will be deployed serving with 100% traffic."}]}],"sourceToken":"Cldwcm9qZWN0cy8yOTY3OTc5ODM5OTUvbG9jYXRpb25zL3VzLWNlbnRyYWwxL2J1aWxkcy83NWExM2M4ZS01ZTg0LTQ1NTYtOGZiZS0xYjc1MDAyYzc2OWMSZHVzLWNlbnRyYWwxLWRvY2tlci5wa2cuZGV2L2xpbmtpZnl1cmwvZ2NmLWFydGlmYWN0cy9saW5raWZ5dXJsX191cy0tY2VudHJhbDFfX2hlYWx0aF9jaGVjazp2ZXJzaW9uXzEY+6mn1NEIIj9wcm9qZWN0cy9saW5raWZ5dXJsL2xvY2F0aW9ucy91cy1jZW50cmFsMS9mdW5jdGlvbnMvaGVhbHRoQ2hlY2sqCwjn1ZnWBhDo29sCMghub2RlanMyMDp2CiNnY3IuaW8vZ2FlLXJ1bnRpbWVzL25vZGVqczIwOnN0YWJsZRJPdXMtY2VudHJhbDEtZG9ja2VyLnBrZy5kZXYvc2VydmVybGVzcy1ydW50aW1lcy9nb29nbGUtMjItZnVsbC9ydW50aW1lcy9ub2RlanMyMEAB","operationType":"UPDATE_FUNCTION","buildName":"projects/296797983995/locations/us-central1/builds/75a13c8e-5e84-4556-8fbe-1b75002c769c"},"done":false}
[debug] [2026-10-07T15:53:29.650Z] Got source token Cldwcm9qZWN0cy8yOTY3OTc5ODM5OTUvbG9jYXRpb25zL3VzLWNlbnRyYWwxL2J1aWxkcy83NWExM2M4ZS01ZTg0LTQ1NTYtOGZiZS0xYjc1MDAyYzc2OWMSZHVzLWNlbnRyYWwxLWRvY2tlci5wa2cuZGV2L2xpbmtpZnl1cmwvZ2NmLWFydGlmYWN0cy9saW5raWZ5dXJsX191cy0tY2VudHJhbDFfX2hlYWx0aF9jaGVjazp2ZXJzaW9uXzEY+6mn1NEIIj9wcm9qZWN0cy9saW5raWZ5dXJsL2xvY2F0aW9ucy91cy1jZW50cmFsMS9mdW5jdGlvbnMvaGVhbHRoQ2hlY2sqCwjn1ZnWBhDo29sCMghub2RlanMyMDp2CiNnY3IuaW8vZ2FlLXJ1bnRpbWVzL25vZGVqczIwOnN0YWJsZRJPdXMtY2VudHJhbDEtZG9ja2VyLnBrZy5kZXYvc2VydmVybGVzcy1ydW50aW1lcy9nb29nbGUtMjItZnVsbC9ydW50aW1lcy9ub2RlanMyMEAB for region us-central1
[debug] [2026-10-07T15:53:30.575Z] [update-default-us-central1-trigger_onUserCreated_Welcome] Retrying task index 0
[debug] [2026-10-07T15:53:30.576Z] Checked if tokens are valid: true, expires at: 1791391707805
[debug] [2026-10-07T15:53:30.576Z] Checked if tokens are valid: true, expires at: 1791391707805
[debug] [2026-10-07T15:53:30.576Z] >>> [apiv2][query] GET https://cloudfunctions.googleapis.com/v2/projects/linkifyurl/locations/us-central1/operations/operation-1791388397318-65d421d13b0d6-d63befe1-5fce8960 [none]
[debug] [2026-10-07T15:53:31.501Z] <<< [apiv2][status] GET https://cloudfunctions.googleapis.com/v2/projects/linkifyurl/locations/us-central1/operations/operation-1791388397318-65d421d13b0d6-d63befe1-5fce8960 200
[debug] [2026-10-07T15:53:31.501Z] <<< [apiv2][body] GET https://cloudfunctions.googleapis.com/v2/projects/linkifyurl/locations/us-central1/operations/operation-1791388397318-65d421d13b0d6-d63befe1-5fce8960 {"name":"projects/linkifyurl/locations/us-central1/operations/operation-1791388397318-65d421d13b0d6-d63befe1-5fce8960","metadata":{"@type":"type.googleapis.com/google.cloud.functions.v2.OperationMetadata","createTime":"2026-10-07T15:53:27.672069055Z","target":"projects/linkifyurl/locations/us-central1/functions/trigger_onUserCreated_Welcome","verb":"update","cancelRequested":false,"apiVersion":"v2","requestResource":{"@type":"type.googleapis.com/google.cloud.functions.v2.Function","name":"projects/linkifyurl/locations/us-central1/functions/trigger_onUserCreated_Welcome","buildConfig":{"runtime":"nodejs20","entryPoint":"trigger_onUserCreated_Welcome","source":{"storageSource":{"bucket":"gcf-v2-sources-296797983995-us-central1","object":"trigger_onUserCreated_Welcome/function-source.zip","generation":"1791388407614237"}},"environmentVariables":{"GOOGLE_NODE_RUN_SCRIPTS":""},"dockerRepository":"projects/linkifyurl/locations/us-central1/repositories/gcf-artifacts","sourceProvenance":{"resolvedStorageSource":{"bucket":"gcf-v2-sources-296797983995-us-central1","object":"trigger_onUserCreated_Welcome/function-source.zip","generation":"1778495414510794"}},"dockerRegistry":"ARTIFACT_REGISTRY","sourceToken":"Cldwcm9qZWN0cy8yOTY3OTc5ODM5OTUvbG9jYXRpb25zL3VzLWNlbnRyYWwxL2J1aWxkcy83NWExM2M4ZS01ZTg0LTQ1NTYtOGZiZS0xYjc1MDAyYzc2OWMSZHVzLWNlbnRyYWwxLWRvY2tlci5wa2cuZGV2L2xpbmtpZnl1cmwvZ2NmLWFydGlmYWN0cy9saW5raWZ5dXJsX191cy0tY2VudHJhbDFfX2hlYWx0aF9jaGVjazp2ZXJzaW9uXzEY+6mn1NEIIj9wcm9qZWN0cy9saW5raWZ5dXJsL2xvY2F0aW9ucy91cy1jZW50cmFsMS9mdW5jdGlvbnMvaGVhbHRoQ2hlY2sqCwjn1ZnWBhDo29sCMghub2RlanMyMDp2CiNnY3IuaW8vZ2FlLXJ1bnRpbWVzL25vZGVqczIwOnN0YWJsZRJPdXMtY2VudHJhbDEtZG9ja2VyLnBrZy5kZXYvc2VydmVybGVzcy1ydW50aW1lcy9nb29nbGUtMjItZnVsbC9ydW50aW1lcy9ub2RlanMyMEAB","serviceAccount":"projects/linkifyurl/serviceAccounts/296797983995-compute@developer.gserviceaccount.com","automaticUpdatePolicy":{}},"serviceConfig":{"service":"projects/linkifyurl/locations/us-central1/services/trigger-onusercreated-welcome","timeoutSeconds":60,"environmentVariables":{"FIREBASE_CONFIG":"{\"projectId\":\"linkifyurl\",\"storageBucket\":\"linkifyurl.firebasestorage.app\"}","GCLOUD_PROJECT":"linkifyurl","EVENTARC_CLOUD_EVENT_SOURCE":"projects/linkifyurl/locations/us-central1/services/trigger_onUserCreated_Welcome","FUNCTION_SIGNATURE_TYPE":"cloudevent","FUNCTION_TARGET":"trigger_onUserCreated_Welcome","LOG_EXECUTION_ID":"true"},"ingressSettings":"ALLOW_ALL","uri":"https://trigger-onusercreated-welcome-ck2bcwa72a-uc.a.run.app","serviceAccountEmail":"296797983995-compute@developer.gserviceaccount.com","availableMemory":"256Mi","allTrafficOnLatestRevision":true,"secretEnvironmentVariables":[{"key":"gmailUser","projectId":"linkifyurl","secret":"gmailUser","version":"1"},{"key":"gmailPass","projectId":"linkifyurl","secret":"gmailPass","version":"1"}],"revision":"trigger-onusercreated-welcome-00007-mug","maxInstanceRequestConcurrency":80,"availableCpu":"1"},"eventTrigger":{"trigger":"projects/linkifyurl/locations/nam5/triggers/trigger-onusercreated-welcome-570184","triggerRegion":"nam5","eventType":"google.cloud.firestore.document.v1.created","eventFilters":[{"attribute":"database","value":"(default)"},{"attribute":"namespace","value":"(default)"},{"attribute":"document","value":"users/{userId}","operator":"match-path-pattern"}],"pubsubTopic":"projects/linkifyurl/topics/eventarc-nam5-trigger-onusercreated-welcome-570184-323","serviceAccountEmail":"296797983995-compute@developer.gserviceaccount.com","retryPolicy":"RETRY_POLICY_DO_NOT_RETRY"},"state":"ACTIVE","labels":{"deployment-tool":"cli-firebase","firebase-functions-hash":"7871e1ab9823eae01c37484398d5895a889267f5"},"environment":"GEN_2","url":"https://us-central1-linkifyurl.cloudfunctions.net/trigger_onUserCreated_Welcome","satisfiesPzi":true},"stages":[{"name":"BUILD","message":"Reusing build","state":"COMPLETE","resource":"projects/296797983995/locations/us-central1/builds/75a13c8e-5e84-4556-8fbe-1b75002c769c","stateMessages":[{"severity":"WARNING","type":"BuildAnalysisWarning","message":"Node.js 20 is no longer supported by the Node.js community as of 30 April, 2026. Node.js 20 will be decommissioned on 2026-10-30. As of 2026-10-30 you will no longer be able to deploy your Cloud Functions using nodejs20. We recommend you to upgrade to the latest version of Node.js as soon as possible."}]},{"name":"SERVICE","message":"Updating Cloud Run service","state":"IN_PROGRESS","resource":"projects/linkifyurl/locations/us-central1/services/trigger-onusercreated-welcome","resourceUri":"https://console.cloud.google.com/run/detail/us-central1/trigger-onusercreated-welcome?project=linkifyurl","stateMessages":[{"severity":"INFO","type":"CloudRunServiceNewRevisionTrafficInfo","message":"A new revision will be deployed serving with 100% traffic."}]},{"name":"TRIGGER","state":"NOT_STARTED"}],"sourceToken":"Cldwcm9qZWN0cy8yOTY3OTc5ODM5OTUvbG9jYXRpb25zL3VzLWNlbnRyYWwxL2J1aWxkcy83NWExM2M4ZS01ZTg0LTQ1NTYtOGZiZS0xYjc1MDAyYzc2OWMSZHVzLWNlbnRyYWwxLWRvY2tlci5wa2cuZGV2L2xpbmtpZnl1cmwvZ2NmLWFydGlmYWN0cy9saW5raWZ5dXJsX191cy0tY2VudHJhbDFfX2hlYWx0aF9jaGVjazp2ZXJzaW9uXzEY+6mn1NEIIj9wcm9qZWN0cy9saW5raWZ5dXJsL2xvY2F0aW9ucy91cy1jZW50cmFsMS9mdW5jdGlvbnMvaGVhbHRoQ2hlY2sqCwjn1ZnWBhDo29sCMghub2RlanMyMDp2CiNnY3IuaW8vZ2FlLXJ1bnRpbWVzL25vZGVqczIwOnN0YWJsZRJPdXMtY2VudHJhbDEtZG9ja2VyLnBrZy5kZXYvc2VydmVybGVzcy1ydW50aW1lcy9nb29nbGUtMjItZnVsbC9ydW50aW1lcy9ub2RlanMyMEAB","operationType":"UPDATE_FUNCTION","buildName":"projects/296797983995/locations/us-central1/builds/75a13c8e-5e84-4556-8fbe-1b75002c769c"},"done":false}
[debug] [2026-10-07T15:53:31.501Z] Got source token Cldwcm9qZWN0cy8yOTY3OTc5ODM5OTUvbG9jYXRpb25zL3VzLWNlbnRyYWwxL2J1aWxkcy83NWExM2M4ZS01ZTg0LTQ1NTYtOGZiZS0xYjc1MDAyYzc2OWMSZHVzLWNlbnRyYWwxLWRvY2tlci5wa2cuZGV2L2xpbmtpZnl1cmwvZ2NmLWFydGlmYWN0cy9saW5raWZ5dXJsX191cy0tY2VudHJhbDFfX2hlYWx0aF9jaGVjazp2ZXJzaW9uXzEY+6mn1NEIIj9wcm9qZWN0cy9saW5raWZ5dXJsL2xvY2F0aW9ucy91cy1jZW50cmFsMS9mdW5jdGlvbnMvaGVhbHRoQ2hlY2sqCwjn1ZnWBhDo29sCMghub2RlanMyMDp2CiNnY3IuaW8vZ2FlLXJ1bnRpbWVzL25vZGVqczIwOnN0YWJsZRJPdXMtY2VudHJhbDEtZG9ja2VyLnBrZy5kZXYvc2VydmVybGVzcy1ydW50aW1lcy9nb29nbGUtMjItZnVsbC9ydW50aW1lcy9ub2RlanMyMEAB for region us-central1
[debug] [2026-10-07T15:53:33.502Z] [update-default-us-central1-trigger_onUserCreated_Welcome] Retrying task index 0
[debug] [2026-10-07T15:53:33.502Z] Checked if tokens are valid: true, expires at: 1791391707805
[debug] [2026-10-07T15:53:33.502Z] Checked if tokens are valid: true, expires at: 1791391707805
[debug] [2026-10-07T15:53:33.502Z] >>> [apiv2][query] GET https://cloudfunctions.googleapis.com/v2/projects/linkifyurl/locations/us-central1/operations/operation-1791388397318-65d421d13b0d6-d63befe1-5fce8960 [none]
[debug] [2026-10-07T15:53:34.401Z] <<< [apiv2][status] GET https://cloudfunctions.googleapis.com/v2/projects/linkifyurl/locations/us-central1/operations/operation-1791388397318-65d421d13b0d6-d63befe1-5fce8960 200
[debug] [2026-10-07T15:53:34.401Z] <<< [apiv2][body] GET https://cloudfunctions.googleapis.com/v2/projects/linkifyurl/locations/us-central1/operations/operation-1791388397318-65d421d13b0d6-d63befe1-5fce8960 {"name":"projects/linkifyurl/locations/us-central1/operations/operation-1791388397318-65d421d13b0d6-d63befe1-5fce8960","metadata":{"@type":"type.googleapis.com/google.cloud.functions.v2.OperationMetadata","createTime":"2026-10-07T15:53:27.672069055Z","target":"projects/linkifyurl/locations/us-central1/functions/trigger_onUserCreated_Welcome","verb":"update","cancelRequested":false,"apiVersion":"v2","requestResource":{"@type":"type.googleapis.com/google.cloud.functions.v2.Function","name":"projects/linkifyurl/locations/us-central1/functions/trigger_onUserCreated_Welcome","buildConfig":{"runtime":"nodejs20","entryPoint":"trigger_onUserCreated_Welcome","source":{"storageSource":{"bucket":"gcf-v2-sources-296797983995-us-central1","object":"trigger_onUserCreated_Welcome/function-source.zip","generation":"1791388407614237"}},"environmentVariables":{"GOOGLE_NODE_RUN_SCRIPTS":""},"dockerRepository":"projects/linkifyurl/locations/us-central1/repositories/gcf-artifacts","sourceProvenance":{"resolvedStorageSource":{"bucket":"gcf-v2-sources-296797983995-us-central1","object":"trigger_onUserCreated_Welcome/function-source.zip","generation":"1778495414510794"}},"dockerRegistry":"ARTIFACT_REGISTRY","sourceToken":"Cldwcm9qZWN0cy8yOTY3OTc5ODM5OTUvbG9jYXRpb25zL3VzLWNlbnRyYWwxL2J1aWxkcy83NWExM2M4ZS01ZTg0LTQ1NTYtOGZiZS0xYjc1MDAyYzc2OWMSZHVzLWNlbnRyYWwxLWRvY2tlci5wa2cuZGV2L2xpbmtpZnl1cmwvZ2NmLWFydGlmYWN0cy9saW5raWZ5dXJsX191cy0tY2VudHJhbDFfX2hlYWx0aF9jaGVjazp2ZXJzaW9uXzEY+6mn1NEIIj9wcm9qZWN0cy9saW5raWZ5dXJsL2xvY2F0aW9ucy91cy1jZW50cmFsMS9mdW5jdGlvbnMvaGVhbHRoQ2hlY2sqCwjn1ZnWBhDo29sCMghub2RlanMyMDp2CiNnY3IuaW8vZ2FlLXJ1bnRpbWVzL25vZGVqczIwOnN0YWJsZRJPdXMtY2VudHJhbDEtZG9ja2VyLnBrZy5kZXYvc2VydmVybGVzcy1ydW50aW1lcy9nb29nbGUtMjItZnVsbC9ydW50aW1lcy9ub2RlanMyMEAB","serviceAccount":"projects/linkifyurl/serviceAccounts/296797983995-compute@developer.gserviceaccount.com","automaticUpdatePolicy":{}},"serviceConfig":{"service":"projects/linkifyurl/locations/us-central1/services/trigger-onusercreated-welcome","timeoutSeconds":60,"environmentVariables":{"FIREBASE_CONFIG":"{\"projectId\":\"linkifyurl\",\"storageBucket\":\"linkifyurl.firebasestorage.app\"}","GCLOUD_PROJECT":"linkifyurl","EVENTARC_CLOUD_EVENT_SOURCE":"projects/linkifyurl/locations/us-central1/services/trigger_onUserCreated_Welcome","FUNCTION_SIGNATURE_TYPE":"cloudevent","FUNCTION_TARGET":"trigger_onUserCreated_Welcome","LOG_EXECUTION_ID":"true"},"ingressSettings":"ALLOW_ALL","uri":"https://trigger-onusercreated-welcome-ck2bcwa72a-uc.a.run.app","serviceAccountEmail":"296797983995-compute@developer.gserviceaccount.com","availableMemory":"256Mi","allTrafficOnLatestRevision":true,"secretEnvironmentVariables":[{"key":"gmailUser","projectId":"linkifyurl","secret":"gmailUser","version":"1"},{"key":"gmailPass","projectId":"linkifyurl","secret":"gmailPass","version":"1"}],"revision":"trigger-onusercreated-welcome-00007-mug","maxInstanceRequestConcurrency":80,"availableCpu":"1"},"eventTrigger":{"trigger":"projects/linkifyurl/locations/nam5/triggers/trigger-onusercreated-welcome-570184","triggerRegion":"nam5","eventType":"google.cloud.firestore.document.v1.created","eventFilters":[{"attribute":"database","value":"(default)"},{"attribute":"namespace","value":"(default)"},{"attribute":"document","value":"users/{userId}","operator":"match-path-pattern"}],"pubsubTopic":"projects/linkifyurl/topics/eventarc-nam5-trigger-onusercreated-welcome-570184-323","serviceAccountEmail":"296797983995-compute@developer.gserviceaccount.com","retryPolicy":"RETRY_POLICY_DO_NOT_RETRY"},"state":"ACTIVE","labels":{"deployment-tool":"cli-firebase","firebase-functions-hash":"7871e1ab9823eae01c37484398d5895a889267f5"},"environment":"GEN_2","url":"https://us-central1-linkifyurl.cloudfunctions.net/trigger_onUserCreated_Welcome","satisfiesPzi":true},"stages":[{"name":"BUILD","message":"Reusing build","state":"COMPLETE","resource":"projects/296797983995/locations/us-central1/builds/75a13c8e-5e84-4556-8fbe-1b75002c769c","stateMessages":[{"severity":"WARNING","type":"BuildAnalysisWarning","message":"Node.js 20 is no longer supported by the Node.js community as of 30 April, 2026. Node.js 20 will be decommissioned on 2026-10-30. As of 2026-10-30 you will no longer be able to deploy your Cloud Functions using nodejs20. We recommend you to upgrade to the latest version of Node.js as soon as possible."}]},{"name":"SERVICE","message":"Updating Cloud Run service","state":"IN_PROGRESS","resource":"projects/linkifyurl/locations/us-central1/services/trigger-onusercreated-welcome","resourceUri":"https://console.cloud.google.com/run/detail/us-central1/trigger-onusercreated-welcome?project=linkifyurl","stateMessages":[{"severity":"INFO","type":"CloudRunServiceNewRevisionTrafficInfo","message":"A new revision will be deployed serving with 100% traffic."}]},{"name":"TRIGGER","state":"NOT_STARTED"}],"sourceToken":"Cldwcm9qZWN0cy8yOTY3OTc5ODM5OTUvbG9jYXRpb25zL3VzLWNlbnRyYWwxL2J1aWxkcy83NWExM2M4ZS01ZTg0LTQ1NTYtOGZiZS0xYjc1MDAyYzc2OWMSZHVzLWNlbnRyYWwxLWRvY2tlci5wa2cuZGV2L2xpbmtpZnl1cmwvZ2NmLWFydGlmYWN0cy9saW5raWZ5dXJsX191cy0tY2VudHJhbDFfX2hlYWx0aF9jaGVjazp2ZXJzaW9uXzEY+6mn1NEIIj9wcm9qZWN0cy9saW5raWZ5dXJsL2xvY2F0aW9ucy91cy1jZW50cmFsMS9mdW5jdGlvbnMvaGVhbHRoQ2hlY2sqCwjn1ZnWBhDo29sCMghub2RlanMyMDp2CiNnY3IuaW8vZ2FlLXJ1bnRpbWVzL25vZGVqczIwOnN0YWJsZRJPdXMtY2VudHJhbDEtZG9ja2VyLnBrZy5kZXYvc2VydmVybGVzcy1ydW50aW1lcy9nb29nbGUtMjItZnVsbC9ydW50aW1lcy9ub2RlanMyMEAB","operationType":"UPDATE_FUNCTION","buildName":"projects/296797983995/locations/us-central1/builds/75a13c8e-5e84-4556-8fbe-1b75002c769c"},"done":false}
[debug] [2026-10-07T15:53:34.402Z] Got source token Cldwcm9qZWN0cy8yOTY3OTc5ODM5OTUvbG9jYXRpb25zL3VzLWNlbnRyYWwxL2J1aWxkcy83NWExM2M4ZS01ZTg0LTQ1NTYtOGZiZS0xYjc1MDAyYzc2OWMSZHVzLWNlbnRyYWwxLWRvY2tlci5wa2cuZGV2L2xpbmtpZnl1cmwvZ2NmLWFydGlmYWN0cy9saW5raWZ5dXJsX191cy0tY2VudHJhbDFfX2hlYWx0aF9jaGVjazp2ZXJzaW9uXzEY+6mn1NEIIj9wcm9qZWN0cy9saW5raWZ5dXJsL2xvY2F0aW9ucy91cy1jZW50cmFsMS9mdW5jdGlvbnMvaGVhbHRoQ2hlY2sqCwjn1ZnWBhDo29sCMghub2RlanMyMDp2CiNnY3IuaW8vZ2FlLXJ1bnRpbWVzL25vZGVqczIwOnN0YWJsZRJPdXMtY2VudHJhbDEtZG9ja2VyLnBrZy5kZXYvc2VydmVybGVzcy1ydW50aW1lcy9nb29nbGUtMjItZnVsbC9ydW50aW1lcy9ub2RlanMyMEAB for region us-central1
[debug] [2026-10-07T15:53:35.195Z] [update-default-us-central1-onClick_Aggregator] Retrying task index 0
[debug] [2026-10-07T15:53:35.195Z] Checked if tokens are valid: true, expires at: 1791391707805
[debug] [2026-10-07T15:53:35.195Z] Checked if tokens are valid: true, expires at: 1791391707805
[debug] [2026-10-07T15:53:35.195Z] >>> [apiv2][query] GET https://cloudfunctions.googleapis.com/v2/projects/linkifyurl/locations/us-central1/operations/operation-1791388396802-65d421d0bd2a0-0cfad7a3-71f0bb30 [none]
[debug] [2026-10-07T15:53:36.102Z] <<< [apiv2][status] GET https://cloudfunctions.googleapis.com/v2/projects/linkifyurl/locations/us-central1/operations/operation-1791388396802-65d421d0bd2a0-0cfad7a3-71f0bb30 200
[debug] [2026-10-07T15:53:36.102Z] <<< [apiv2][body] GET https://cloudfunctions.googleapis.com/v2/projects/linkifyurl/locations/us-central1/operations/operation-1791388396802-65d421d0bd2a0-0cfad7a3-71f0bb30 {"name":"projects/linkifyurl/locations/us-central1/operations/operation-1791388396802-65d421d0bd2a0-0cfad7a3-71f0bb30","metadata":{"@type":"type.googleapis.com/google.cloud.functions.v2.OperationMetadata","createTime":"2026-10-07T15:53:17.753323327Z","target":"projects/linkifyurl/locations/us-central1/functions/onClick_Aggregator","verb":"update","cancelRequested":false,"apiVersion":"v2","requestResource":{"@type":"type.googleapis.com/google.cloud.functions.v2.Function","name":"projects/linkifyurl/locations/us-central1/functions/onClick_Aggregator","buildConfig":{"runtime":"nodejs20","entryPoint":"onClick_Aggregator","source":{"storageSource":{"bucket":"gcf-v2-sources-296797983995-us-central1","object":"onClick_Aggregator/function-source.zip","generation":"1791388397695975"}},"environmentVariables":{"GOOGLE_NODE_RUN_SCRIPTS":""},"dockerRepository":"projects/linkifyurl/locations/us-central1/repositories/gcf-artifacts","sourceProvenance":{"resolvedStorageSource":{"bucket":"gcf-v2-sources-296797983995-us-central1","object":"onClick_Aggregator/function-source.zip","generation":"1778495414502066"}},"dockerRegistry":"ARTIFACT_REGISTRY","sourceToken":"Cldwcm9qZWN0cy8yOTY3OTc5ODM5OTUvbG9jYXRpb25zL3VzLWNlbnRyYWwxL2J1aWxkcy83NWExM2M4ZS01ZTg0LTQ1NTYtOGZiZS0xYjc1MDAyYzc2OWMSZHVzLWNlbnRyYWwxLWRvY2tlci5wa2cuZGV2L2xpbmtpZnl1cmwvZ2NmLWFydGlmYWN0cy9saW5raWZ5dXJsX191cy0tY2VudHJhbDFfX2hlYWx0aF9jaGVjazp2ZXJzaW9uXzEY+6mn1NEIIj9wcm9qZWN0cy9saW5raWZ5dXJsL2xvY2F0aW9ucy91cy1jZW50cmFsMS9mdW5jdGlvbnMvaGVhbHRoQ2hlY2sqCwjn1ZnWBhDo29sCMghub2RlanMyMDp2CiNnY3IuaW8vZ2FlLXJ1bnRpbWVzL25vZGVqczIwOnN0YWJsZRJPdXMtY2VudHJhbDEtZG9ja2VyLnBrZy5kZXYvc2VydmVybGVzcy1ydW50aW1lcy9nb29nbGUtMjItZnVsbC9ydW50aW1lcy9ub2RlanMyMEAB","serviceAccount":"projects/linkifyurl/serviceAccounts/296797983995-compute@developer.gserviceaccount.com","automaticUpdatePolicy":{}},"serviceConfig":{"service":"projects/linkifyurl/locations/us-central1/services/onclick-aggregator","timeoutSeconds":60,"environmentVariables":{"FIREBASE_CONFIG":"{\"projectId\":\"linkifyurl\",\"storageBucket\":\"linkifyurl.firebasestorage.app\"}","GCLOUD_PROJECT":"linkifyurl","EVENTARC_CLOUD_EVENT_SOURCE":"projects/linkifyurl/locations/us-central1/services/onClick_Aggregator","FUNCTION_SIGNATURE_TYPE":"cloudevent","FUNCTION_TARGET":"onClick_Aggregator","LOG_EXECUTION_ID":"true"},"ingressSettings":"ALLOW_ALL","uri":"https://onclick-aggregator-ck2bcwa72a-uc.a.run.app","serviceAccountEmail":"296797983995-compute@developer.gserviceaccount.com","availableMemory":"256Mi","allTrafficOnLatestRevision":true,"revision":"onclick-aggregator-00007-zev","maxInstanceRequestConcurrency":80,"availableCpu":"1"},"eventTrigger":{"trigger":"projects/linkifyurl/locations/nam5/triggers/onclick-aggregator-919171","triggerRegion":"nam5","eventType":"google.cloud.firestore.document.v1.created","eventFilters":[{"attribute":"database","value":"(default)"},{"attribute":"namespace","value":"(default)"},{"attribute":"document","value":"shortUrls/{shortCode}/clicks/{clickId}","operator":"match-path-pattern"}],"pubsubTopic":"projects/linkifyurl/topics/eventarc-nam5-onclick-aggregator-919171-819","serviceAccountEmail":"296797983995-compute@developer.gserviceaccount.com","retryPolicy":"RETRY_POLICY_DO_NOT_RETRY"},"state":"ACTIVE","labels":{"deployment-tool":"cli-firebase","firebase-functions-hash":"c65864b087821c1e69f48427bb4802a658056ea7"},"environment":"GEN_2","url":"https://us-central1-linkifyurl.cloudfunctions.net/onClick_Aggregator","satisfiesPzi":true},"stages":[{"name":"BUILD","message":"Reusing build","state":"COMPLETE","resource":"projects/296797983995/locations/us-central1/builds/75a13c8e-5e84-4556-8fbe-1b75002c769c","stateMessages":[{"severity":"WARNING","type":"BuildAnalysisWarning","message":"Node.js 20 is no longer supported by the Node.js community as of 30 April, 2026. Node.js 20 will be decommissioned on 2026-10-30. As of 2026-10-30 you will no longer be able to deploy your Cloud Functions using nodejs20. We recommend you to upgrade to the latest version of Node.js as soon as possible."}]},{"name":"SERVICE","message":"Updating Cloud Run service","state":"IN_PROGRESS","resource":"projects/linkifyurl/locations/us-central1/services/onclick-aggregator","resourceUri":"https://console.cloud.google.com/run/detail/us-central1/onclick-aggregator?project=linkifyurl","stateMessages":[{"severity":"INFO","type":"CloudRunServiceNewRevisionTrafficInfo","message":"A new revision will be deployed serving with 100% traffic."}]},{"name":"TRIGGER","state":"NOT_STARTED"}],"sourceToken":"Cldwcm9qZWN0cy8yOTY3OTc5ODM5OTUvbG9jYXRpb25zL3VzLWNlbnRyYWwxL2J1aWxkcy83NWExM2M4ZS01ZTg0LTQ1NTYtOGZiZS0xYjc1MDAyYzc2OWMSZHVzLWNlbnRyYWwxLWRvY2tlci5wa2cuZGV2L2xpbmtpZnl1cmwvZ2NmLWFydGlmYWN0cy9saW5raWZ5dXJsX191cy0tY2VudHJhbDFfX2hlYWx0aF9jaGVjazp2ZXJzaW9uXzEY+6mn1NEIIj9wcm9qZWN0cy9saW5raWZ5dXJsL2xvY2F0aW9ucy91cy1jZW50cmFsMS9mdW5jdGlvbnMvaGVhbHRoQ2hlY2sqCwjn1ZnWBhDo29sCMghub2RlanMyMDp2CiNnY3IuaW8vZ2FlLXJ1bnRpbWVzL25vZGVqczIwOnN0YWJsZRJPdXMtY2VudHJhbDEtZG9ja2VyLnBrZy5kZXYvc2VydmVybGVzcy1ydW50aW1lcy9nb29nbGUtMjItZnVsbC9ydW50aW1lcy9ub2RlanMyMEAB","operationType":"UPDATE_FUNCTION","buildName":"projects/296797983995/locations/us-central1/builds/75a13c8e-5e84-4556-8fbe-1b75002c769c"},"done":false}
[debug] [2026-10-07T15:53:36.102Z] Got source token Cldwcm9qZWN0cy8yOTY3OTc5ODM5OTUvbG9jYXRpb25zL3VzLWNlbnRyYWwxL2J1aWxkcy83NWExM2M4ZS01ZTg0LTQ1NTYtOGZiZS0xYjc1MDAyYzc2OWMSZHVzLWNlbnRyYWwxLWRvY2tlci5wa2cuZGV2L2xpbmtpZnl1cmwvZ2NmLWFydGlmYWN0cy9saW5raWZ5dXJsX191cy0tY2VudHJhbDFfX2hlYWx0aF9jaGVjazp2ZXJzaW9uXzEY+6mn1NEIIj9wcm9qZWN0cy9saW5raWZ5dXJsL2xvY2F0aW9ucy91cy1jZW50cmFsMS9mdW5jdGlvbnMvaGVhbHRoQ2hlY2sqCwjn1ZnWBhDo29sCMghub2RlanMyMDp2CiNnY3IuaW8vZ2FlLXJ1bnRpbWVzL25vZGVqczIwOnN0YWJsZRJPdXMtY2VudHJhbDEtZG9ja2VyLnBrZy5kZXYvc2VydmVybGVzcy1ydW50aW1lcy9nb29nbGUtMjItZnVsbC9ydW50aW1lcy9ub2RlanMyMEAB for region us-central1
[debug] [2026-10-07T15:53:36.355Z] [update-default-us-central1-callable_sendShortenedEmail] Retrying task index 0
[debug] [2026-10-07T15:53:36.355Z] Checked if tokens are valid: true, expires at: 1791391707805
[debug] [2026-10-07T15:53:36.355Z] Checked if tokens are valid: true, expires at: 1791391707805
[debug] [2026-10-07T15:53:36.355Z] >>> [apiv2][query] GET https://cloudfunctions.googleapis.com/v2/projects/linkifyurl/locations/us-central1/operations/operation-1791388396937-65d421d0de1aa-27e33cf7-fe91275b [none]
[debug] [2026-10-07T15:53:36.480Z] [update-default-us-central1-healthCheck] Retrying task index 0
[debug] [2026-10-07T15:53:36.481Z] Checked if tokens are valid: true, expires at: 1791391707805
[debug] [2026-10-07T15:53:36.481Z] Checked if tokens are valid: true, expires at: 1791391707805
[debug] [2026-10-07T15:53:36.481Z] >>> [apiv2][query] GET https://cloudfunctions.googleapis.com/v2/projects/linkifyurl/locations/us-central1/operations/operation-1791388241016-65d4213c2b5eb-e5a156fc-79aba313 [none]
[debug] [2026-10-07T15:53:36.683Z] [update-default-us-central1-trigger_onUrlShortened_Confirmation] Retrying task index 0
[debug] [2026-10-07T15:53:36.683Z] Checked if tokens are valid: true, expires at: 1791391707805
[debug] [2026-10-07T15:53:36.683Z] Checked if tokens are valid: true, expires at: 1791391707805
[debug] [2026-10-07T15:53:36.683Z] >>> [apiv2][query] GET https://cloudfunctions.googleapis.com/v2/projects/linkifyurl/locations/us-central1/operations/operation-1791388397303-65d421d137668-6bd487f9-66a48f71 [none]
[debug] [2026-10-07T15:53:37.002Z] [update-default-us-central1-onPlatformEvent_Aggregator] Retrying task index 0
[debug] [2026-10-07T15:53:37.002Z] Checked if tokens are valid: true, expires at: 1791391707805
[debug] [2026-10-07T15:53:37.002Z] Checked if tokens are valid: true, expires at: 1791391707805
[debug] [2026-10-07T15:53:37.002Z] >>> [apiv2][query] GET https://cloudfunctions.googleapis.com/v2/projects/linkifyurl/locations/us-central1/operations/operation-1791388396770-65d421d0b543e-1e6c9f9d-eca263ae [none]
[debug] [2026-10-07T15:53:37.094Z] <<< [apiv2][status] GET https://cloudfunctions.googleapis.com/v2/projects/linkifyurl/locations/us-central1/operations/operation-1791388241016-65d4213c2b5eb-e5a156fc-79aba313 200
[debug] [2026-10-07T15:53:37.094Z] <<< [apiv2][body] GET https://cloudfunctions.googleapis.com/v2/projects/linkifyurl/locations/us-central1/operations/operation-1791388241016-65d4213c2b5eb-e5a156fc-79aba313 {"name":"projects/linkifyurl/locations/us-central1/operations/operation-1791388241016-65d4213c2b5eb-e5a156fc-79aba313","metadata":{"@type":"type.googleapis.com/google.cloud.functions.v2.OperationMetadata","createTime":"2026-10-07T15:50:42.230161497Z","endTime":"2026-10-07T15:53:35.976800689Z","target":"projects/linkifyurl/locations/us-central1/functions/healthCheck","verb":"update","cancelRequested":false,"apiVersion":"v2","requestResource":{"@type":"type.googleapis.com/google.cloud.functions.v2.Function","name":"projects/linkifyurl/locations/us-central1/functions/healthCheck","buildConfig":{"runtime":"nodejs20","entryPoint":"healthCheck","source":{"storageSource":{"bucket":"gcf-v2-sources-296797983995-us-central1","object":"healthCheck/function-source.zip","generation":"1791388242170165"}},"environmentVariables":{"GOOGLE_NODE_RUN_SCRIPTS":""},"dockerRepository":"projects/linkifyurl/locations/us-central1/repositories/gcf-artifacts","sourceProvenance":{"resolvedStorageSource":{"bucket":"gcf-v2-sources-296797983995-us-central1","object":"healthCheck/function-source.zip","generation":"1778495315446897"}},"dockerRegistry":"ARTIFACT_REGISTRY","serviceAccount":"projects/linkifyurl/serviceAccounts/296797983995-compute@developer.gserviceaccount.com","automaticUpdatePolicy":{}},"serviceConfig":{"service":"projects/linkifyurl/locations/us-central1/services/healthcheck","timeoutSeconds":60,"environmentVariables":{"FIREBASE_CONFIG":"{\"projectId\":\"linkifyurl\",\"storageBucket\":\"linkifyurl.firebasestorage.app\"}","GCLOUD_PROJECT":"linkifyurl","EVENTARC_CLOUD_EVENT_SOURCE":"projects/linkifyurl/locations/us-central1/services/healthCheck","FUNCTION_TARGET":"healthCheck","LOG_EXECUTION_ID":"true"},"ingressSettings":"ALLOW_ALL","uri":"https://healthcheck-ck2bcwa72a-uc.a.run.app","serviceAccountEmail":"296797983995-compute@developer.gserviceaccount.com","availableMemory":"256Mi","allTrafficOnLatestRevision":true,"revision":"healthcheck-00007-rax","maxInstanceRequestConcurrency":80,"availableCpu":"1"},"state":"ACTIVE","labels":{"deployment-tool":"cli-firebase","firebase-functions-hash":"c65864b087821c1e69f48427bb4802a658056ea7"},"environment":"GEN_2","url":"https://us-central1-linkifyurl.cloudfunctions.net/healthCheck","satisfiesPzi":true},"stages":[{"name":"BUILD","message":"Build finished","state":"COMPLETE","resource":"projects/296797983995/locations/us-central1/builds/75a13c8e-5e84-4556-8fbe-1b75002c769c","resourceUri":"https://console.cloud.google.com/cloud-build/builds;region=us-central1/75a13c8e-5e84-4556-8fbe-1b75002c769c?project=296797983995","stateMessages":[{"severity":"WARNING","type":"BuildAnalysisWarning","message":"*** Improve build performance by generating and committing package-lock.json."}]},{"name":"SERVICE","message":"Updating Cloud Run service","state":"COMPLETE","resource":"projects/linkifyurl/locations/us-central1/services/healthcheck","resourceUri":"https://console.cloud.google.com/run/detail/us-central1/healthcheck?project=linkifyurl","stateMessages":[{"severity":"INFO","type":"CloudRunServiceNewRevisionTrafficInfo","message":"A new revision will be deployed serving with 100% traffic."}]}],"sourceToken":"Cldwcm9qZWN0cy8yOTY3OTc5ODM5OTUvbG9jYXRpb25zL3VzLWNlbnRyYWwxL2J1aWxkcy83NWExM2M4ZS01ZTg0LTQ1NTYtOGZiZS0xYjc1MDAyYzc2OWMSZHVzLWNlbnRyYWwxLWRvY2tlci5wa2cuZGV2L2xpbmtpZnl1cmwvZ2NmLWFydGlmYWN0cy9saW5raWZ5dXJsX191cy0tY2VudHJhbDFfX2hlYWx0aF9jaGVjazp2ZXJzaW9uXzEY+6mn1NEIIj9wcm9qZWN0cy9saW5raWZ5dXJsL2xvY2F0aW9ucy91cy1jZW50cmFsMS9mdW5jdGlvbnMvaGVhbHRoQ2hlY2sqCwjn1ZnWBhDo29sCMghub2RlanMyMDp2CiNnY3IuaW8vZ2FlLXJ1bnRpbWVzL25vZGVqczIwOnN0YWJsZRJPdXMtY2VudHJhbDEtZG9ja2VyLnBrZy5kZXYvc2VydmVybGVzcy1ydW50aW1lcy9nb29nbGUtMjItZnVsbC9ydW50aW1lcy9ub2RlanMyMEAB","operationType":"UPDATE_FUNCTION","buildName":"projects/296797983995/locations/us-central1/builds/75a13c8e-5e84-4556-8fbe-1b75002c769c"},"done":true,"response":{"@type":"type.googleapis.com/google.cloud.functions.v2.Function","name":"projects/linkifyurl/locations/us-central1/functions/healthCheck","buildConfig":{"build":"projects/296797983995/locations/us-central1/builds/75a13c8e-5e84-4556-8fbe-1b75002c769c","runtime":"nodejs20","entryPoint":"healthCheck","source":{"storageSource":{"bucket":"gcf-v2-sources-296797983995-us-central1","object":"healthCheck/function-source.zip","generation":"1791388242170165"}},"environmentVariables":{"GOOGLE_NODE_RUN_SCRIPTS":""},"dockerRepository":"projects/linkifyurl/locations/us-central1/repositories/gcf-artifacts","sourceProvenance":{"resolvedStorageSource":{"bucket":"gcf-v2-sources-296797983995-us-central1","object":"healthCheck/function-source.zip","generation":"1791388242170165"}},"dockerRegistry":"ARTIFACT_REGISTRY","serviceAccount":"projects/linkifyurl/serviceAccounts/296797983995-compute@developer.gserviceaccount.com","automaticUpdatePolicy":{}},"serviceConfig":{"service":"projects/linkifyurl/locations/us-central1/services/healthcheck","timeoutSeconds":60,"environmentVariables":{"FIREBASE_CONFIG":"{\"projectId\":\"linkifyurl\",\"storageBucket\":\"linkifyurl.firebasestorage.app\"}","GCLOUD_PROJECT":"linkifyurl","EVENTARC_CLOUD_EVENT_SOURCE":"projects/linkifyurl/locations/us-central1/services/healthCheck","FUNCTION_TARGET":"healthCheck","LOG_EXECUTION_ID":"true"},"maxInstanceCount":20,"ingressSettings":"ALLOW_ALL","uri":"https://healthcheck-ck2bcwa72a-uc.a.run.app","serviceAccountEmail":"296797983995-compute@developer.gserviceaccount.com","availableMemory":"256Mi","allTrafficOnLatestRevision":true,"revision":"healthcheck-00008-caw","maxInstanceRequestConcurrency":80,"availableCpu":"1"},"state":"ACTIVE","updateTime":"2026-10-07T15:50:42.232294247Z","labels":{"deployment-tool":"cli-firebase","firebase-functions-hash":"c65864b087821c1e69f48427bb4802a658056ea7"},"environment":"GEN_2","url":"https://us-central1-linkifyurl.cloudfunctions.net/healthCheck","createTime":"2026-05-08T11:12:03.015643944Z","satisfiesPzi":true}}
[debug] [2026-10-07T15:53:37.094Z] Got source token Cldwcm9qZWN0cy8yOTY3OTc5ODM5OTUvbG9jYXRpb25zL3VzLWNlbnRyYWwxL2J1aWxkcy83NWExM2M4ZS01ZTg0LTQ1NTYtOGZiZS0xYjc1MDAyYzc2OWMSZHVzLWNlbnRyYWwxLWRvY2tlci5wa2cuZGV2L2xpbmtpZnl1cmwvZ2NmLWFydGlmYWN0cy9saW5raWZ5dXJsX191cy0tY2VudHJhbDFfX2hlYWx0aF9jaGVjazp2ZXJzaW9uXzEY+6mn1NEIIj9wcm9qZWN0cy9saW5raWZ5dXJsL2xvY2F0aW9ucy91cy1jZW50cmFsMS9mdW5jdGlvbnMvaGVhbHRoQ2hlY2sqCwjn1ZnWBhDo29sCMghub2RlanMyMDp2CiNnY3IuaW8vZ2FlLXJ1bnRpbWVzL25vZGVqczIwOnN0YWJsZRJPdXMtY2VudHJhbDEtZG9ja2VyLnBrZy5kZXYvc2VydmVybGVzcy1ydW50aW1lcy9nb29nbGUtMjItZnVsbC9ydW50aW1lcy9ub2RlanMyMEAB for region us-central1
[info] ✔  functions[healthCheck(us-central1)] Successful update operation. 
[debug] [2026-10-07T15:53:37.265Z] <<< [apiv2][status] GET https://cloudfunctions.googleapis.com/v2/projects/linkifyurl/locations/us-central1/operations/operation-1791388396937-65d421d0de1aa-27e33cf7-fe91275b 200
[debug] [2026-10-07T15:53:37.265Z] <<< [apiv2][body] GET https://cloudfunctions.googleapis.com/v2/projects/linkifyurl/locations/us-central1/operations/operation-1791388396937-65d421d0de1aa-27e33cf7-fe91275b {"name":"projects/linkifyurl/locations/us-central1/operations/operation-1791388396937-65d421d0de1aa-27e33cf7-fe91275b","metadata":{"@type":"type.googleapis.com/google.cloud.functions.v2.OperationMetadata","createTime":"2026-10-07T15:53:17.813490665Z","target":"projects/linkifyurl/locations/us-central1/functions/callable_sendShortenedEmail","verb":"update","cancelRequested":false,"apiVersion":"v2","requestResource":{"@type":"type.googleapis.com/google.cloud.functions.v2.Function","name":"projects/linkifyurl/locations/us-central1/functions/callable_sendShortenedEmail","buildConfig":{"runtime":"nodejs20","entryPoint":"callable_sendShortenedEmail","source":{"storageSource":{"bucket":"gcf-v2-sources-296797983995-us-central1","object":"callable_sendShortenedEmail/function-source.zip","generation":"1791388397758775"}},"environmentVariables":{"GOOGLE_NODE_RUN_SCRIPTS":""},"dockerRepository":"projects/linkifyurl/locations/us-central1/repositories/gcf-artifacts","sourceProvenance":{"resolvedStorageSource":{"bucket":"gcf-v2-sources-296797983995-us-central1","object":"callable_sendShortenedEmail/function-source.zip","generation":"1778495414195727"}},"dockerRegistry":"ARTIFACT_REGISTRY","sourceToken":"Cldwcm9qZWN0cy8yOTY3OTc5ODM5OTUvbG9jYXRpb25zL3VzLWNlbnRyYWwxL2J1aWxkcy83NWExM2M4ZS01ZTg0LTQ1NTYtOGZiZS0xYjc1MDAyYzc2OWMSZHVzLWNlbnRyYWwxLWRvY2tlci5wa2cuZGV2L2xpbmtpZnl1cmwvZ2NmLWFydGlmYWN0cy9saW5raWZ5dXJsX191cy0tY2VudHJhbDFfX2hlYWx0aF9jaGVjazp2ZXJzaW9uXzEY+6mn1NEIIj9wcm9qZWN0cy9saW5raWZ5dXJsL2xvY2F0aW9ucy91cy1jZW50cmFsMS9mdW5jdGlvbnMvaGVhbHRoQ2hlY2sqCwjn1ZnWBhDo29sCMghub2RlanMyMDp2CiNnY3IuaW8vZ2FlLXJ1bnRpbWVzL25vZGVqczIwOnN0YWJsZRJPdXMtY2VudHJhbDEtZG9ja2VyLnBrZy5kZXYvc2VydmVybGVzcy1ydW50aW1lcy9nb29nbGUtMjItZnVsbC9ydW50aW1lcy9ub2RlanMyMEAB","serviceAccount":"projects/linkifyurl/serviceAccounts/296797983995-compute@developer.gserviceaccount.com","automaticUpdatePolicy":{}},"serviceConfig":{"service":"projects/linkifyurl/locations/us-central1/services/callable-sendshortenedemail","timeoutSeconds":60,"environmentVariables":{"FIREBASE_CONFIG":"{\"projectId\":\"linkifyurl\",\"storageBucket\":\"linkifyurl.firebasestorage.app\"}","GCLOUD_PROJECT":"linkifyurl","EVENTARC_CLOUD_EVENT_SOURCE":"projects/linkifyurl/locations/us-central1/services/callable_sendShortenedEmail","FUNCTION_TARGET":"callable_sendShortenedEmail","LOG_EXECUTION_ID":"true","FUNCTION_SIGNATURE_TYPE":"http"},"ingressSettings":"ALLOW_ALL","uri":"https://callable-sendshortenedemail-ck2bcwa72a-uc.a.run.app","serviceAccountEmail":"296797983995-compute@developer.gserviceaccount.com","availableMemory":"256Mi","allTrafficOnLatestRevision":true,"secretEnvironmentVariables":[{"key":"gmailUser","projectId":"linkifyurl","secret":"gmailUser","version":"1"},{"key":"gmailPass","projectId":"linkifyurl","secret":"gmailPass","version":"1"}],"revision":"callable-sendshortenedemail-00007-nuh","maxInstanceRequestConcurrency":80,"availableCpu":"1"},"state":"ACTIVE","labels":{"deployment-tool":"cli-firebase","deployment-callable":"true","firebase-functions-hash":"7871e1ab9823eae01c37484398d5895a889267f5"},"environment":"GEN_2","url":"https://us-central1-linkifyurl.cloudfunctions.net/callable_sendShortenedEmail","satisfiesPzi":true},"stages":[{"name":"BUILD","message":"Reusing build","state":"COMPLETE","resource":"projects/296797983995/locations/us-central1/builds/75a13c8e-5e84-4556-8fbe-1b75002c769c","stateMessages":[{"severity":"WARNING","type":"BuildAnalysisWarning","message":"Node.js 20 is no longer supported by the Node.js community as of 30 April, 2026. Node.js 20 will be decommissioned on 2026-10-30. As of 2026-10-30 you will no longer be able to deploy your Cloud Functions using nodejs20. We recommend you to upgrade to the latest version of Node.js as soon as possible."}]},{"name":"SERVICE","message":"Updating Cloud Run service","state":"IN_PROGRESS","resource":"projects/linkifyurl/locations/us-central1/services/callable-sendshortenedemail","resourceUri":"https://console.cloud.google.com/run/detail/us-central1/callable-sendshortenedemail?project=linkifyurl","stateMessages":[{"severity":"INFO","type":"CloudRunServiceNewRevisionTrafficInfo","message":"A new revision will be deployed serving with 100% traffic."}]}],"sourceToken":"Cldwcm9qZWN0cy8yOTY3OTc5ODM5OTUvbG9jYXRpb25zL3VzLWNlbnRyYWwxL2J1aWxkcy83NWExM2M4ZS01ZTg0LTQ1NTYtOGZiZS0xYjc1MDAyYzc2OWMSZHVzLWNlbnRyYWwxLWRvY2tlci5wa2cuZGV2L2xpbmtpZnl1cmwvZ2NmLWFydGlmYWN0cy9saW5raWZ5dXJsX191cy0tY2VudHJhbDFfX2hlYWx0aF9jaGVjazp2ZXJzaW9uXzEY+6mn1NEIIj9wcm9qZWN0cy9saW5raWZ5dXJsL2xvY2F0aW9ucy91cy1jZW50cmFsMS9mdW5jdGlvbnMvaGVhbHRoQ2hlY2sqCwjn1ZnWBhDo29sCMghub2RlanMyMDp2CiNnY3IuaW8vZ2FlLXJ1bnRpbWVzL25vZGVqczIwOnN0YWJsZRJPdXMtY2VudHJhbDEtZG9ja2VyLnBrZy5kZXYvc2VydmVybGVzcy1ydW50aW1lcy9nb29nbGUtMjItZnVsbC9ydW50aW1lcy9ub2RlanMyMEAB","operationType":"UPDATE_FUNCTION","buildName":"projects/296797983995/locations/us-central1/builds/75a13c8e-5e84-4556-8fbe-1b75002c769c"},"done":false}
[debug] [2026-10-07T15:53:37.265Z] Got source token Cldwcm9qZWN0cy8yOTY3OTc5ODM5OTUvbG9jYXRpb25zL3VzLWNlbnRyYWwxL2J1aWxkcy83NWExM2M4ZS01ZTg0LTQ1NTYtOGZiZS0xYjc1MDAyYzc2OWMSZHVzLWNlbnRyYWwxLWRvY2tlci5wa2cuZGV2L2xpbmtpZnl1cmwvZ2NmLWFydGlmYWN0cy9saW5raWZ5dXJsX191cy0tY2VudHJhbDFfX2hlYWx0aF9jaGVjazp2ZXJzaW9uXzEY+6mn1NEIIj9wcm9qZWN0cy9saW5raWZ5dXJsL2xvY2F0aW9ucy91cy1jZW50cmFsMS9mdW5jdGlvbnMvaGVhbHRoQ2hlY2sqCwjn1ZnWBhDo29sCMghub2RlanMyMDp2CiNnY3IuaW8vZ2FlLXJ1bnRpbWVzL25vZGVqczIwOnN0YWJsZRJPdXMtY2VudHJhbDEtZG9ja2VyLnBrZy5kZXYvc2VydmVybGVzcy1ydW50aW1lcy9nb29nbGUtMjItZnVsbC9ydW50aW1lcy9ub2RlanMyMEAB for region us-central1
[debug] [2026-10-07T15:53:37.651Z] [update-default-us-central1-callable_sendWelcomeEmail] Retrying task index 0
[debug] [2026-10-07T15:53:37.651Z] Checked if tokens are valid: true, expires at: 1791391707805
[debug] [2026-10-07T15:53:37.651Z] Checked if tokens are valid: true, expires at: 1791391707805
[debug] [2026-10-07T15:53:37.651Z] >>> [apiv2][query] GET https://cloudfunctions.googleapis.com/v2/projects/linkifyurl/locations/us-central1/operations/operation-1791388397329-65d421d13dd00-40242c60-8984130d [none]
[debug] [2026-10-07T15:53:37.658Z] <<< [apiv2][status] GET https://cloudfunctions.googleapis.com/v2/projects/linkifyurl/locations/us-central1/operations/operation-1791388396770-65d421d0b543e-1e6c9f9d-eca263ae 200
[debug] [2026-10-07T15:53:37.658Z] <<< [apiv2][body] GET https://cloudfunctions.googleapis.com/v2/projects/linkifyurl/locations/us-central1/operations/operation-1791388396770-65d421d0b543e-1e6c9f9d-eca263ae {"name":"projects/linkifyurl/locations/us-central1/operations/operation-1791388396770-65d421d0b543e-1e6c9f9d-eca263ae","metadata":{"@type":"type.googleapis.com/google.cloud.functions.v2.OperationMetadata","createTime":"2026-10-07T15:53:17.688652443Z","target":"projects/linkifyurl/locations/us-central1/functions/onPlatformEvent_Aggregator","verb":"update","cancelRequested":false,"apiVersion":"v2","requestResource":{"@type":"type.googleapis.com/google.cloud.functions.v2.Function","name":"projects/linkifyurl/locations/us-central1/functions/onPlatformEvent_Aggregator","buildConfig":{"runtime":"nodejs20","entryPoint":"onPlatformEvent_Aggregator","source":{"storageSource":{"bucket":"gcf-v2-sources-296797983995-us-central1","object":"onPlatformEvent_Aggregator/function-source.zip","generation":"1791388397640489"}},"environmentVariables":{"GOOGLE_NODE_RUN_SCRIPTS":""},"dockerRepository":"projects/linkifyurl/locations/us-central1/repositories/gcf-artifacts","sourceProvenance":{"resolvedStorageSource":{"bucket":"gcf-v2-sources-296797983995-us-central1","object":"onPlatformEvent_Aggregator/function-source.zip","generation":"1778495414557412"}},"dockerRegistry":"ARTIFACT_REGISTRY","sourceToken":"Cldwcm9qZWN0cy8yOTY3OTc5ODM5OTUvbG9jYXRpb25zL3VzLWNlbnRyYWwxL2J1aWxkcy83NWExM2M4ZS01ZTg0LTQ1NTYtOGZiZS0xYjc1MDAyYzc2OWMSZHVzLWNlbnRyYWwxLWRvY2tlci5wa2cuZGV2L2xpbmtpZnl1cmwvZ2NmLWFydGlmYWN0cy9saW5raWZ5dXJsX191cy0tY2VudHJhbDFfX2hlYWx0aF9jaGVjazp2ZXJzaW9uXzEY+6mn1NEIIj9wcm9qZWN0cy9saW5raWZ5dXJsL2xvY2F0aW9ucy91cy1jZW50cmFsMS9mdW5jdGlvbnMvaGVhbHRoQ2hlY2sqCwjn1ZnWBhDo29sCMghub2RlanMyMDp2CiNnY3IuaW8vZ2FlLXJ1bnRpbWVzL25vZGVqczIwOnN0YWJsZRJPdXMtY2VudHJhbDEtZG9ja2VyLnBrZy5kZXYvc2VydmVybGVzcy1ydW50aW1lcy9nb29nbGUtMjItZnVsbC9ydW50aW1lcy9ub2RlanMyMEAB","serviceAccount":"projects/linkifyurl/serviceAccounts/296797983995-compute@developer.gserviceaccount.com","automaticUpdatePolicy":{}},"serviceConfig":{"service":"projects/linkifyurl/locations/us-central1/services/onplatformevent-aggregator","timeoutSeconds":60,"environmentVariables":{"FIREBASE_CONFIG":"{\"projectId\":\"linkifyurl\",\"storageBucket\":\"linkifyurl.firebasestorage.app\"}","GCLOUD_PROJECT":"linkifyurl","EVENTARC_CLOUD_EVENT_SOURCE":"projects/linkifyurl/locations/us-central1/services/onPlatformEvent_Aggregator","FUNCTION_SIGNATURE_TYPE":"cloudevent","FUNCTION_TARGET":"onPlatformEvent_Aggregator","LOG_EXECUTION_ID":"true"},"ingressSettings":"ALLOW_ALL","uri":"https://onplatformevent-aggregator-ck2bcwa72a-uc.a.run.app","serviceAccountEmail":"296797983995-compute@developer.gserviceaccount.com","availableMemory":"256Mi","allTrafficOnLatestRevision":true,"revision":"onplatformevent-aggregator-00011-yew","maxInstanceRequestConcurrency":80,"availableCpu":"1"},"eventTrigger":{"trigger":"projects/linkifyurl/locations/nam5/triggers/onplatformevent-aggregator-368816","triggerRegion":"nam5","eventType":"google.cloud.firestore.document.v1.created","eventFilters":[{"attribute":"database","value":"(default)"},{"attribute":"namespace","value":"(default)"},{"attribute":"document","value":"platformEvents/{eventId}","operator":"match-path-pattern"}],"pubsubTopic":"projects/linkifyurl/topics/eventarc-nam5-onplatformevent-aggregator-368816-724","serviceAccountEmail":"296797983995-compute@developer.gserviceaccount.com","retryPolicy":"RETRY_POLICY_DO_NOT_RETRY"},"state":"ACTIVE","labels":{"deployment-tool":"cli-firebase","firebase-functions-hash":"c65864b087821c1e69f48427bb4802a658056ea7"},"environment":"GEN_2","url":"https://us-central1-linkifyurl.cloudfunctions.net/onPlatformEvent_Aggregator","satisfiesPzi":true},"stages":[{"name":"BUILD","message":"Reusing build","state":"COMPLETE","resource":"projects/296797983995/locations/us-central1/builds/75a13c8e-5e84-4556-8fbe-1b75002c769c","stateMessages":[{"severity":"WARNING","type":"BuildAnalysisWarning","message":"Node.js 20 is no longer supported by the Node.js community as of 30 April, 2026. Node.js 20 will be decommissioned on 2026-10-30. As of 2026-10-30 you will no longer be able to deploy your Cloud Functions using nodejs20. We recommend you to upgrade to the latest version of Node.js as soon as possible."}]},{"name":"SERVICE","message":"Updating Cloud Run service","state":"IN_PROGRESS","resource":"projects/linkifyurl/locations/us-central1/services/onplatformevent-aggregator","resourceUri":"https://console.cloud.google.com/run/detail/us-central1/onplatformevent-aggregator?project=linkifyurl","stateMessages":[{"severity":"INFO","type":"CloudRunServiceNewRevisionTrafficInfo","message":"A new revision will be deployed serving with 100% traffic."}]},{"name":"TRIGGER","state":"NOT_STARTED"}],"sourceToken":"Cldwcm9qZWN0cy8yOTY3OTc5ODM5OTUvbG9jYXRpb25zL3VzLWNlbnRyYWwxL2J1aWxkcy83NWExM2M4ZS01ZTg0LTQ1NTYtOGZiZS0xYjc1MDAyYzc2OWMSZHVzLWNlbnRyYWwxLWRvY2tlci5wa2cuZGV2L2xpbmtpZnl1cmwvZ2NmLWFydGlmYWN0cy9saW5raWZ5dXJsX191cy0tY2VudHJhbDFfX2hlYWx0aF9jaGVjazp2ZXJzaW9uXzEY+6mn1NEIIj9wcm9qZWN0cy9saW5raWZ5dXJsL2xvY2F0aW9ucy91cy1jZW50cmFsMS9mdW5jdGlvbnMvaGVhbHRoQ2hlY2sqCwjn1ZnWBhDo29sCMghub2RlanMyMDp2CiNnY3IuaW8vZ2FlLXJ1bnRpbWVzL25vZGVqczIwOnN0YWJsZRJPdXMtY2VudHJhbDEtZG9ja2VyLnBrZy5kZXYvc2VydmVybGVzcy1ydW50aW1lcy9nb29nbGUtMjItZnVsbC9ydW50aW1lcy9ub2RlanMyMEAB","operationType":"UPDATE_FUNCTION","buildName":"projects/296797983995/locations/us-central1/builds/75a13c8e-5e84-4556-8fbe-1b75002c769c"},"done":false}
[debug] [2026-10-07T15:53:37.659Z] Got source token Cldwcm9qZWN0cy8yOTY3OTc5ODM5OTUvbG9jYXRpb25zL3VzLWNlbnRyYWwxL2J1aWxkcy83NWExM2M4ZS01ZTg0LTQ1NTYtOGZiZS0xYjc1MDAyYzc2OWMSZHVzLWNlbnRyYWwxLWRvY2tlci5wa2cuZGV2L2xpbmtpZnl1cmwvZ2NmLWFydGlmYWN0cy9saW5raWZ5dXJsX191cy0tY2VudHJhbDFfX2hlYWx0aF9jaGVjazp2ZXJzaW9uXzEY+6mn1NEIIj9wcm9qZWN0cy9saW5raWZ5dXJsL2xvY2F0aW9ucy91cy1jZW50cmFsMS9mdW5jdGlvbnMvaGVhbHRoQ2hlY2sqCwjn1ZnWBhDo29sCMghub2RlanMyMDp2CiNnY3IuaW8vZ2FlLXJ1bnRpbWVzL25vZGVqczIwOnN0YWJsZRJPdXMtY2VudHJhbDEtZG9ja2VyLnBrZy5kZXYvc2VydmVybGVzcy1ydW50aW1lcy9nb29nbGUtMjItZnVsbC9ydW50aW1lcy9ub2RlanMyMEAB for region us-central1
